Ticket Number,Ticket_DateTime,Ticket_Date,Resource,Branch,ASM_Name,DC,Distributor_Code,Distributor_Name,Description,Module_Name,Current_Status,Closed_By,Closed_Date,HIT_MISS,Source_Status,CD_Type,Transporter,Ticket_Year,Ticket_Month_No,Ticket_Month,Ticket_Year_Month,Ticket_Quarter,Ticket_Count,Open_Closed_Group,Remarks_Updated,Issue_Category,Responsible_Area,Issue_Tags,Invoice_No_Extracted,LR_No,Vehicle_No_Extracted,Product_Code_Extracted,SKU_Name_Extracted,Batch_Code_Extracted,MRP_Extracted,Quantity_Extracted,Is_Transit,Is_Shortage,Is_Damage,Is_Excess,Is_MRP_Mismatch,Is_Wrong_SKU,Is_Batch_Issue,Is_Expiry,Is_Promo,Is_Quality,Is_Duplicate_Non_OTR,Age_Days,Status_Group,Age_Bucket
4776511-20260706-150012,2026-06-07 15:00:00,2026-06-07,,South Branch,L5 IN Tamil Nadu 1,B744,4776511.0,Visalakshi Corporation,"Transit shortage -Invoices No-959188673, Invoices date-03/07/26, L.R No-047454,LorryNo-TN59CR2255,",BI-Stock Shortages,Pending,,,,Pending,,,2026.0,7.0,Jul,2026-07,Q3,1.0,Open / Pending,Other Problem | Transit Shortage | Shortage during transportation | Owner: Transporter/Logistics,Transit Shortage,Transporter/Logistics,Stock Shortage; Transit,,,,,,61720452BA,15,2 CASE,1.0,1.0,0.0,0.0,0.0,0.0,0.0,0.0,0.0,0.0,0.0,23,Pending,>15 Days
4776511-20260706-151051,2026-06-07 15:10:00,2026-06-07,,South Branch,L5 IN Tamil Nadu 1,B744,4776511.0,Visalakshi Corporation,"Transit shortage -Invoices No-959188673, Invoices date-03/07/26, L.R No-047454,LorryNo-TN59CR2255,",BI-Stock Shortages,Pending,,,,Pending,,,2026.0,7.0,Jul,2026-07,Q3,1.0,Open / Pending,Other Problem | Transit Shortage | Shortage during transportation | Owner: Transporter/Logistics,Transit Shortage,Transporter/Logistics,Stock Shortage; Transit,,,,,,61720452BA,15,2 CASE,1.0,1.0,0.0,0.0,0.0,0.0,0.0,0.0,0.0,0.0,0.0,23,Pending,>15 Days
5533884-20260706-180000,2026-06-07 18:00:00,2026-06-07,,South Branch,L5 IN Hyderabad 1,2032,5533884.0,Shri Hanuman Agencies,product code 12602667,BI-Stock Shortages,Pending,,,,Pending,,,2026.0,7.0,Jul,2026-07,Q3,1.0,Open / Pending,Warehouse Problem | Stock Shortage | Short or not-received quantity | Owner: Warehouse/DC,Stock Shortage,Warehouse/DC,Stock Shortage,1099858253,,,12602667,,51110452CB,699,1 CASE,0.0,1.0,0.0,0.0,0.0,0.0,0.0,0.0,0.0,0.0,0.0,23,Pending,>15 Days
5881290-20260706-134345,2026-06-07 13:43:00,2026-06-07,,South Branch,L5 IN Andhrapradesh 4,D915,5881290.0,Lakshmi Enterprises,inv no: 1366101117,BI-Damages,Pending,,,,Pending,,,2026.0,7.0,Jul,2026-07,Q3,1.0,Open / Pending,Warehouse Problem | MRP / Price Mismatch | Billed versus received MRP mismatch | Owner: Warehouse/DC,MRP / Price Mismatch,Warehouse/DC,Damage; MRP Mismatch,1366101117,,,,,,450,,0.0,0.0,1.0,0.0,1.0,0.0,0.0,0.0,0.0,0.0,0.0,23,Pending,>15 Days
5881290-20260706-164611,2026-06-07 16:46:00,2026-06-07,,South Branch,L5 IN Andhrapradesh 4,D915,5881290.0,Lakshmi Enterprises,INV NO: 1366101134,BI-Damages,Pending,,,,Pending,,,2026.0,7.0,Jul,2026-07,Q3,1.0,Open / Pending,Warehouse Problem | MRP / Price Mismatch | Billed versus received MRP mismatch | Owner: Warehouse/DC,MRP / Price Mismatch,Warehouse/DC,Damage; MRP Mismatch; Return,1366101134,,,,,,108,,0.0,0.0,1.0,0.0,1.0,0.0,0.0,0.0,0.0,0.0,0.0,23,Pending,>15 Days
5987453-20260706-121040,2026-06-07 12:10:00,2026-06-07,,South Branch,L5 IN Tamil Nadu 3,B744,5987453.0,Sri Murugan Agencies,WE HAVE RECEIVED 1 CASE EXPIRY STOCK IN BELOW MENTIONED PRODUCT :,BI-Expiry / Bad Goods,Pending,,,,Pending,,,2026.0,7.0,Jul,2026-07,Q3,1.0,Open / Pending,Warehouse Problem | Expiry / Short Expiry | Expired or insufficient shelf-life stock | Owner: Warehouse/DC,Expiry / Short Expiry,Warehouse/DC,Expiry,959188417,,,,NESTLE SLIM Skmd Milk TBrik 12x1L N5 IN,60351530EA,97,1 CASE; 60351530 EA,0.0,0.0,0.0,0.0,0.0,0.0,0.0,1.0,0.0,0.0,0.0,23,Pending,>15 Days
600991-20260706-103647,2026-06-07 10:36:00,2026-06-07,,South Branch,L5 IN Tamil Nadu 3,B744,600991.0,Annapoorni Agencies,WE RECEIVED STOCK TODAY INV NO: 959188823 DATE:,BI-Damages,Pending,,,,Pending,,,2026.0,7.0,Jul,2026-07,Q3,1.0,Open / Pending,Warehouse Problem | Product Damage | Damaged stock at receipt | Owner: Warehouse/DC,Product Damage,Warehouse/DC,Damage,959188823,,,,,,,30 CASES,0.0,0.0,1.0,0.0,0.0,0.0,0.0,0.0,0.0,0.0,0.0,23,Pending,>15 Days
601780-20260706-130500,2026-06-07 13:05:00,2026-06-07,,South Branch,L5 IN Hyderabad 1,2032,601780.0,Vijeta Enterprises,"INV NO:1099858133, DATE-04-07-26",BI-Stock Shortages,Pending,,,,Pending,,,2026.0,7.0,Jul,2026-07,Q3,1.0,Open / Pending,Warehouse Problem | Stock Shortage | Short or not-received quantity | Owner: Warehouse/DC,Stock Shortage,Warehouse/DC,Stock Shortage,1099858133,,,,NAN PRO3 FU Form BIB24x400g,,,1 CS,0.0,1.0,0.0,0.0,0.0,0.0,0.0,0.0,0.0,0.0,0.0,23,Pending,>15 Days
601780-20260706-131634,2026-06-07 13:16:00,2026-06-07,,South Branch,L5 IN Hyderabad 1,2032,601780.0,Vijeta Enterprises,"INV NO: 1099858180, DATE-04-07-26",BI-Stock Shortages,Pending,,,,Pending,,,2026.0,7.0,Jul,2026-07,Q3,1.0,Open / Pending,Warehouse Problem | Stock Shortage | Short or not-received quantity | Owner: Warehouse/DC,Stock Shortage,Warehouse/DC,Stock Shortage,1099858180; 1099858181,,,,"NESCAFE Iced Cappuccino 60x170m, MRP-50/-; MAGGI HOT & SWEET 24x500g, MRP-130/-",,50; 130,1 CS; 57 CS; 1 EA,0.0,1.0,0.0,0.0,0.0,0.0,0.0,0.0,0.0,0.0,0.0,23,Pending,>15 Days
601780-20260706-133140,2026-06-07 13:31:00,2026-06-07,,South Branch,L5 IN Hyderabad 1,2032,601780.0,Vijeta Enterprises,"INV NO: 1099858195 , DATE: 04-07-26",BI-Stock Shortages,Pending,,,,Pending,,,2026.0,7.0,Jul,2026-07,Q3,1.0,Open / Pending,Warehouse Problem | Stock Shortage | Short or not-received quantity | Owner: Warehouse/DC,Stock Shortage,Warehouse/DC,Stock Shortage,1099858195,,,,"MUNCH King Size 24(24x17.4g),MRP-10/-",,10,25 CS; 22 CS; 3 CS,0.0,1.0,0.0,0.0,0.0,0.0,0.0,0.0,0.0,0.0,0.0,23,Pending,>15 Days
6248455-20260706-193541,2026-06-07 19:35:00,2026-06-07,,South Branch,L5 IN Karnataka 2,B929,6248455.0,Sasnur Traders,1 pcs Cerelac Rice Veg MRP 250 damaged during transit and cover cut open,BI-Damages,Pending,,,,Pending,,,2026.0,7.0,Jul,2026-07,Q3,1.0,Open / Pending,Other Problem | Transit Damage | Damage during transportation | Owner: Transporter/Logistics,Transit Damage,Transporter/Logistics,Damage; Transit,,,,,,,250,1 PCS,1.0,0.0,1.0,0.0,0.0,0.0,0.0,0.0,0.0,0.0,0.0,23,Pending,>15 Days
6659937-20260706-102442,2026-06-07 10:24:00,2026-06-07,,South Branch,L5 IN Hyderabad 1,2032,6659937.0,Sri Laxmi Narasimha Agencies,MUNCH CEREAL 216X208G PR SPE MARIO,BI-Stock Shortages,Pending,,,,Pending,,,2026.0,7.0,Jul,2026-07,Q3,1.0,Open / Pending,Warehouse Problem | Stock Shortage | Short or not-received quantity | Owner: Warehouse/DC,Stock Shortage,Warehouse/DC,Stock Shortage,1099858241,6533,,14516478,,6156T246CA,,,0.0,1.0,0.0,0.0,0.0,0.0,0.0,0.0,0.0,0.0,0.0,23,Pending,>15 Days
6975857-20260706-131532,2026-06-07 13:15:00,2026-06-07,,South Branch,L5 IN Hyderabad 2,2032,6975857.0,Sri Raghavendra Foods,for the INV. NO. : 1366101058 DT 02/07/2026,BI-Stock Shortages,Pending,,,,Pending,,,2026.0,7.0,Jul,2026-07,Q3,1.0,Open / Pending,Warehouse Problem | Wrong SKU / Product | Wrong or interchanged material supplied | Owner: Warehouse/DC,Wrong SKU / Product,Warehouse/DC,Wrong SKU,,,,,,,280; 299,1 CS,0.0,0.0,0.0,0.0,0.0,1.0,0.0,0.0,0.0,0.0,0.0,23,Pending,>15 Days
7083698-20260706-175745,2026-06-07 17:57:00,2026-06-07,,South Branch,L5 IN Bangalore City 2,B929,7083698.0,Intelligent Retail Private Limited,"We have received ""12608578"" - 'MAGGI 2-MINN Masala 16x420g NR IN', MRP-90, 1 cases shortage for Invoice# 938437525 dated 03/07/2026",BI-Stock Shortages,Pending,,,,Pending,,,2026.0,7.0,Jul,2026-07,Q3,1.0,Open / Pending,Warehouse Problem | Stock Shortage | Short or not-received quantity | Owner: Warehouse/DC,Stock Shortage,Warehouse/DC,Stock Shortage,938437525,,,,,,90,1 CASES,0.0,1.0,0.0,0.0,0.0,0.0,0.0,0.0,0.0,0.0,0.0,23,Pending,>15 Days
7291479-20260706-131533,2026-06-07 13:15:00,2026-06-07,,South Branch,L5 IN Hyderabad 2,0,7291479.0,Pay One Retail Private Limited,"We Ordered CERELAC STG1 Wheat Apple 24*360g WS Rs.280/- MRP 1case ., instead we received Wheat App Crt Rs.260/- MRP 1case.",BI-Batch Related Issues,Pending,,,,Not DC Related-Order Entry Error,,,2026.0,7.0,Jul,2026-07,Q3,1.0,Open / Pending,Warehouse Problem | MRP / Price Mismatch | Billed versus received MRP mismatch | Owner: Warehouse/DC,MRP / Price Mismatch,Warehouse/DC,MRP Mismatch,1099858249,128349,TS08UJ6197,14033759,CERELAC STG1 Wheat Apple 24*360g WS IN,61680453A7,1; 280,1 CASE,0.0,0.0,0.0,0.0,1.0,0.0,0.0,0.0,0.0,0.0,0.0,23,Pending,>15 Days
7366995-20260706-175819,2026-06-07 17:58:00,2026-06-07,,South Branch,L5 IN Hyderabad 2,2032,7366995.0,Intelligent Retail Private Limited,INVOICE NUMBER : 1099858256,BI-Stock Shortages,Pending,,,,Pending,,,2026.0,7.0,Jul,2026-07,Q3,1.0,Open / Pending,Warehouse Problem | Stock Shortage | Short or not-received quantity | Owner: Warehouse/DC,Stock Shortage,Warehouse/DC,Stock Shortage,1099858256,,,12517666,,61490453T1,790,2 CASE,0.0,1.0,0.0,0.0,0.0,0.0,0.0,0.0,0.0,0.0,0.0,23,Pending,>15 Days
7366995-20260706-175935,2026-06-07 17:59:00,2026-06-07,,South Branch,L5 IN Hyderabad 2,2032,7366995.0,Intelligent Retail Private Limited,INVOICE NUMBER : 1099858256,BI-Stock Shortages,Pending,,,,Pending,,,2026.0,7.0,Jul,2026-07,Q3,1.0,Open / Pending,Warehouse Problem | Stock Shortage | Short or not-received quantity | Owner: Warehouse/DC,Stock Shortage,Warehouse/DC,Stock Shortage,1099858256,,,14397430,,61540451DB,245,2 CASE,0.0,1.0,0.0,0.0,0.0,0.0,0.0,0.0,0.0,0.0,0.0,23,Pending,>15 Days
7366995-20260706-180013,2026-06-07 18:00:00,2026-06-07,,South Branch,L5 IN Hyderabad 2,2032,7366995.0,Intelligent Retail Private Limited,INVOICE NUMBER : 1099858256,BI-Stock Shortages,Pending,,,,Pending,,,2026.0,7.0,Jul,2026-07,Q3,1.0,Open / Pending,Warehouse Problem | Stock Shortage | Short or not-received quantity | Owner: Warehouse/DC,Stock Shortage,Warehouse/DC,Stock Shortage,1099858256,,,12607948,,61550453A2,290,2 CASE,0.0,1.0,0.0,0.0,0.0,0.0,0.0,0.0,0.0,0.0,0.0,23,Pending,>15 Days
7402251-20260706-113450,2026-06-07 11:34:00,2026-06-07,,South Branch,L5 IN Bangalore City 2,B929,7402251.0,Intelligent Retail Private Limited,938437450-,BI-Stock Shortages,Pending,,,,Pending,,,2026.0,7.0,Jul,2026-07,Q3,1.0,Open / Pending,Warehouse Problem | MRP / Price Mismatch | Billed versus received MRP mismatch | Owner: Warehouse/DC,MRP / Price Mismatch,Warehouse/DC,Damage; MRP Mismatch; Return,,,,,,,149; 295,1 CASE,0.0,0.0,1.0,0.0,1.0,0.0,0.0,0.0,0.0,0.0,0.0,23,Pending,>15 Days
7423491-20260706-211201,2026-06-07 21:12:00,2026-06-07,,South Branch,L5 IN Karnataka 1,B929,7423491.0,Anand Traders,TRANSIST DAMAGE,BI-Damages,Pending,,,,Pending,,,2026.0,7.0,Jul,2026-07,Q3,1.0,Open / Pending,Warehouse Problem | Product Damage | Damaged stock at receipt | Owner: Warehouse/DC,Product Damage,Warehouse/DC,Damage,,,,13417009,,,,3 CS; 3 PCS,0.0,0.0,1.0,0.0,0.0,0.0,0.0,0.0,0.0,0.0,0.0,23,Pending,>15 Days
7283707-20260705-181148,2026-05-07 18:11:00,2026-05-07,,South Branch,L5 IN Karnataka 3,B929,7283707.0,Sri Maruthi Enterprises,MAGGI CUPPA MASALA 48*70.5,BI-Stock Shortages,Pending,,,,Pending,,,2026.0,7.0,Jul,2026-07,Q3,1.0,Open / Pending,Warehouse Problem | Stock Shortage | Short or not-received quantity | Owner: Warehouse/DC,Stock Shortage,Warehouse/DC,Stock Shortage,938437276,,,,,,,,0.0,1.0,0.0,0.0,0.0,0.0,0.0,0.0,0.0,0.0,0.0,54,Pending,>15 Days
5272377-20260704-193557,2026-04-07 19:35:00,2026-04-07,,South Branch,L5 IN Andhrapradesh 3,D915,5272377.0,Sri Venkata Sai Sharan Agencies,FROM THIS INVOICE NUMBER 1366100805 MAGGI 2-MINN Masala 16x420g NR 90/-rupees 9 cases are shortage.,BI-Stock Shortages,Pending,,,,Pending,,,2026.0,7.0,Jul,2026-07,Q3,1.0,Open / Pending,Warehouse Problem | Stock Shortage | Short or not-received quantity | Owner: Warehouse/DC,Stock Shortage,Warehouse/DC,Stock Shortage,1366100805,,,,,,,9 CASES,0.0,1.0,0.0,0.0,0.0,0.0,0.0,0.0,0.0,0.0,0.0,84,Pending,>15 Days
5533884-20260704-190139,2026-04-07 19:01:00,2026-04-07,,South Branch,L5 IN Hyderabad 1,2032,5533884.0,Shri Hanuman Agencies,product code 12606782,BI-Stock Shortages,Pending,,,,Pending,,,2026.0,7.0,Jul,2026-07,Q3,1.0,Open / Pending,Warehouse Problem | Stock Shortage | Short or not-received quantity | Owner: Warehouse/DC,Stock Shortage,Warehouse/DC,Stock Shortage,1099858070,,,12606782,,61390452DB,870,1 CASE,0.0,1.0,0.0,0.0,0.0,0.0,0.0,0.0,0.0,0.0,0.0,84,Pending,>15 Days
5533884-20260704-190510,2026-04-07 19:05:00,2026-04-07,,South Branch,L5 IN Hyderabad 1,2032,5533884.0,Shri Hanuman Agencies,we have received a shortage of milkybar mould21g mrp 20 in the dc seal case.we have received a full case but in that short of 4pics in 4 boxes. invoice no1099857251 & inv date 27-06-2026.,BI-Stock Shortages,Pending,,,,Pending,,,2026.0,7.0,Jul,2026-07,Q3,1.0,Open / Pending,Warehouse Problem | MRP / Price Mismatch | Billed versus received MRP mismatch | Owner: Warehouse/DC,MRP / Price Mismatch,Warehouse/DC,Stock Shortage; MRP Mismatch,1099857251,,,,,,20,4 BOXES,0.0,1.0,0.0,0.0,1.0,0.0,0.0,0.0,0.0,0.0,0.0,84,Pending,>15 Days
601559-20260704-170042,2026-04-07 17:00:00,2026-04-07,,South Branch,L5 IN Karnataka 3,B929,601559.0,Smruthi Sales,INVOICE NUMBER-938437466,BI-Stock Shortages,Pending,,,,Pending,,,2026.0,7.0,Jul,2026-07,Q3,1.0,Open / Pending,Warehouse Problem | Stock Shortage | Short or not-received quantity | Owner: Warehouse/DC,Stock Shortage,Warehouse/DC,Stock Shortage,938437466,,KA01AF4393,,,,250,1 CASE,0.0,1.0,0.0,0.0,0.0,0.0,0.0,0.0,0.0,0.0,0.0,84,Pending,>15 Days
601743-20260704-131701,2026-04-07 13:17:00,2026-04-07,,South Branch,L5 IN Bangalore City 1,B929,601743.0,V S R Marketing Agency,Invoice Number Cmp invoice date Product Code Product Name Batch MRP Invoice Qty LR NO REMARKS,BI-Stock Shortages,Pending,,,,Pending,,,2026.0,7.0,Jul,2026-07,Q3,1.0,Open / Pending,Warehouse Problem | Stock Shortage | Short or not-received quantity | Owner: Warehouse/DC,Stock Shortage,Warehouse/DC,Stock Shortage,,REMARKS,,PRODUCT,,,,,0.0,1.0,0.0,0.0,0.0,0.0,0.0,0.0,0.0,0.0,0.0,84,Pending,>15 Days
601743-20260704-132030,2026-04-07 13:20:00,2026-04-07,,South Branch,L5 IN Bangalore City 1,B929,601743.0,V S R Marketing Agency,Invoice Number Cmp invoice date HSN Code Product Code Product Name Batch MRP QTY LR NO REMARKS,BI-Damages,Pending,,,,Pending,,,2026.0,7.0,Jul,2026-07,Q3,1.0,Open / Pending,Warehouse Problem | Product Damage | Damaged stock at receipt | Owner: Warehouse/DC,Product Damage,Warehouse/DC,Damage,,REMARKS,,PRODUCT,,,,9 PC,0.0,0.0,1.0,0.0,0.0,0.0,0.0,0.0,0.0,0.0,0.0,84,Pending,>15 Days
601743-20260704-132239,2026-04-07 13:22:00,2026-04-07,,South Branch,L5 IN Bangalore City 1,B929,601743.0,V S R Marketing Agency,Invoice Number Cmp invoice date HSN Code Product Code Product Name Batch MRP Invoice Qty Cases LR NO REMARKS,BI-Expiry / Bad Goods,Pending,,,,Pending,,,2026.0,7.0,Jul,2026-07,Q3,1.0,Open / Pending,Warehouse Problem | Expiry / Short Expiry | Expired or insufficient shelf-life stock | Owner: Warehouse/DC,Expiry / Short Expiry,Warehouse/DC,Expiry,,REMARKS,,PRODUCT,,,,,0.0,0.0,0.0,0.0,0.0,0.0,0.0,1.0,0.0,0.0,0.0,84,Pending,>15 Days
601743-20260704-132437,2026-04-07 13:24:00,2026-04-07,,South Branch,L5 IN Bangalore City 1,B929,601743.0,V S R Marketing Agency,Invoice Number Cmp invoice date HSN Code Product Code Product Name Batch MRP Invoice Qty Cases LR NO REMARKS,BI-Expiry / Bad Goods,Pending,,,,Pending,,,2026.0,7.0,Jul,2026-07,Q3,1.0,Open / Pending,Warehouse Problem | Expiry / Short Expiry | Expired or insufficient shelf-life stock | Owner: Warehouse/DC,Expiry / Short Expiry,Warehouse/DC,Expiry,,REMARKS,,PRODUCT,,,,,0.0,0.0,0.0,0.0,0.0,0.0,0.0,1.0,0.0,0.0,0.0,84,Pending,>15 Days
6089280-20260704-113954,2026-04-07 11:39:00,2026-04-07,,South Branch,L5 IN Tamil Nadu 3,B744,6089280.0,Madhu Traders,Invoice no:959188418,BI-Damages,Pending,,,,Pending,,,2026.0,7.0,Jul,2026-07,Q3,1.0,Open / Pending,Warehouse Problem | Product Damage | Damaged stock at receipt | Owner: Warehouse/DC,Product Damage,Warehouse/DC,Damage,959188418,Copy,,,Lactogen PRO 1 BIB 24*400g; Sunrise MRP-2 -9 cases damage.,,450; 2,2 PC; 9 CASES,0.0,0.0,1.0,0.0,0.0,0.0,0.0,0.0,0.0,0.0,0.0,84,Pending,>15 Days
6819782-20260704-175545,2026-04-07 17:55:00,2026-04-07,,South Branch,L5 IN Andhrapradesh 2,D915,6819782.0,Sai Sudha Agencies,"in inv no-1366101105 dt-3/7/26,billed 90rs maggi 420g 12 cases but not recieved with vehicle no-TG1076789 SWAMY AND SONS 3PL PVT LTD DRIVER NAME-UPENDRA YADAV driver mob.no-9931929867 we recieved excess 5rs maggi 10 cases and returned to vehicle do the needful",BI-Any other,Pending,,,,Pending,,,2026.0,7.0,Jul,2026-07,Q3,1.0,Open / Pending,Warehouse Problem | Stock Excess | Excess quantity received | Owner: Warehouse/DC,Stock Excess,Warehouse/DC,Stock Shortage; Stock Excess; Return,1366101105,,TG1076789,,,,,12 CASES; 10 CASES,0.0,1.0,0.0,1.0,0.0,0.0,0.0,0.0,0.0,0.0,0.0,84,Pending,>15 Days
7028906-20260704-150420,2026-04-07 15:04:00,2026-04-07,,South Branch,L5 IN Bangalore City 1,B929,7028906.0,Shree Sai Distributors,kitkat chunky white  bill batch is 12613705/6010d715a3 but supply to cd batch is 6051d715a3 mfd dates are difrent so please exchange box and box is open while delivery time,BI-Batch Related Issues,Pending,,,,Pending,,,2026.0,7.0,Jul,2026-07,Q3,1.0,Open / Pending,Warehouse Problem | Batch Mismatch | Billed versus received batch mismatch | Owner: Warehouse/DC,Batch Mismatch,Warehouse/DC,Batch Mismatch,,,,,,,,,0.0,0.0,0.0,0.0,0.0,0.0,1.0,0.0,0.0,0.0,0.0,84,Pending,>15 Days
7459087-20260704-164454,2026-04-07 16:44:00,2026-04-07,,South Branch,L5 IN Bangalore City 2,B929,7459087.0,Sima Agency,Invoice No.938437491 Dated: 04/07/2026,BI-Any other,Pending,,,,Pending,,,2026.0,7.0,Jul,2026-07,Q3,1.0,Open / Pending,Warehouse Problem | MRP / Price Mismatch | Billed versus received MRP mismatch | Owner: Warehouse/DC,MRP / Price Mismatch,Warehouse/DC,MRP Mismatch,,,,13632235,,61680453K1,460,,0.0,0.0,0.0,0.0,1.0,0.0,0.0,0.0,0.0,0.0,0.0,84,Pending,>15 Days
7459087-20260704-164556,2026-04-07 16:45:00,2026-04-07,,South Branch,L5 IN Bangalore City 2,B929,7459087.0,Sima Agency,Invoice No.938437491 Dated: 04/07/2026,BI-Stock Shortages,Pending,,,,Pending,,,2026.0,7.0,Jul,2026-07,Q3,1.0,Open / Pending,Warehouse Problem | Stock Shortage | Short or not-received quantity | Owner: Warehouse/DC,Stock Shortage,Warehouse/DC,Stock Shortage,,,,12608497,,61579939AA,15,,0.0,1.0,0.0,0.0,0.0,0.0,0.0,0.0,0.0,0.0,0.0,84,Pending,>15 Days
7566631-20260704-132044,2026-04-07 13:20:00,2026-04-07,,South Branch,L5 IN Kerala 2,0,7566631.0,Sabari Distribution Private Limited,"The overall SDS site is taking a long time to load. Opening any window/page is taking too much time, and the application performance feels very slow. Please resolve the issue.",BI-Any other,Pending,,,,Not Related to DC,,,2026.0,7.0,Jul,2026-07,Q3,1.0,Open / Pending,Other Problem | System / Application Issue | SDS portal performance / slow loading | Owner: IT/SDS Support,System / Application Issue,IT/SDS Support,System/Application,,,,,,,,,0.0,0.0,0.0,0.0,0.0,0.0,0.0,0.0,0.0,0.0,0.0,84,Pending,>15 Days
1081682-20260703-174627,2026-03-07 17:46:00,2026-03-07,,South Branch,L5 IN Andhrapradesh 4,D915,1081682.0,Sri Sai Vasavi Agencies,nescafe clas jar 24*90g pr 70 off     1     case shart,BI-Stock Shortages,Pending,,,,Pending,,,2026.0,7.0,Jul,2026-07,Q3,1.0,Open / Pending,Warehouse Problem | Stock Shortage | Short or not-received quantity | Owner: Warehouse/DC,Stock Shortage,Warehouse/DC,Stock Shortage,1366100980,,,14508794,,60850452DA,445,1 CASE,0.0,1.0,0.0,0.0,0.0,0.0,0.0,0.0,0.0,0.0,0.0,115,Pending,>15 Days
5881290-20260703-150527,2026-03-07 15:05:00,2026-03-07,,South Branch,L5 IN Andhrapradesh 4,D915,5881290.0,Lakshmi Enterprises,INV NO:1366100966,BI-Stock Shortages,Pending,,,,Pending,,,2026.0,7.0,Jul,2026-07,Q3,1.0,Open / Pending,Warehouse Problem | Stock Excess | Excess quantity received | Owner: Warehouse/DC,Stock Excess,Warehouse/DC,Stock Shortage; Stock Excess; Return,1366100966,,,,,,90; 22,7 CASES; 2 CASES,0.0,1.0,0.0,1.0,0.0,0.0,0.0,0.0,0.0,0.0,0.0,115,Pending,>15 Days
601383-20260703-191909,2026-03-07 19:19:00,2026-03-07,,South Branch,L5 IN Karnataka 2,B929,601383.0,Pavan Agencies,NEAR TO EXPIRY STOCK RECEIVED,BI-Batch Related Issues,Pending,,,,Pending,,,2026.0,7.0,Jul,2026-07,Q3,1.0,Open / Pending,Warehouse Problem | Expiry / Short Expiry | Expired or insufficient shelf-life stock | Owner: Warehouse/DC,Expiry / Short Expiry,Warehouse/DC,Expiry,,,,,-MAGGI Masala-ae-Magic Sbg 60x72g N2 IN,,,3 CASES; 60 CASES; 1 CASES,0.0,0.0,0.0,0.0,0.0,0.0,0.0,1.0,0.0,0.0,0.0,115,Pending,>15 Days
601550-20260703-124343,2026-03-07 12:43:00,2026-03-07,,South Branch,L5 IN Karnataka 1,B929,601550.0,Shri Vinayaka Agencies,INV NUM: 938437259 DATE:02-07-2026,BI-Stock Shortages,Pending,,,,Pending,,,2026.0,7.0,Jul,2026-07,Q3,1.0,Open / Pending,Warehouse Problem | Stock Shortage | Short or not-received quantity | Owner: Warehouse/DC,Stock Shortage,Warehouse/DC,Stock Shortage,938437259,,,,,,,2 CASE,0.0,1.0,0.0,0.0,0.0,0.0,0.0,0.0,0.0,0.0,0.0,115,Pending,>15 Days
7028906-20260703-134051,2026-03-07 13:40:00,2026-03-07,,South Branch,L5 IN Bangalore City 1,0,7028906.0,Shree Sai Distributors,still not recved wendesday csp order,BI-Transport Delays,Pending,,,,Not Related to DC,,,2026.0,7.0,Jul,2026-07,Q3,1.0,Open / Pending,Other Problem | Transport Delay | Delivery / logistics delay | Owner: Transporter/Logistics,Transport Delay,Transporter/Logistics,Transport Delay,,,,,,,,,0.0,0.0,0.0,0.0,0.0,0.0,0.0,0.0,0.0,0.0,0.0,115,Pending,>15 Days
7329921-20260703-190147,2026-03-07 19:01:00,2026-03-07,,South Branch,L5 IN Tamil Nadu 3,B744,7329921.0,Jaya Traders,INVOICE NO:959188421,BI-Stock Shortages,Pending,,,,Pending,,,2026.0,7.0,Jul,2026-07,Q3,1.0,Open / Pending,Warehouse Problem | Stock Shortage | Short or not-received quantity | Owner: Warehouse/DC,Stock Shortage,Warehouse/DC,Stock Shortage,959188421,,,14379191,,61730452HA,,2 CASES; 6 CASES,0.0,1.0,0.0,0.0,0.0,0.0,0.0,0.0,0.0,0.0,0.0,115,Pending,>15 Days
7530545-20260703-173933,2026-03-07 17:39:00,2026-03-07,,South Branch,L5 IN Karnataka 2,B929,7530545.0,Rishabh Agencies,INV NO.922476023,BI-Stock Shortages,Pending,,,,Pending,,,2026.0,7.0,Jul,2026-07,Q3,1.0,Open / Pending,Warehouse Problem | Stock Shortage | Short or not-received quantity | Owner: Warehouse/DC,Stock Shortage,Warehouse/DC,Stock Shortage,,,,,,,,2 CS; 1 CS,0.0,1.0,0.0,0.0,0.0,0.0,0.0,0.0,0.0,0.0,0.0,115,Pending,>15 Days
7544037-20260703-173153,2026-03-07 17:31:00,2026-03-07,,South Branch,L5 IN Karnataka 2,B929,7544037.0,OM Agencies,SHORTAGE RECEIVED 2CS OF BELOW PACK,BI-Stock Shortages,Pending,,,,Pending,,,2026.0,7.0,Jul,2026-07,Q3,1.0,Open / Pending,Warehouse Problem | Stock Shortage | Short or not-received quantity | Owner: Warehouse/DC,Stock Shortage,Warehouse/DC,Stock Shortage,938426317,Copy,,,,,,2 CS,0.0,1.0,0.0,0.0,0.0,0.0,0.0,0.0,0.0,0.0,0.0,115,Pending,>15 Days
600991-20260702-101154,2026-02-07 10:11:00,2026-02-07,,South Branch,L5 IN Tamil Nadu 3,B744,600991.0,Annapoorni Agencies,INV NO: 9595188201 DATE: 02.07.2026 BATCH CODE: 61370453A2 MRP 210 NESTUM RICE VEGETABLES ONE CASE SHORTAGE,BI-Stock Shortages,Pending,,,,Pending,,,2026.0,7.0,Jul,2026-07,Q3,1.0,Open / Pending,Warehouse Problem | Stock Shortage | Short or not-received quantity | Owner: Warehouse/DC,Stock Shortage,Warehouse/DC,Stock Shortage,9595188201,,,,,61370453A2,210,,0.0,1.0,0.0,0.0,0.0,0.0,0.0,0.0,0.0,0.0,0.0,143,Pending,>15 Days
601383-20260702-123958,2026-02-07 12:39:00,2026-02-07,,South Branch,L5 IN Karnataka 2,B929,601383.0,Pavan Agencies,Invoice Number:-938436558,BI-Batch Related Issues,Pending,,,,Pending,,,2026.0,7.0,Jul,2026-07,Q3,1.0,Open / Pending,Warehouse Problem | Batch Mismatch | Billed versus received batch mismatch | Owner: Warehouse/DC,Batch Mismatch,Warehouse/DC,Batch Mismatch,,,,,-MAGGI Masala-ae-Magic Sbg 60x72g N2 IN,,,60 CASES; 2 CASES,0.0,0.0,0.0,0.0,0.0,0.0,1.0,0.0,0.0,0.0,0.0,143,Pending,>15 Days
601383-20260702-124442,2026-02-07 12:44:00,2026-02-07,,South Branch,L5 IN Karnataka 2,B929,601383.0,Pavan Agencies,NEAR EXPIRY STOCK RECEIIVED,BI-Batch Related Issues,Pending,,,,Pending,,,2026.0,7.0,Jul,2026-07,Q3,1.0,Open / Pending,Warehouse Problem | Expiry / Short Expiry | Expired or insufficient shelf-life stock | Owner: Warehouse/DC,Expiry / Short Expiry,Warehouse/DC,Expiry,,,,,-KITKAT Chunky Miniatures Hzn 24x107g IN,,,225 CASES; 1 CASE,0.0,0.0,0.0,0.0,0.0,0.0,0.0,1.0,0.0,0.0,0.0,143,Pending,>15 Days
601761-20260702-170246,2026-02-07 17:02:00,2026-02-07,,South Branch,L5 IN Tamil Nadu 3,B744,601761.0,Veerappa Chetty Agencies,"DEAR SIR/MADAM,",BI-Stock Shortages,Pending,,,,Pending,,,2026.0,7.0,Jul,2026-07,Q3,1.0,Open / Pending,Warehouse Problem | Stock Shortage | Short or not-received quantity | Owner: Warehouse/DC,Stock Shortage,Warehouse/DC,Stock Shortage,,,,12619132,,,,,0.0,1.0,0.0,0.0,0.0,0.0,0.0,0.0,0.0,0.0,0.0,143,Pending,>15 Days
601780-20260702-103602,2026-02-07 10:36:00,2026-02-07,,South Branch,L5 IN Hyderabad 1,2032,601780.0,Vijeta Enterprises,"INV NO : 109985711, DATE : 01-07-26",BI-Stock Shortages,Pending,,,,Pending,,,2026.0,7.0,Jul,2026-07,Q3,1.0,Open / Pending,Warehouse Problem | Stock Shortage | Short or not-received quantity | Owner: Warehouse/DC,Stock Shortage,Warehouse/DC,Stock Shortage,109985711,,,,"NESCAFE CLASSIC Dawn Jar 24x90g, MRP-445/-",,445,1 CS,0.0,1.0,0.0,0.0,0.0,0.0,0.0,0.0,0.0,0.0,0.0,143,Pending,>15 Days
6248455-20260702-195210,2026-02-07 19:52:00,2026-02-07,,South Branch,L5 IN Karnataka 2,B929,6248455.0,Sasnur Traders,3 pcs of apple cherry ZS damaged and cover cut open during transit MRP 299,BI-Damages,Pending,,,,Pending,,,2026.0,7.0,Jul,2026-07,Q3,1.0,Open / Pending,Other Problem | Transit Damage | Damage during transportation | Owner: Transporter/Logistics,Transit Damage,Transporter/Logistics,Damage; Transit,,,,,,,299,3 PCS,1.0,0.0,1.0,0.0,0.0,0.0,0.0,0.0,0.0,0.0,0.0,143,Pending,>15 Days
6629786-20260702-174742,2026-02-07 17:47:00,2026-02-07,,South Branch,L5 IN Bangalore City 2,B929,6629786.0,Vinayaka Enterprises,INV NO 938436971,BI-Stock Shortages,Pending,,,,Pending,,,2026.0,7.0,Jul,2026-07,Q3,1.0,Open / Pending,Warehouse Problem | Stock Shortage | Short or not-received quantity | Owner: Warehouse/DC,Stock Shortage,Warehouse/DC,Stock Shortage,938436971,,,,,,,,0.0,1.0,0.0,0.0,0.0,0.0,0.0,0.0,0.0,0.0,0.0,143,Pending,>15 Days
7035170-20260702-180039,2026-02-07 18:00:00,2026-02-07,,South Branch,L5 IN Chennai City 1,C749,7035170.0,Intelligent Retail Private Limited,"We have received ""12448239"" - 'NESTEA Iced Tea Lemon RTD 30x200ml N3 IN', MRP-30, 5 cases shortage for Invoice# 974830773 dated 29/06/2026",BI-Stock Shortages,Pending,,,,Pending,,,2026.0,7.0,Jul,2026-07,Q3,1.0,Open / Pending,Warehouse Problem | Stock Shortage | Short or not-received quantity | Owner: Warehouse/DC,Stock Shortage,Warehouse/DC,Stock Shortage,974830773,,,,,,30,5 CASES,0.0,1.0,0.0,0.0,0.0,0.0,0.0,0.0,0.0,0.0,0.0,143,Pending,>15 Days
7035170-20260702-180324,2026-02-07 18:03:00,2026-02-07,,South Branch,L5 IN Chennai City 1,C749,7035170.0,Intelligent Retail Private Limited,"We have received ""12729817"" - 'MAGGI Masala-ae-Magic 16(2(60x6g) N2 IN', MRP-5, 9 cases shortage for Invoice# 974830774 dated 29/06/2026",BI-Stock Shortages,Pending,,,,Pending,,,2026.0,7.0,Jul,2026-07,Q3,1.0,Open / Pending,Warehouse Problem | Stock Shortage | Short or not-received quantity | Owner: Warehouse/DC,Stock Shortage,Warehouse/DC,Stock Shortage,974830774,,,,,,5,9 CASES,0.0,1.0,0.0,0.0,0.0,0.0,0.0,0.0,0.0,0.0,0.0,143,Pending,>15 Days
7035170-20260702-180555,2026-02-07 18:05:00,2026-02-07,,South Branch,L5 IN Chennai City 1,C749,7035170.0,Intelligent Retail Private Limited,"We have received ""12616251"" - 'MAGGI 2-MINN Chkn 96x76g IN', MRP-20, 1 cases shortage for Invoice# 974830914 dated 01/07/2026",BI-Stock Shortages,Pending,,,,Pending,,,2026.0,7.0,Jul,2026-07,Q3,1.0,Open / Pending,Warehouse Problem | Stock Shortage | Short or not-received quantity | Owner: Warehouse/DC,Stock Shortage,Warehouse/DC,Stock Shortage,974830914,,,,,,20,1 CASES,0.0,1.0,0.0,0.0,0.0,0.0,0.0,0.0,0.0,0.0,0.0,143,Pending,>15 Days
7039298-20260702-170820,2026-02-07 17:08:00,2026-02-07,,South Branch,L5 IN Tamil Nadu 5,B744,7039298.0,Azeem Agencies,INVOICE DATE - 11-6-26,BI-Damages,Pending,,,,Pending,,,2026.0,7.0,Jul,2026-07,Q3,1.0,Open / Pending,Warehouse Problem | Product Damage | Damaged stock at receipt | Owner: Warehouse/DC,Product Damage,Warehouse/DC,Damage,959184932,TN42AP6971,,14333175,NESCAFE SUNRISE Dawn Jar 30x45g NR4 IN,,,3 CASES,0.0,0.0,1.0,0.0,0.0,0.0,0.0,0.0,0.0,0.0,0.0,143,Pending,>15 Days
7463493-20260702-122933,2026-02-07 12:29:00,2026-02-07,,South Branch,L5 IN Tamil Nadu 5,B744,7463493.0,Deluxe Traders,Invoice date : 01/07/2027  Prod Code :12614862  Product Name  : EVERYDAY DW 384x18g NR IN    Batch : 601904518A case : 10 sep-2026 SHORT expiry,BI-Sealing Issue,Pending,,,,Pending,,,2026.0,7.0,Jul,2026-07,Q3,1.0,Open / Pending,Warehouse Problem | Expiry / Short Expiry | Expired or insufficient shelf-life stock | Owner: Warehouse/DC,Expiry / Short Expiry,Warehouse/DC,Expiry,,,,,,601904518A,,,0.0,0.0,0.0,0.0,0.0,0.0,0.0,1.0,0.0,0.0,0.0,143,Pending,>15 Days
5098617-20260701-174850,2026-01-07 17:48:00,2026-01-07,,South Branch,L5 IN Kerala 1,C963,5098617.0,JP Trading Company,INV NO  1365806523,BI-Stock Shortages,Pending,,,,Pending,,,2026.0,7.0,Jul,2026-07,Q3,1.0,Open / Pending,Warehouse Problem | Stock Shortage | Short or not-received quantity | Owner: Warehouse/DC,Stock Shortage,Warehouse/DC,Stock Shortage,1365806523,,,,,,5,1 CASE,0.0,1.0,0.0,0.0,0.0,0.0,0.0,0.0,0.0,0.0,0.0,174,Pending,>15 Days
5098617-20260701-175421,2026-01-07 17:54:00,2026-01-07,,South Branch,L5 IN Kerala 1,C963,5098617.0,JP Trading Company,INV NO 1365806777  DATE  20.06.2026,BI-Expiry / Bad Goods,Pending,,,,Pending,,,2026.0,7.0,Jul,2026-07,Q3,1.0,Open / Pending,Warehouse Problem | Expiry / Short Expiry | Expired or insufficient shelf-life stock | Owner: Warehouse/DC,Expiry / Short Expiry,Warehouse/DC,Expiry,1365806777,,,,,,,1 CASE,0.0,0.0,0.0,0.0,0.0,0.0,0.0,1.0,0.0,0.0,0.0,174,Pending,>15 Days
601004-20260701-104404,2026-01-07 10:44:00,2026-01-07,,South Branch,L5 IN Chennai City 1,C749,601004.0,Aswin Enterprises,INVOICE NO 974830078,BI-Stock Shortages,Pending,,,,Pending,,,2026.0,7.0,Jul,2026-07,Q3,1.0,Open / Pending,Other Problem | Transit Shortage | Shortage during transportation | Owner: Transporter/Logistics,Transit Shortage,Transporter/Logistics,Stock Shortage; Transit,974830078,,TN20DE5751,14512141,,61459939BA,90,,1.0,1.0,0.0,0.0,0.0,0.0,0.0,0.0,0.0,0.0,0.0,174,Pending,>15 Days
601004-20260701-104437,2026-01-07 10:44:00,2026-01-07,,South Branch,L5 IN Chennai City 1,C749,601004.0,Aswin Enterprises,INVOICE NO 974830396,BI-Stock Shortages,Pending,,,,Pending,,,2026.0,7.0,Jul,2026-07,Q3,1.0,Open / Pending,Other Problem | Transit Shortage | Shortage during transportation | Owner: Transporter/Logistics,Transit Shortage,Transporter/Logistics,Stock Shortage; Transit,974830396,,,12608497,,61710452BB,15,,1.0,1.0,0.0,0.0,0.0,0.0,0.0,0.0,0.0,0.0,0.0,174,Pending,>15 Days
601004-20260701-104511,2026-01-07 10:45:00,2026-01-07,,South Branch,L5 IN Chennai City 1,C749,601004.0,Aswin Enterprises,INVOICE NO 974830668,BI-Stock Shortages,Pending,,,,Pending,,,2026.0,7.0,Jul,2026-07,Q3,1.0,Open / Pending,Other Problem | Transit Shortage | Shortage during transportation | Owner: Transporter/Logistics,Transit Shortage,Transporter/Logistics,Stock Shortage; Transit,974830668,,TN22CF8112,12571560,,61490455EA,80,61490455 EA,1.0,1.0,0.0,0.0,0.0,0.0,0.0,0.0,0.0,0.0,0.0,174,Pending,>15 Days
6718910-20260701-190617,2026-01-07 19:06:00,2026-01-07,,South Branch,L5 IN Karnataka 1,B929,6718910.0,Mandar Marketing,TRANSIT SHORTAGE,BI-Stock Shortages,Pending,,,,Pending,,,2026.0,7.0,Jul,2026-07,Q3,1.0,Open / Pending,Other Problem | Transit Shortage | Shortage during transportation | Owner: Transporter/Logistics,Transit Shortage,Transporter/Logistics,Stock Shortage; Transit,938435962,A245876,,12579448,,,450,1 CASE; 24 PCS,1.0,1.0,0.0,0.0,0.0,0.0,0.0,0.0,0.0,0.0,0.0,174,Pending,>15 Days
601615-20260630-183043,2026-06-30 18:30:44,2026-06-30,,South Branch,L5 IN Hyderabad 1,D915,601615.0,Sri Laxmi Agencies,IN NO : 1366100080,BI-Stock Shortages,Pending,,,,Pending,GT Distributors,Jurigari Private Limited,2026.0,6.0,Jun,2026-06,Q2,1.0,Open / Pending,Warehouse Problem | Stock Shortage | Short or not-received quantity | Owner: Warehouse/DC,Stock Shortage,Warehouse/DC,Stock Shortage,,,,,,,260,3 CS,0.0,1.0,0.0,0.0,0.0,0.0,0.0,0.0,0.0,0.0,0.0,0,Pending,0–3 Days
6077575-20260630-141256,2026-06-30 14:12:56,2026-06-30,,South Branch,L5 IN Andhra Pradesh Purina,D915,6077575.0,Blitzhaus Pet Mart.,"LR NO 6147 INV 1366100947 ,948, 949 DT 29.06.2026",BI-Damages,Pending,,,,Pending,Pet Food-Distributor,Swamy Sons Agencies Private Limited,2026.0,6.0,Jun,2026-06,Q2,1.0,Open / Pending,Warehouse Problem | Product Damage | Damaged stock at receipt | Owner: Warehouse/DC,Product Damage,Warehouse/DC,Damage,1366100947,6147,,,,,,4 PC; 2 PC,0.0,0.0,1.0,0.0,0.0,0.0,0.0,0.0,0.0,0.0,0.0,0,Pending,0–3 Days
6077575-20260630-141622,2026-06-30 14:16:23,2026-06-30,,South Branch,L5 IN Andhra Pradesh Purina,D915,6077575.0,Blitzhaus Pet Mart.,LR NO 6147 INV 1366100947 948 949 DT 29.06.2026,BI-Stock Shortages,Pending,,,,Pending,Pet Food-Distributor,Swamy Sons Agencies Private Limited,2026.0,6.0,Jun,2026-06,Q2,1.0,Open / Pending,Warehouse Problem | Stock Excess | Excess quantity received | Owner: Warehouse/DC,Stock Excess,Warehouse/DC,Stock Shortage; Stock Excess; Return,1370000000000,6147,,,,,,5 BOX,0.0,1.0,0.0,1.0,0.0,0.0,0.0,0.0,0.0,0.0,0.0,0,Pending,0–3 Days
6824058-20260630-131544,2026-06-30 13:15:45,2026-06-30,,South Branch,L5 IN Karnataka 1,B929,6824058.0,Aarav Associates,"Dear Team,",BI-Any other,Pending,,,,Pending,GT Distributors,Diptab Ventures Pvt ltd,2026.0,6.0,Jun,2026-06,Q2,1.0,Open / Pending,Warehouse Problem | MRP / Price Mismatch | Billed versus received MRP mismatch | Owner: Warehouse/DC,MRP / Price Mismatch,Warehouse/DC,MRP Mismatch; Return,938435919,,,,MAGGI HOT & SWEET 24x500g N1,61610455HB; 61030455HA,130; 122,1 CASE,0.0,0.0,0.0,0.0,1.0,0.0,0.0,0.0,0.0,0.0,0.0,0,Pending,0–3 Days
7566721-20260630-182134,2026-06-30 18:21:34,2026-06-30,,South Branch,L5 IN Tamil Nadu 3,B744,7566721.0,Annai Agencies,INVOICE DATE           17/06/2026,BI-Damages,Pending,,,,Pending,GT Distributors,M S P Transports,2026.0,6.0,Jun,2026-06,Q2,1.0,Open / Pending,Warehouse Problem | Product Damage | Damaged stock at receipt | Owner: Warehouse/DC,Product Damage,Warehouse/DC,Damage,,,,,,,,1 CS,0.0,0.0,1.0,0.0,0.0,0.0,0.0,0.0,0.0,0.0,0.0,0,Pending,0–3 Days
5622725-20260629-113337,2026-06-29 11:33:37,2026-06-29,,South Branch,L5 IN Andhrapradesh 3,D915,5622725.0,Sri Uma Maheswara Agencies,INVOICE NUMBER : 13661003910,BI-Stock Shortages,Pending,,,,Pending,GT Distributors,,2026.0,6.0,Jun,2026-06,Q2,1.0,Open / Pending,Warehouse Problem | Stock Shortage | Short or not-received quantity | Owner: Warehouse/DC,Stock Shortage,Warehouse/DC,Stock Shortage,13661003910,,,12608635,MAGGI 320*32GMS M.R.P:07/- 4 CASES SHORTAGE,,,4 CASES,0.0,1.0,0.0,0.0,0.0,0.0,0.0,0.0,0.0,0.0,0.0,1,Pending,0–3 Days
5802282-20260629-103647,2026-06-29 10:36:48,2026-06-29,,South Branch,L5 IN Karnataka 1,B929,5802282.0,Shri Vinayaka Agencies,"INV NO:938435961, INV DATE: 24/06/2026, LR NO: A2455877, VEHICLE NO: KA42-6059,",BI-Stock Shortages,Pending,,,,Pending,GT Distributors,Diptab Ventures Pvt ltd,2026.0,6.0,Jun,2026-06,Q2,1.0,Open / Pending,Warehouse Problem | Stock Shortage | Short or not-received quantity | Owner: Warehouse/DC,Stock Shortage,Warehouse/DC,Stock Shortage,938435961,A2455877,KA42-6059,,,14356092,620,36 PCS,0.0,1.0,0.0,0.0,0.0,0.0,0.0,0.0,0.0,0.0,0.0,1,Pending,0–3 Days
5987453-20260629-115648,2026-06-29 11:56:49,2026-06-29,,South Branch,L5 IN Tamil Nadu 3,B744,5987453.0,Sri Murugan Agencies,WE HAVE NOT RECEIVED THE BELOW MENTIONED PRODUCT,BI-Stock Shortages,Pending,,,,Pending,GT Distributors,KKP Express,2026.0,6.0,Jun,2026-06,Q2,1.0,Open / Pending,Warehouse Problem | Stock Shortage | Short or not-received quantity | Owner: Warehouse/DC,Stock Shortage,Warehouse/DC,Stock Shortage,959186730,,,,MAGGI 2 - MINN MASALA 48X140g N6,,30,3 CASES,0.0,1.0,0.0,0.0,0.0,0.0,0.0,0.0,0.0,0.0,0.0,1,Pending,0–3 Days
5987453-20260629-125206,2026-06-29 12:52:07,2026-06-29,,South Branch,L5 IN Tamil Nadu 3,B744,5987453.0,Sri Murugan Agencies,MRP CHANGES ISSUE :,BI-Any other,Pending,,,,Pending,GT Distributors,M S P Transports,2026.0,6.0,Jun,2026-06,Q2,1.0,Open / Pending,Warehouse Problem | Wrong SKU / Product | Wrong or interchanged material supplied | Owner: Warehouse/DC,Wrong SKU / Product,Warehouse/DC,Wrong SKU,959187687,,,,,,130; 122,1 CASE,0.0,0.0,0.0,0.0,0.0,1.0,0.0,0.0,0.0,0.0,0.0,1,Pending,0–3 Days
601623-20260629-161144,2026-06-29 16:11:45,2026-06-29,,South Branch,L5 IN Chennai City 2,C749,601623.0,Sri Prasanna Lakshmi Agency,"Dear Team,",BI-Stock Shortages,Pending,,,,Pending,GT Distributors,,2026.0,6.0,Jun,2026-06,Q2,1.0,Open / Pending,Warehouse Problem | Stock Shortage | Short or not-received quantity | Owner: Warehouse/DC,Stock Shortage,Warehouse/DC,Stock Shortage; Damage; Promo Missing,,,,,,,,28 CASE; 2 PC,0.0,1.0,1.0,0.0,0.0,0.0,0.0,0.0,1.0,0.0,0.0,1,Pending,0–3 Days
6077575-20260629-151132,2026-06-29 15:11:33,2026-06-29,,South Branch,L5 IN Andhra Pradesh Purina,D915,6077575.0,Blitzhaus Pet Mart.,inv 938436479 dt 27.06.2026,BI-Damages,Pending,,,,Pending,Pet Food-Distributor,KKP Express,2026.0,6.0,Jun,2026-06,Q2,1.0,Open / Pending,Warehouse Problem | Product Damage | Damaged stock at receipt | Owner: Warehouse/DC,Product Damage,Warehouse/DC,Damage,938436479; 938436480,,,,,,,2 PC; 1 PC,0.0,0.0,1.0,0.0,0.0,0.0,0.0,0.0,0.0,0.0,0.0,1,Pending,0–3 Days
6089280-20260629-122559,2026-06-29 12:26:00,2026-06-29,,South Branch,L5 IN Tamil Nadu 3,B744,6089280.0,Madhu Traders,Inovice No:959187692,BI-Batch Related Issues,Pending,,,,Pending,GT Distributors,M S P Transports,2026.0,6.0,Jun,2026-06,Q2,1.0,Open / Pending,Warehouse Problem | MRP / Price Mismatch | Billed versus received MRP mismatch | Owner: Warehouse/DC,MRP / Price Mismatch,Warehouse/DC,MRP Mismatch,,,,,MAGGI HOT&SWEET 34*500G-2 case; MAGGI Tom Ket 24*190g-2 case; MAGGI Tom Ket 24*480g-1 case; MAGGI HOT&SWEET 24*200G-1 case,,122; 130; 70; 75; 108; 115; 80,2 CASE; 1 CASE,0.0,0.0,0.0,0.0,1.0,0.0,0.0,0.0,0.0,0.0,0.0,1,Pending,0–3 Days
6700167-20260629-142502,2026-06-29 14:25:03,2026-06-29,,South Branch,L5 IN Andhrapradesh 2,D915,6700167.0,Laasritha Enterprises,Inv NO 1366100922 INV DT 27-06-2026 NESCAFE SUNRISE Dawn Jar 30x45g NR4 IN BATCH 60970452DA MRP 170/- 1 CASE SHORT CLASSIC Dawn Jar 30x45g 235/- 1 CASE EXCESS DRIVER NAME:Upendra yadav cell no 9931929867 veh no TG10T67879,BI-Stock Shortages,Pending,,,,Pending,GT Distributors,Swamy Sons Agencies Private Limited,2026.0,6.0,Jun,2026-06,Q2,1.0,Open / Pending,Warehouse Problem | Stock Excess | Excess quantity received | Owner: Warehouse/DC,Stock Excess,Warehouse/DC,Stock Shortage; Stock Excess,1366100922,,TG10T67879,,,60970452DA,170,1 CASE,0.0,1.0,0.0,1.0,0.0,0.0,0.0,0.0,0.0,0.0,0.0,1,Pending,0–3 Days
7090540-20260629-115650,2026-06-29 11:56:51,2026-06-29,,South Branch,L5 IN Bangalore City 1,B929,7090540.0,Sri Parshva Pharma Distributors Private Limited,Code-7090540,BI-Batch Related Issues,Pending,,,,Pending,GT Distributors,,2026.0,6.0,Jun,2026-06,Q2,1.0,Open / Pending,Warehouse Problem | Batch Mismatch | Billed versus received batch mismatch | Owner: Warehouse/DC,Batch Mismatch,Warehouse/DC,Batch Mismatch,,,,,,,,,0.0,0.0,0.0,0.0,0.0,0.0,1.0,0.0,0.0,0.0,0.0,1,Pending,0–3 Days
7198893-20260629-224730,2026-06-29 22:47:31,2026-06-29,,South Branch,L5 IN Andhrapradesh 2,D915,7198893.0,Sri Lakshmi Srinivasa Distributors,Transport Shortage,BI-Any other,Pending,,,,Pending,GT Distributors,Swamy Sons Agencies Private Limited,2026.0,6.0,Jun,2026-06,Q2,1.0,Open / Pending,Warehouse Problem | Stock Shortage | Short or not-received quantity | Owner: Warehouse/DC,Stock Shortage,Warehouse/DC,Stock Shortage,,,,,,,,2 CS,0.0,1.0,0.0,0.0,0.0,0.0,0.0,0.0,0.0,0.0,0.0,1,Pending,0–3 Days
7329921-20260629-125426,2026-06-29 12:54:27,2026-06-29,,South Branch,L5 IN Tamil Nadu 3,B744,7329921.0,Jaya Traders,INVOICE NO:959187470,BI-Stock Shortages,Pending,,,,Pending,GT Distributors,KKP Express,2026.0,6.0,Jun,2026-06,Q2,1.0,Open / Pending,Warehouse Problem | Stock Shortage | Short or not-received quantity | Owner: Warehouse/DC,Stock Shortage,Warehouse/DC,Stock Shortage,959187470,,,105273536,,B05269L,,60 PIECE,0.0,1.0,0.0,0.0,0.0,0.0,0.0,0.0,0.0,0.0,0.0,1,Pending,0–3 Days
7541792-20260629-102033,2026-06-29 10:20:34,2026-06-29,,South Branch,L5 IN Andhrapradesh 2,2032,7541792.0,Jaiteja Agencies,SHORTAGE 1 (Case-24Pcs),BI-Stock Shortages,Pending,,,,Pending,GT Distributors,,2026.0,6.0,Jun,2026-06,Q2,1.0,Open / Pending,Warehouse Problem | Stock Shortage | Short or not-received quantity | Owner: Warehouse/DC,Stock Shortage,Warehouse/DC,Stock Shortage,,,,12607947,CERELAC STG2 khichidi 24x300g ZS IN,,,24 PCS,0.0,1.0,0.0,0.0,0.0,0.0,0.0,0.0,0.0,0.0,0.0,1,Pending,0–3 Days
7291479-20260628-185240,2026-06-28 18:52:41,2026-06-28,,South Branch,L5 IN Hyderabad 2,2032,7291479.0,Pay One Retail Private Limited,We Had Not Received 1 Case wheat apple ZS,BI-Stock Shortages,Pending,,,,Pending,GT Distributors,Jurigari Private Limited,2026.0,6.0,Jun,2026-06,Q2,1.0,Open / Pending,Warehouse Problem | Stock Shortage | Short or not-received quantity | Owner: Warehouse/DC,Stock Shortage,Warehouse/DC,Stock Shortage,1099856830,6000,TS08UH7424,12601932,CERELAC STG1 Wheat Apple ZS 24x350g IN,60200453A7,265,1 CASE; 265 CASES,0.0,1.0,0.0,0.0,0.0,0.0,0.0,0.0,0.0,0.0,0.0,2,Pending,0–3 Days
6006337-20260627-120342,2026-06-27 12:03:43,2026-06-27,,South Branch,L5 IN Hyderabad 2,D915,6006337.0,Laxmi Prasanna Agencies,"MAGGI 450GM MRP 87(pack code 13680299)--SHORTGAE OF 3 CS IN  invoice number 1366100883 dated 26/06/2026.driver name-lucky ,mobile 9063612541.Dc name Swamy & sons",BI-Stock Shortages,Pending,,,,Pending,GT Distributors,Swamy Sons Agencies Private Limited,2026.0,6.0,Jun,2026-06,Q2,1.0,Open / Pending,Warehouse Problem | Stock Shortage | Short or not-received quantity | Owner: Warehouse/DC,Stock Shortage,Warehouse/DC,Stock Shortage,1366100883,,,,,,87,3 CS,0.0,1.0,0.0,0.0,0.0,0.0,0.0,0.0,0.0,0.0,0.0,3,Pending,0–3 Days
601258-20260627-101618,2026-06-27 10:16:18,2026-06-27,,South Branch,L5 IN Kerala 1,C963,601258.0,Lekshmi Enterprises,in the invoice no: 1365807106KITKAT Chunky Miniatures Hzn 24x107g IN 1cfc  near expiry stock (batch 5325417611),BI-Any other,Pending,,,,Pending,GT Distributors,Unilog Transporting Company Pvt Ltd,2026.0,6.0,Jun,2026-06,Q2,1.0,Open / Pending,Warehouse Problem | Expiry / Short Expiry | Expired or insufficient shelf-life stock | Owner: Warehouse/DC,Expiry / Short Expiry,Warehouse/DC,Expiry,1365807106,,,,,5325417611,,,0.0,0.0,0.0,0.0,0.0,0.0,0.0,1.0,0.0,0.0,0.0,3,Pending,0–3 Days
601780-20260627-104844,2026-06-27 10:48:45,2026-06-27,,South Branch,L5 IN Hyderabad 1,2032,601780.0,Vijeta Enterprises,"Inv No: 1099857157, Date: 26-06-26",BI-Stock Shortages,Pending,,,,Pending,GT Distributors,Jurigari Private Limited,2026.0,6.0,Jun,2026-06,Q2,1.0,Open / Pending,Warehouse Problem | Stock Shortage | Short or not-received quantity | Owner: Warehouse/DC,Stock Shortage,Warehouse/DC,Stock Shortage,1099857157,,,,"NESCAFE CLASSIC Dawn Jar 24x90g, Mrp-445/-",,445,3 CS,0.0,1.0,0.0,0.0,0.0,0.0,0.0,0.0,0.0,0.0,0.0,3,Pending,0–3 Days
601785-20260627-125319,2026-06-27 12:53:19,2026-06-27,,South Branch,L5 IN Kerala 1,C963,601785.0,Vinod Agencies,GRN Number : GRN2002373,BI-Any other,Pending,,,,Pending,GT Distributors,Johnson Enterprises,2026.0,6.0,Jun,2026-06,Q2,1.0,Open / Pending,Warehouse Problem | MRP / Price Mismatch | Billed versus received MRP mismatch | Owner: Warehouse/DC,MRP / Price Mismatch,Warehouse/DC,MRP Mismatch; Return,1365804601,,,12596608,NESTLE Classic Fruit N Nut 12(12x65g) IN,6106C711AA,45,1 CASE; 5 BOX,0.0,0.0,0.0,0.0,1.0,0.0,0.0,0.0,0.0,0.0,0.0,3,Pending,0–3 Days
6089280-20260627-105923,2026-06-27 10:59:24,2026-06-27,,South Branch,L5 IN Tamil Nadu 3,B744,6089280.0,Madhu Traders,We have saved Order in 24-06-2026(Wednesday).Actually Stock will received on friday.But Last three weeks continuosly delay for unloading.,BI-Transport Delays,Not Related to DC,,,,Not Related to DC,,,2026.0,6.0,Jun,2026-06,Q2,1.0,Open / Pending,Other Problem | Transport Delay | Delivery / logistics delay | Owner: Transporter/Logistics,Transport Delay,Transporter/Logistics,Transport Delay,,,,,,,,,0.0,0.0,0.0,0.0,0.0,0.0,0.0,0.0,0.0,0.0,0.0,3,Not Related,0–3 Days
7038326-20260627-011512,2026-06-27 01:15:13,2026-06-27,,South Branch,L5 IN Kerala 4,7793,7038326.0,R K Enterprises,Invoce no  1365367115,BI-Damages,Pending,,,,Pending,GT Distributors,Caspian Shipping & Logistics,2026.0,6.0,Jun,2026-06,Q2,1.0,Open / Pending,Warehouse Problem | Product Damage | Damaged stock at receipt | Owner: Warehouse/DC,Product Damage,Warehouse/DC,Damage,,,,,,61400453K1; 61210453A7; 61510453K1,,,0.0,0.0,1.0,0.0,0.0,0.0,0.0,0.0,0.0,0.0,0.0,3,Pending,0–3 Days
3000212-20260626-172507,2026-06-26 17:25:07,2026-06-26,,South Branch,L5 IN Kerala 1,7793,3000212.0,Pallickal Agencies,MAGGI 2-MINN Chkn 48x142g  Batch code:61410455EA,BI-Damages,Pending,,,,Pending,GT Distributors,,2026.0,6.0,Jun,2026-06,Q2,1.0,Open / Pending,Warehouse Problem | Product Damage | Damaged stock at receipt | Owner: Warehouse/DC,Product Damage,Warehouse/DC,Damage,,,,,,61410455EA,,61410455 EA,0.0,0.0,1.0,0.0,0.0,0.0,0.0,0.0,0.0,0.0,0.0,4,Pending,4–7 Days
5622725-20260626-105338,2026-06-26 10:53:38,2026-06-26,,South Branch,L5 IN Andhrapradesh 3,D915,5622725.0,Sri Uma Maheswara Agencies,INVOICE NUMBER:1366100810,BI-Stock Shortages,Pending,,,,Pending,GT Distributors,Swamy Sons Agencies Private Limited,2026.0,6.0,Jun,2026-06,Q2,1.0,Open / Pending,Warehouse Problem | Stock Shortage | Short or not-received quantity | Owner: Warehouse/DC,Stock Shortage,Warehouse/DC,Stock Shortage,1366100810,,,14301186,NESCAFE SUNRISE 30(156*1.3GMS) 2/-,,,,0.0,1.0,0.0,0.0,0.0,0.0,0.0,0.0,0.0,0.0,0.0,4,Pending,4–7 Days
5802282-20260626-131250,2026-06-26 13:12:50,2026-06-26,,South Branch,L5 IN Karnataka 1,B929,5802282.0,Shri Vinayaka Agencies,INV NO:938435961,BI-Stock Shortages,Pending,,,,Pending,GT Distributors,Diptab Ventures Pvt ltd,2026.0,6.0,Jun,2026-06,Q2,1.0,Open / Pending,Warehouse Problem | Stock Shortage | Short or not-received quantity | Owner: Warehouse/DC,Stock Shortage,Warehouse/DC,Stock Shortage,938435961,A245877,KA42-6059,14356092,,60860452JA,620,36 PCS,0.0,1.0,0.0,0.0,0.0,0.0,0.0,0.0,0.0,0.0,0.0,4,Pending,4–7 Days
5881290-20260626-120815,2026-06-26 12:08:16,2026-06-26,,South Branch,L5 IN Andhrapradesh 4,2032,5881290.0,Lakshmi Enterprises,inv no: 1099856796,BI-Stock Shortages,Pending,,,,Pending,GT Distributors,AVG Logistics Limited,2026.0,6.0,Jun,2026-06,Q2,1.0,Open / Pending,Other Problem | Return / Replacement | Return or replacement request | Owner: Customer Service/Commercial,Return / Replacement,Customer Service/Commercial,Return,1099856796,,,,,,150,2 CASES,0.0,0.0,0.0,0.0,0.0,0.0,0.0,0.0,0.0,0.0,0.0,4,Pending,4–7 Days
5881290-20260626-133335,2026-06-26 13:33:36,2026-06-26,,South Branch,L5 IN Andhrapradesh 4,D915,5881290.0,Lakshmi Enterprises,inv no: 1366100778,BI-Stock Shortages,Pending,,,,Pending,GT Distributors,Swamy Sons Agencies Private Limited,2026.0,6.0,Jun,2026-06,Q2,1.0,Open / Pending,Warehouse Problem | Stock Shortage | Short or not-received quantity | Owner: Warehouse/DC,Stock Shortage,Warehouse/DC,Stock Shortage,1366100778,,,,,,,48 PIECES,0.0,1.0,0.0,0.0,0.0,0.0,0.0,0.0,0.0,0.0,0.0,4,Pending,4–7 Days
601120-20260626-160437,2026-06-26 16:04:38,2026-06-26,,South Branch,L5 IN Andhra Pradesh NP,D915,601120.0,Gautham Enterprises,Product Name:Nescafe Sunrise Premix 16*1 Kg,BI-Stock Shortages,Pending,,,,Pending,NP-Distributor,Jurigari Private Limited,2026.0,6.0,Jun,2026-06,Q2,1.0,Open / Pending,Warehouse Problem | Stock Shortage | Short or not-received quantity | Owner: Warehouse/DC,Stock Shortage,Warehouse/DC,Stock Shortage,1366100120,Copy,,13485442,Nescafe Sunrise Premix 16*1 Kg,610228141A,463,,0.0,1.0,0.0,0.0,0.0,0.0,0.0,0.0,0.0,0.0,0.0,4,Pending,4–7 Days
6043092-20260626-134300,2026-06-26 13:43:01,2026-06-26,,South Branch,L5 IN Andhrapradesh 2,D915,6043092.0,Sri Rajeswari Traders,INV NO:1366100742,BI-Stock Shortages,Pending,,,,Pending,GT Distributors,Swamy Sons Agencies Private Limited,2026.0,6.0,Jun,2026-06,Q2,1.0,Open / Pending,Warehouse Problem | Stock Shortage | Short or not-received quantity | Owner: Warehouse/DC,Stock Shortage,Warehouse/DC,Stock Shortage,1366100742,,,13680087,MAGGI 2-MINN MAS 24*300G PR RS 2 OFF IN,,58,1 CASE,0.0,1.0,0.0,0.0,0.0,0.0,0.0,0.0,0.0,0.0,0.0,4,Pending,4–7 Days
7206600-20260626-185232,2026-06-26 18:52:32,2026-06-26,,South Branch,L5 IN Andhrapradesh 2,D915,7206600.0,Sriram Enterprises,Two cases are short with Swamy & Sons with LR No: N/A Dt:23-06-26 and Invoice Number: 1366100728 Dt:23-06-2026 1. 12579448 - Lactogen Pro 1 24x400g 1case Short and 2. 13678473 - Maggi NDLS 108x52g 1case Short,BI-Stock Shortages,Pending,,,,Pending,GT Distributors,Swamy Sons Agencies Private Limited,2026.0,6.0,Jun,2026-06,Q2,1.0,Open / Pending,Warehouse Problem | Stock Shortage | Short or not-received quantity | Owner: Warehouse/DC,Stock Shortage,Warehouse/DC,Stock Shortage,1366100728,,,,,,,1 CASE,0.0,1.0,0.0,0.0,0.0,0.0,0.0,0.0,0.0,0.0,0.0,4,Pending,4–7 Days
4966450-20260625-122406,2026-06-25 12:24:07,2026-06-25,,South Branch,L5 IN Andhrapradesh 4,D915,4966450.0,Sri Nidhi Marketings,transport swamy  and sons 3pl p ltd,BI-Stock Shortages,Pending,,,,Pending,GT Distributors,Swamy Sons Agencies Private Limited,2026.0,6.0,Jun,2026-06,Q2,1.0,Open / Pending,Warehouse Problem | Stock Shortage | Short or not-received quantity | Owner: Warehouse/DC,Stock Shortage,Warehouse/DC,Stock Shortage,1366100771,,,,,,,1 CS,0.0,1.0,0.0,0.0,0.0,0.0,0.0,0.0,0.0,0.0,0.0,5,Pending,4–7 Days
4966450-20260625-125456,2026-06-25 12:54:56,2026-06-25,,South Branch,L5 IN Andhrapradesh 4,D915,4966450.0,Sri Nidhi Marketings,SWAMY AND SONS DATE 24-06-2026,BI-Stock Shortages,Pending,,,,Pending,GT Distributors,Swamy Sons Agencies Private Limited,2026.0,6.0,Jun,2026-06,Q2,1.0,Open / Pending,Warehouse Problem | Stock Shortage | Short or not-received quantity | Owner: Warehouse/DC,Stock Shortage,Warehouse/DC,Stock Shortage,136100772,,,,,,,5 CS,0.0,1.0,0.0,0.0,0.0,0.0,0.0,0.0,0.0,0.0,0.0,5,Pending,4–7 Days
601408-20260625-103410,2026-06-25 10:34:11,2026-06-25,,South Branch,L5 IN Kerala 1,C963,601408.0,Priya Agencies,IN 23/06/2026,BI-Stock Shortages,Pending,,,,Pending,GT Distributors,Wrong OTR,2026.0,6.0,Jun,2026-06,Q2,1.0,Open / Pending,Warehouse Problem | Stock Shortage | Short or not-received quantity | Owner: Warehouse/DC,Stock Shortage,Warehouse/DC,Stock Shortage,,,,,,,,,0.0,1.0,0.0,0.0,0.0,0.0,0.0,0.0,0.0,0.0,0.0,5,Pending,4–7 Days
601408-20260625-105526,2026-06-25 10:55:26,2026-06-25,,South Branch,L5 IN Kerala 1,C963,601408.0,Priya Agencies,Subject: Invoice No. 1365806958,BI-Stock Shortages,Pending,,,,Pending,GT Distributors,Johnson Enterprises,2026.0,6.0,Jun,2026-06,Q2,1.0,Open / Pending,Warehouse Problem | Stock Shortage | Short or not-received quantity | Owner: Warehouse/DC,Stock Shortage,Warehouse/DC,Stock Shortage; Packaging/Sealing,,,,,,,,2 PCS,0.0,1.0,0.0,0.0,0.0,0.0,0.0,0.0,0.0,0.0,0.0,5,Pending,4–7 Days
6960711-20260625-220612,2026-06-25 22:06:13,2026-06-25,,South Branch,L5 IN Andhrapradesh 4,D915,6960711.0,Tadepalli Eswararao Son,INV NO1366100780,BI-Stock Shortages,Pending,,,,Pending,GT Distributors,Swamy Sons Agencies Private Limited,2026.0,6.0,Jun,2026-06,Q2,1.0,Open / Pending,Warehouse Problem | Stock Shortage | Short or not-received quantity | Owner: Warehouse/DC,Stock Shortage,Warehouse/DC,Stock Shortage,1366100780; 1366100781; 1366100782,,,,,,,1 CASE; 2 CASE; 3 CASE; 6 CASE,0.0,1.0,0.0,0.0,0.0,0.0,0.0,0.0,0.0,0.0,0.0,5,Pending,4–7 Days
7083698-20260625-155214,2026-06-25 15:52:15,2026-06-25,,South Branch,L5 IN Bangalore City 2,B929,7083698.0,Intelligent Retail Private Limited,"We have received ""12606043"" - 'MAGGI HOT & SWEET 24x200g N2 IN', MRP-75, 1 cases shortage for Invoice# 938435904 dated 24/06/2026",BI-Stock Shortages,Pending,,,,Pending,GT Distributors,KKP Express,2026.0,6.0,Jun,2026-06,Q2,1.0,Open / Pending,Warehouse Problem | Stock Shortage | Short or not-received quantity | Owner: Warehouse/DC,Stock Shortage,Warehouse/DC,Stock Shortage,938435904,,,,,,75,1 CASES,0.0,1.0,0.0,0.0,0.0,0.0,0.0,0.0,0.0,0.0,0.0,5,Pending,4–7 Days
7087765-20260625-172640,2026-06-25 17:26:40,2026-06-25,,South Branch,L5 IN Kerala 1,C963,7087765.0,C J THOMAS & CO,In No 1365802836 Date 16-4-2026,BI-Stock Shortages,Pending,,,,Pending,GT Distributors,BlueWave Supply Chain,2026.0,6.0,Jun,2026-06,Q2,1.0,Open / Pending,Warehouse Problem | Stock Shortage | Short or not-received quantity | Owner: Warehouse/DC,Stock Shortage,Warehouse/DC,Stock Shortage,,,,,,,,5 CASE,0.0,1.0,0.0,0.0,0.0,0.0,0.0,0.0,0.0,0.0,0.0,5,Pending,4–7 Days
7339382-20260625-183859,2026-06-25 18:39:00,2026-06-25,,South Branch,L5 IN Bangalore City 2,B929,7339382.0,Pearl Enterprises,MAGGI 75G 2CASES,BI-Stock Shortages,Pending,,,,Pending,GT Distributors,Duplicate OTR,2026.0,6.0,Jun,2026-06,Q2,1.0,Open / Pending,Warehouse Problem | Stock Shortage | Short or not-received quantity | Owner: Warehouse/DC,Stock Shortage,Warehouse/DC,Stock Shortage,,,,,,,,2 CASES,0.0,1.0,0.0,0.0,0.0,0.0,0.0,0.0,0.0,0.0,0.0,5,Pending,4–7 Days
7339382-20260625-183947,2026-06-25 18:39:47,2026-06-25,,South Branch,L5 IN Bangalore City 2,B929,7339382.0,Pearl Enterprises,MAGGI 300G,BI-Stock Shortages,Pending,,,,Pending,GT Distributors,Duplicate OTR,2026.0,6.0,Jun,2026-06,Q2,1.0,Open / Pending,Warehouse Problem | Stock Shortage | Short or not-received quantity | Owner: Warehouse/DC,Stock Shortage,Warehouse/DC,Stock Shortage,,,,,,,,,0.0,1.0,0.0,0.0,0.0,0.0,0.0,0.0,0.0,0.0,0.0,5,Pending,4–7 Days
7339382-20260625-184430,2026-06-25 18:44:30,2026-06-25,,South Branch,L5 IN Bangalore City 2,B929,7339382.0,Pearl Enterprises,MAGGI 75G 2 CASES MRP 15/-,BI-Stock Shortages,Pending,,,,Pending,GT Distributors,KKP Express,2026.0,6.0,Jun,2026-06,Q2,1.0,Open / Pending,Other Problem | Transit Shortage | Shortage during transportation | Owner: Transporter/Logistics,Transit Shortage,Transporter/Logistics,Stock Shortage; Transit,938435728,,,,,,15; 60,2 CASES; 1 CASE,1.0,1.0,0.0,0.0,0.0,0.0,0.0,0.0,0.0,0.0,0.0,5,Pending,4–7 Days
7339382-20260625-184532,2026-06-25 18:45:32,2026-06-25,,South Branch,L5 IN Bangalore City 2,B929,7339382.0,Pearl Enterprises,RTD CHILHED LATE MRP 45/- 1 CASE DAMAGE IN TRANSIT,BI-Damages,Pending,,,,Pending,GT Distributors,KKP Express,2026.0,6.0,Jun,2026-06,Q2,1.0,Open / Pending,Other Problem | Transit Damage | Damage during transportation | Owner: Transporter/Logistics,Transit Damage,Transporter/Logistics,Damage; Transit,938435728,,,,,,45,1 CASE,1.0,0.0,1.0,0.0,0.0,0.0,0.0,0.0,0.0,0.0,0.0,5,Pending,4–7 Days
7453842-20260625-180040,2026-06-25 18:00:41,2026-06-25,,South Branch,L5 IN Andhrapradesh 2,D915,7453842.0,Sri Rajeswari Traders,Inv no :1366100743,BI-Stock Shortages,Pending,,,,Pending,GT Distributors,Swamy Sons Agencies Private Limited,2026.0,6.0,Jun,2026-06,Q2,1.0,Open / Pending,Warehouse Problem | Stock Shortage | Short or not-received quantity | Owner: Warehouse/DC,Stock Shortage,Warehouse/DC,Stock Shortage,1366100743,,,,,,50,2 CASES,0.0,1.0,0.0,0.0,0.0,0.0,0.0,0.0,0.0,0.0,0.0,5,Pending,4–7 Days
3030771-20260624-105942,2026-06-24 10:59:42,2026-06-24,,South Branch,L5 IN Kerala 4,7793,3030771.0,Sony Traders,PRODUCT CODE  12559592,BI-Stock Shortages,Pending,,,,Pending,GT Distributors,DRIVER LOGISTICS LLP,2026.0,6.0,Jun,2026-06,Q2,1.0,Open / Pending,Warehouse Problem | Stock Shortage | Short or not-received quantity | Owner: Warehouse/DC,Stock Shortage,Warehouse/DC,Stock Shortage,1365366947,,,12559592,,61202814PA,35,1 CASE; 2 CASE,0.0,1.0,0.0,0.0,0.0,0.0,0.0,0.0,0.0,0.0,0.0,6,Pending,4–7 Days
3030771-20260624-110119,2026-06-24 11:01:19,2026-06-24,,South Branch,L5 IN Kerala 4,7793,3030771.0,Sony Traders,PRODUCT CODE  12623517,BI-Stock Shortages,Pending,,,,Pending,GT Distributors,DRIVER LOGISTICS LLP,2026.0,6.0,Jun,2026-06,Q2,1.0,Open / Pending,Warehouse Problem | Stock Shortage | Short or not-received quantity | Owner: Warehouse/DC,Stock Shortage,Warehouse/DC,Stock Shortage,1365366946,,,12623517,,61660452CF,30,6 CASE; 100 CASE,0.0,1.0,0.0,0.0,0.0,0.0,0.0,0.0,0.0,0.0,0.0,6,Pending,4–7 Days
4409276-20260624-184933,2026-06-24 18:49:34,2026-06-24,,South Branch,L5 IN Tamil Nadu 3,B744,4409276.0,Sri Lakshman Trading Corporation,Distributor Code :4409276,BI-Batch Related Issues,Pending,,,,Pending,GT Distributors,,2026.0,6.0,Jun,2026-06,Q2,1.0,Open / Pending,Warehouse Problem | Expiry / Short Expiry | Expired or insufficient shelf-life stock | Owner: Warehouse/DC,Expiry / Short Expiry,Warehouse/DC,Expiry,,,,12726758,MAGGI Masala-ae-Magic Sbg 60x72g N2 IN,53590452LA,60,,0.0,0.0,0.0,0.0,0.0,0.0,0.0,1.0,0.0,0.0,0.0,6,Pending,4–7 Days
4766881-20260624-162305,2026-06-24 16:23:06,2026-06-24,,South Branch,L5 IN Hyderabad 2,2032,4766881.0,Balaji Agencies,RTD LATTE 45/- 1CS SHORT RECIEVED IN INV NO-1099856595 DATE-23.06.2026 PRODUCT CODE-12516484,BI-Stock Shortages,Pending,,,,Pending,GT Distributors,Jurigari Private Limited,2026.0,6.0,Jun,2026-06,Q2,1.0,Open / Pending,Warehouse Problem | Stock Shortage | Short or not-received quantity | Owner: Warehouse/DC,Stock Shortage,Warehouse/DC,Stock Shortage,1099856595,,,12516484,,,,1 CS,0.0,1.0,0.0,0.0,0.0,0.0,0.0,0.0,0.0,0.0,0.0,6,Pending,4–7 Days
4966450-20260624-184202,2026-06-24 18:42:03,2026-06-24,,South Branch,L5 IN Andhrapradesh 4,D915,4966450.0,Sri Nidhi Marketings,LR NO  3030 SWAMY AND SONS,BI-Stock Shortages,Pending,,,,Pending,GT Distributors,Swamy Sons Agencies Private Limited,2026.0,6.0,Jun,2026-06,Q2,1.0,Open / Pending,Warehouse Problem | Stock Shortage | Short or not-received quantity | Owner: Warehouse/DC,Stock Shortage,Warehouse/DC,Stock Shortage,1366100544,3030,,,,,445,1 CS,0.0,1.0,0.0,0.0,0.0,0.0,0.0,0.0,0.0,0.0,0.0,6,Pending,4–7 Days
4966450-20260624-184429,2026-06-24 18:44:30,2026-06-24,,South Branch,L5 IN Andhrapradesh 4,D915,4966450.0,Sri Nidhi Marketings,TRANSPORT SWAMY AND SONS 22-06-2026,BI-Stock Shortages,Pending,,,,Pending,GT Distributors,Swamy Sons Agencies Private Limited,2026.0,6.0,Jun,2026-06,Q2,1.0,Open / Pending,Warehouse Problem | Stock Shortage | Short or not-received quantity | Owner: Warehouse/DC,Stock Shortage,Warehouse/DC,Stock Shortage,,,,,,,245; 250,1 CS,0.0,1.0,0.0,0.0,0.0,0.0,0.0,0.0,0.0,0.0,0.0,6,Pending,4–7 Days
6006337-20260624-122627,2026-06-24 12:26:27,2026-06-24,,South Branch,L5 IN Hyderabad 2,2032,6006337.0,Laxmi Prasanna Agencies,KITKAT CHUNKY Miniatures 24x126g (Pack Code: 12619057):old  Manufacturing date 18/10/2025 received 1cs.Invoice no.1099856635,BI-Batch Related Issues,Pending,,,,Pending,GT Distributors,Chirag Road Lines,2026.0,6.0,Jun,2026-06,Q2,1.0,Open / Pending,Warehouse Problem | Batch Mismatch | Billed versus received batch mismatch | Owner: Warehouse/DC,Batch Mismatch,Warehouse/DC,Batch Mismatch,,,,,,,,1 CS,0.0,0.0,0.0,0.0,0.0,0.0,1.0,0.0,0.0,0.0,0.0,6,Pending,4–7 Days
601004-20260624-163128,2026-06-24 16:31:28,2026-06-24,,South Branch,L5 IN Chennai City 1,C749,601004.0,Aswin Enterprises,INVOICE NO 974829803,BI-Stock Shortages,Pending,,,,Pending,GT Distributors,Sakthi Jayavel Motors,2026.0,6.0,Jun,2026-06,Q2,1.0,Open / Pending,Other Problem | Transit Shortage | Shortage during transportation | Owner: Transporter/Logistics,Transit Shortage,Transporter/Logistics,Stock Shortage; Transit,974829803,,,12608497,,61650455TB,15,,1.0,1.0,0.0,0.0,0.0,0.0,0.0,0.0,0.0,0.0,0.0,6,Pending,4–7 Days
601004-20260624-163346,2026-06-24 16:33:46,2026-06-24,,South Branch,L5 IN Chennai City 1,C749,601004.0,Aswin Enterprises,INVOICE NO 974829758,BI-Stock Shortages,Pending,,,,Pending,GT Distributors,Sakthi Jayavel Motors,2026.0,6.0,Jun,2026-06,Q2,1.0,Open / Pending,Other Problem | Transit Shortage | Shortage during transportation | Owner: Transporter/Logistics,Transit Shortage,Transporter/Logistics,Stock Shortage; Transit,974829758,,,12595279,,60750455HA,75,,1.0,1.0,0.0,0.0,0.0,0.0,0.0,0.0,0.0,0.0,0.0,6,Pending,4–7 Days
601004-20260624-163546,2026-06-24 16:35:47,2026-06-24,,South Branch,L5 IN Chennai City 1,C749,601004.0,Aswin Enterprises,INVOICE NO 974830352,BI-Stock Shortages,Pending,,,,Pending,GT Distributors,Sakthi Jayavel Motors,2026.0,6.0,Jun,2026-06,Q2,1.0,Open / Pending,Other Problem | Transit Shortage | Shortage during transportation | Owner: Transporter/Logistics,Transit Shortage,Transporter/Logistics,Stock Shortage; Transit,974830352,,,12448239,,60031530KA,30,,1.0,1.0,0.0,0.0,0.0,0.0,0.0,0.0,0.0,0.0,0.0,6,Pending,4–7 Days
601004-20260624-163742,2026-06-24 16:37:42,2026-06-24,,South Branch,L5 IN Chennai City 1,C749,601004.0,Aswin Enterprises,INVOICE NO 974830355,BI-Stock Shortages,Pending,,,,Pending,GT Distributors,Sakthi Jayavel Motors,2026.0,6.0,Jun,2026-06,Q2,1.0,Open / Pending,Other Problem | Transit Shortage | Shortage during transportation | Owner: Transporter/Logistics,Transit Shortage,Transporter/Logistics,Stock Shortage; Transit,974830355,,TN12T4453,12595279,,60750455HA; 61060455HA,75,,1.0,1.0,0.0,0.0,0.0,0.0,0.0,0.0,0.0,0.0,0.0,6,Pending,4–7 Days
601383-20260624-195004,2026-06-24 19:50:05,2026-06-24,,South Branch,L5 IN Karnataka 2,B929,601383.0,Pavan Agencies,EXCHANGE OF STOCK,BI-Batch Related Issues,Pending,,,,Pending,GT Distributors,Bharath Transport Company,2026.0,6.0,Jun,2026-06,Q2,1.0,Open / Pending,"Warehouse Problem | Promo / Free Goods Missing | Promotional child pack, gift, or free stock not received | Owner: Warehouse/DC",Promo / Free Goods Missing,Warehouse/DC,Promo Missing; Stock Shortage,,,,,- MAGGI Masala-ae-Magic 16(2(60x6g) N2 IN; - MAGGI MeM 16(2(60x6g) PR Cassrole,,,4 CASES,0.0,1.0,0.0,0.0,0.0,0.0,0.0,0.0,1.0,0.0,0.0,6,Pending,4–7 Days
601780-20260624-150708,2026-06-24 15:07:08,2026-06-24,,South Branch,L5 IN Hyderabad 1,2032,601780.0,Vijeta Enterprises,"INV NO:1099856761, DATE: 24-06-26",BI-Stock Shortages,Pending,,,,Pending,GT Distributors,Jurigari Private Limited,2026.0,6.0,Jun,2026-06,Q2,1.0,Open / Pending,Warehouse Problem | Stock Shortage | Short or not-received quantity | Owner: Warehouse/DC,Stock Shortage,Warehouse/DC,Stock Shortage,1099856761,,,,"NESCAFE CLASSIC Dawn Jar 24x90g ,MRP: 445/-; MAGGI PAZZTA Cheese 48x150g, MRP-68/-; MAGGI 2-MINN Spicy Cheesy 96x76g , MRP-25/-",,445; 68; 25,2 CS; 1 CS; 3 CS,0.0,1.0,0.0,0.0,0.0,0.0,0.0,0.0,0.0,0.0,0.0,6,Pending,4–7 Days
601780-20260624-151811,2026-06-24 15:18:12,2026-06-24,,South Branch,L5 IN Hyderabad 1,2032,601780.0,Vijeta Enterprises,"INV NO: 1099856761, DATE-24-06-26",BI-Batch Related Issues,Pending,,,,Pending,GT Distributors,Jurigari Private Limited,2026.0,6.0,Jun,2026-06,Q2,1.0,Open / Pending,Warehouse Problem | Batch Mismatch | Billed versus received batch mismatch | Owner: Warehouse/DC,Batch Mismatch,Warehouse/DC,Batch Mismatch,1099856761,,,,"CERL STG3 Whe Rice Mix Frt 24x300g,MRP-290/-; NESCAFE Choco Latte Cnd 30x200ml, MRP-75/-; NESCAFE Classic Latte Cnd 30X200ml,MRP-75/-",61390451DB; 60990451AA; 61457742AB; 61317742AA; 61247742AA; 61357742AA,290; 75,1 CS; 3 CS,0.0,0.0,0.0,0.0,0.0,0.0,1.0,0.0,0.0,0.0,0.0,6,Pending,4–7 Days
6077575-20260624-152200,2026-06-24 15:22:00,2026-06-24,,South Branch,L5 IN Andhra Pradesh Purina,D915,6077575.0,Blitzhaus Pet Mart.,"INV 1366100746, 1366100748 dt  23.06.2026",BI-Damages,Pending,,,,Pending,Pet Food-Distributor,Jurigari Private Limited,2026.0,6.0,Jun,2026-06,Q2,1.0,Open / Pending,Warehouse Problem | Product Damage | Damaged stock at receipt | Owner: Warehouse/DC,Product Damage,Warehouse/DC,Damage,1366100746,,,,,,,1 PC,0.0,0.0,1.0,0.0,0.0,0.0,0.0,0.0,0.0,0.0,0.0,6,Pending,4–7 Days
6912092-20260624-153702,2026-06-24 15:37:02,2026-06-24,,South Branch,L5 IN Karnataka 3,B929,6912092.0,Intelligent Retail Private Limited,Product Code : 14199858,BI-Stock Shortages,Pending,,,,Pending,GT Distributors,,2026.0,6.0,Jun,2026-06,Q2,1.0,Open / Pending,Other Problem | Transit Shortage | Shortage during transportation | Owner: Transporter/Logistics,Transit Shortage,Transporter/Logistics,Stock Shortage; Transit,,2072207,,14199858; 12980655,MUNCH Maha 18(50x10.4g) NR IN; MILKYBAR Mould 16(24x21g) IN,61640454P1; 6150C711AA,5; 20,21 CS; 1 CS,1.0,1.0,0.0,0.0,0.0,0.0,0.0,0.0,0.0,0.0,0.0,6,Pending,4–7 Days
7090540-20260624-121720,2026-06-24 12:17:21,2026-06-24,,South Branch,L5 IN Bangalore City 1,B929,7090540.0,Sri Parshva Pharma Distributors Private Limited,Code-7090540,BI-Batch Related Issues,Pending,,,,Pending,GT Distributors,,2026.0,6.0,Jun,2026-06,Q2,1.0,Open / Pending,Warehouse Problem | Batch Mismatch | Billed versus received batch mismatch | Owner: Warehouse/DC,Batch Mismatch,Warehouse/DC,Batch Mismatch,,,,,,,,1 CASE,0.0,0.0,0.0,0.0,0.0,0.0,1.0,0.0,0.0,0.0,0.0,6,Pending,4–7 Days
3643313-20260623-172831,2026-06-23 17:28:31,2026-06-23,,South Branch,L5 IN Bangalore City 2,B929,3643313.0,Pramukha Agencies,We have  received 1 case shortage  stock in below invoice (Milkybar choo plain),BI-Stock Shortages,Pending,,,,Pending,GT Distributors,KKP Express,2026.0,6.0,Jun,2026-06,Q2,1.0,Open / Pending,Warehouse Problem | Stock Shortage | Short or not-received quantity | Owner: Warehouse/DC,Stock Shortage,Warehouse/DC,Stock Shortage,,,,,,,,1 CASE,0.0,1.0,0.0,0.0,0.0,0.0,0.0,0.0,0.0,0.0,0.0,7,Pending,4–7 Days
3878245-20260623-192541,2026-06-23 19:25:41,2026-06-23,,South Branch,L5 IN Chennai Rural,C749,3878245.0,Ishrath Traders,INVOICE NO: 974830143 RS.60 MAGGI 01 C/S FULLY DAMAGE ( INDIVIDUAL PACK FULLY TEARED ). STOCK RETURNED.,BI-Damages,Pending,,,,Pending,GT Distributors,Sakthi Jayavel Motors,2026.0,6.0,Jun,2026-06,Q2,1.0,Open / Pending,Warehouse Problem | Product Damage | Damaged stock at receipt | Owner: Warehouse/DC,Product Damage,Warehouse/DC,Damage; Return,974830143,,,,,,,,0.0,0.0,1.0,0.0,0.0,0.0,0.0,0.0,0.0,0.0,0.0,7,Pending,4–7 Days
5213822-20260623-142447,2026-06-23 14:24:47,2026-06-23,,South Branch,L5 IN Andhrapradesh 2,D915,5213822.0,Surya Agencies,stock shortage 1 c/s -- prenan 400g *24 units mrp 710 mrp,BI-Stock Shortages,Pending,,,,Pending,GT Distributors,Swamy Sons Agencies Private Limited,2026.0,6.0,Jun,2026-06,Q2,1.0,Open / Pending,Warehouse Problem | Stock Shortage | Short or not-received quantity | Owner: Warehouse/DC,Stock Shortage,Warehouse/DC,Stock Shortage,1366100678,,,12567446,,61000453T1,710,24 UNITS,0.0,1.0,0.0,0.0,0.0,0.0,0.0,0.0,0.0,0.0,0.0,7,Pending,4–7 Days
5653625-20260623-175227,2026-06-23 17:52:27,2026-06-23,,South Branch,L5 IN Tamil Nadu 1,B744,5653625.0,T.Thirumalaisamy General Merchant,INVOICE NO - 959186431,BI-Stock Shortages,Pending,,,,Pending,GT Distributors,KKP Express,2026.0,6.0,Jun,2026-06,Q2,1.0,Open / Pending,Warehouse Problem | Stock Shortage | Short or not-received quantity | Owner: Warehouse/DC,Stock Shortage,Warehouse/DC,Stock Shortage,959186431,,,14378939,NESC SUNRISE SAC 30(156*1.6.G)TN NR 4N2 IN,61590452FA,2,1 CS,0.0,1.0,0.0,0.0,0.0,0.0,0.0,0.0,0.0,0.0,0.0,7,Pending,4–7 Days
600985-20260623-153909,2026-06-23 15:39:10,2026-06-23,,South Branch,L5 IN Hyderabad 2,2032,600985.0,Amrutha Enterprises,Invoice Number ; 1099856321,BI-Stock Shortages,Pending,,,,Pending,GT Distributors,Jurigari Private Limited,2026.0,6.0,Jun,2026-06,Q2,1.0,Open / Pending,Warehouse Problem | Stock Shortage | Short or not-received quantity | Owner: Warehouse/DC,Stock Shortage,Warehouse/DC,Stock Shortage,1099856321,5965,,,LACTOGEN PRO2 BIB 24x400g INLEB086 N1 IN MRP 450/- 5  CASES,,450; 775; 245; 295; 5,5 CASES; 3 CASES; 2 CASES,0.0,1.0,0.0,0.0,0.0,0.0,0.0,0.0,0.0,0.0,0.0,7,Pending,4–7 Days
601764-20260623-122959,2026-06-23 12:30:00,2026-06-23,,South Branch,L5 IN Andhra Pradesh NP,D915,601764.0,Venkata Chalapathi Enterprises,PRODUCT CODE :12426635,BI-Stock Shortages,Pending,,,,Pending,NP-Distributor,Swamy Sons Agencies Private Limited,2026.0,6.0,Jun,2026-06,Q2,1.0,Open / Pending,Warehouse Problem | Stock Shortage | Short or not-received quantity | Owner: Warehouse/DC,Stock Shortage,Warehouse/DC,Stock Shortage,1366100474,COPY,,12426635,EVERYDAY DAIRY CREAMER24*450g IN,61340451DK,390,6 CASES,0.0,1.0,0.0,0.0,0.0,0.0,0.0,0.0,0.0,0.0,0.0,7,Pending,4–7 Days
601785-20260623-170917,2026-06-23 17:09:17,2026-06-23,,South Branch,L5 IN Kerala 1,C963,601785.0,Vinod Agencies,GRN Number:  GRN2002426,BI-Stock Shortages,Pending,,,,Pending,GT Distributors,BlueWave Supply Chain,2026.0,6.0,Jun,2026-06,Q2,1.0,Open / Pending,Warehouse Problem | Stock Shortage | Short or not-received quantity | Owner: Warehouse/DC,Stock Shortage,Warehouse/DC,Stock Shortage,1365806886,,,13722293,MUNCH Cereal Choco Fills 216x17g IN,6104T246CA,10,7 CASE,0.0,1.0,0.0,0.0,0.0,0.0,0.0,0.0,0.0,0.0,0.0,7,Pending,4–7 Days
6605551-20260623-165401,2026-06-23 16:54:02,2026-06-23,,South Branch,L5 IN Chennai Rural,C749,6605551.0,Krishna Traders,RESPECTED SIR,BI-Stock Shortages,Pending,,,,Pending,GT Distributors,Sakthi Jayavel Motors,2026.0,6.0,Jun,2026-06,Q2,1.0,Open / Pending,Warehouse Problem | Stock Shortage | Short or not-received quantity | Owner: Warehouse/DC,Stock Shortage,Warehouse/DC,Stock Shortage,974830099,,TN07CY7933,,,,,1 CASE,0.0,1.0,0.0,0.0,0.0,0.0,0.0,0.0,0.0,0.0,0.0,7,Pending,4–7 Days
6605551-20260623-165939,2026-06-23 16:59:40,2026-06-23,,South Branch,L5 IN Chennai Rural,C749,6605551.0,Krishna Traders,RESPECTED SIR,BI-Stock Shortages,Pending,,,,Pending,GT Distributors,Sakthi Jayavel Motors,2026.0,6.0,Jun,2026-06,Q2,1.0,Open / Pending,Warehouse Problem | Stock Shortage | Short or not-received quantity | Owner: Warehouse/DC,Stock Shortage,Warehouse/DC,Stock Shortage,974829269,,TN32AP3656,,,,,2 CASE; 1 CASE,0.0,1.0,0.0,0.0,0.0,0.0,0.0,0.0,0.0,0.0,0.0,7,Pending,4–7 Days
6657817-20260623-100834,2026-06-23 10:08:35,2026-06-23,,South Branch,L5 IN Kerala 4,7793,6657817.0,Mion Enterprises,Stock Recieved in Inv No: 1365365851 Dated 09/06/2026,BI-Batch Related Issues,Pending,,,,Pending,GT Distributors,DRIVER LOGISTICS LLP,2026.0,6.0,Jun,2026-06,Q2,1.0,Open / Pending,Warehouse Problem | Batch Mismatch | Billed versus received batch mismatch | Owner: Warehouse/DC,Batch Mismatch,Warehouse/DC,Batch Mismatch,1365365851,,,,,,445,1 CS; 2 CS,0.0,0.0,0.0,0.0,0.0,0.0,1.0,0.0,0.0,0.0,0.0,7,Pending,4–7 Days
7256641-20260623-144527,2026-06-23 14:45:28,2026-06-23,,South Branch,L5 IN Chennai City 2,C749,7256641.0,Rathna Agencies,Invoice No :974830123,BI-Returns,Pending,,,,Pending,GT Distributors,CCI Logistics Limited,2026.0,6.0,Jun,2026-06,Q2,1.0,Open / Pending,Other Problem | Return / Replacement | Return or replacement request | Owner: Customer Service/Commercial,Return / Replacement,Customer Service/Commercial,Return,974830123,,TN20BV6187,14511910,NESC SUNRISE Jar 12x90g PR Mug Fr NR4 IN,61400452DC,320,6 CASE,0.0,0.0,0.0,0.0,0.0,0.0,0.0,0.0,0.0,0.0,0.0,7,Pending,4–7 Days
7339382-20260623-125232,2026-06-23 12:52:32,2026-06-23,,South Branch,L5 IN Bangalore City 2,B929,7339382.0,Pearl Enterprises,MRP.2 SUNRISE 2 BUNDLE SHORTAGE IN INTACT CASE.BATCH NO ;61440452PA MAY26/MAY27,BI-Stock Shortages,Pending,,,,Pending,GT Distributors,,2026.0,6.0,Jun,2026-06,Q2,1.0,Open / Pending,Warehouse Problem | Stock Shortage | Short or not-received quantity | Owner: Warehouse/DC,Stock Shortage,Warehouse/DC,Stock Shortage,,,,,,61440452PA,,,0.0,1.0,0.0,0.0,0.0,0.0,0.0,0.0,0.0,0.0,0.0,7,Pending,4–7 Days
7339382-20260623-133501,2026-06-23 13:35:01,2026-06-23,,South Branch,L5 IN Bangalore City 2,B929,7339382.0,Pearl Enterprises,"milkybar choo plain 30(28x11G) in mrp.5  2 case shortage in transit. date 06/04/2026. invoice no;938419690 , lr.no; 2026506 AVG LOGISTICS LIMITED. DRIVER NAME; NAVEEN KUMAR, CL NO; 9591871846",BI-Stock Shortages,Pending,,,,Pending,GT Distributors,AVG Logistics Limited,2026.0,6.0,Jun,2026-06,Q2,1.0,Open / Pending,Other Problem | Transit Shortage | Shortage during transportation | Owner: Transporter/Logistics,Transit Shortage,Transporter/Logistics,Stock Shortage; Transit,938419690,,,,,,,2 CASE,1.0,1.0,0.0,0.0,0.0,0.0,0.0,0.0,0.0,0.0,0.0,7,Pending,4–7 Days
7402251-20260623-131704,2026-06-23 13:17:04,2026-06-23,,South Branch,L5 IN Bangalore City 2,B929,7402251.0,Intelligent Retail Private Limited,938435294,BI-Stock Shortages,Pending,,,,Pending,GT Distributors,KKP Express,2026.0,6.0,Jun,2026-06,Q2,1.0,Open / Pending,Other Problem | Return / Replacement | Return or replacement request | Owner: Customer Service/Commercial,Return / Replacement,Customer Service/Commercial,Return,,,,,,,75; 60,1 CASE; 24 CASE,0.0,0.0,0.0,0.0,0.0,0.0,0.0,0.0,0.0,0.0,0.0,7,Pending,4–7 Days
7453842-20260623-091015,2026-06-23 09:10:15,2026-06-23,,South Branch,L5 IN Andhrapradesh 2,D915,7453842.0,Sri Rajeswari Traders,INV NO:1366100561,BI-Stock Shortages,Pending,,,,Pending,GT Distributors,Swamy Sons Agencies Private Limited,2026.0,6.0,Jun,2026-06,Q2,1.0,Open / Pending,Warehouse Problem | Stock Shortage | Short or not-received quantity | Owner: Warehouse/DC,Stock Shortage,Warehouse/DC,Stock Shortage,1366100561,,,,,,20; 300,1 CASE,0.0,1.0,0.0,0.0,0.0,0.0,0.0,0.0,0.0,0.0,0.0,7,Pending,4–7 Days
7453842-20260623-091152,2026-06-23 09:11:52,2026-06-23,,South Branch,L5 IN Andhrapradesh 2,D915,7453842.0,Sri Rajeswari Traders,INV NO: 1366100359,BI-Stock Shortages,Pending,,,,Pending,GT Distributors,Swamy Sons Agencies Private Limited,2026.0,6.0,Jun,2026-06,Q2,1.0,Open / Pending,Warehouse Problem | Stock Shortage | Short or not-received quantity | Owner: Warehouse/DC,Stock Shortage,Warehouse/DC,Stock Shortage,1366100359,,,,,,625; 250,1 CASE,0.0,1.0,0.0,0.0,0.0,0.0,0.0,0.0,0.0,0.0,0.0,7,Pending,4–7 Days
600983-20260622-144417,2026-06-22 14:44:18,2026-06-22,,South Branch,L5 IN Kerala 2,C963,600983.0,Ambooken Agencies,Invoice Number : 1365806682,BI-Batch Related Issues,Pending,,,,Pending,GT Distributors,BlueWave Supply Chain,2026.0,6.0,Jun,2026-06,Q2,1.0,Open / Pending,Warehouse Problem | Batch Mismatch | Billed versus received batch mismatch | Owner: Warehouse/DC,Batch Mismatch,Warehouse/DC,Batch Mismatch,1365806682,,,14515244,Nan Excella Pro2 Bib 24x400g,61410453J2; 61550453J2,,4 CASES; 3 CASES,0.0,0.0,0.0,0.0,0.0,0.0,1.0,0.0,0.0,0.0,0.0,8,Pending,8–15 Days
601328-20260622-162943,2026-06-22 16:29:43,2026-06-22,,South Branch,L5 IN Karnataka 2,B929,601328.0,Narayan Keshappa Sindol,INVOICE NO. 938434908,BI-Stock Shortages,Pending,,,,Pending,GT Distributors,AVG Logistics Limited,2026.0,6.0,Jun,2026-06,Q2,1.0,Open / Pending,Warehouse Problem | Stock Shortage | Short or not-received quantity | Owner: Warehouse/DC,Stock Shortage,Warehouse/DC,Stock Shortage,,DATE,,,,61442814WA; 60470452LB,,1 CS,0.0,1.0,0.0,0.0,0.0,0.0,0.0,0.0,0.0,0.0,0.0,8,Pending,8–15 Days
601658-20260622-180357,2026-06-22 18:03:58,2026-06-22,,South Branch,L5 IN Andhrapradesh 2,2032,601658.0,Sri Venkateswara Marketing Services,SUNRISE EXTRA MRP 1246/- 1 C/S SHORTAGE IN INVOICE NO:1261313161320452VA.,BI-Stock Shortages,Pending,,,,Pending,GT Distributors,,2026.0,6.0,Jun,2026-06,Q2,1.0,Open / Pending,Warehouse Problem | Stock Shortage | Short or not-received quantity | Owner: Warehouse/DC,Stock Shortage,Warehouse/DC,Stock Shortage,126000000000000,,,,,,1246,,0.0,1.0,0.0,0.0,0.0,0.0,0.0,0.0,0.0,0.0,0.0,8,Pending,8–15 Days
601780-20260622-154713,2026-06-22 15:47:13,2026-06-22,,South Branch,L5 IN Hyderabad 1,2032,601780.0,Vijeta Enterprises,"Inv: 1099856322, Date:21-06-26",BI-Stock Shortages,Pending,,,,Pending,GT Distributors,Glovis India Private Limited,2026.0,6.0,Jun,2026-06,Q2,1.0,Open / Pending,Warehouse Problem | Stock Shortage | Short or not-received quantity | Owner: Warehouse/DC,Stock Shortage,Warehouse/DC,Stock Shortage,1099856322,,,,"MAGGI HOT & SWEET 12x1Kg, Mrp-190/-",,190,112 CS; 110 CS; 2 CS,0.0,1.0,0.0,0.0,0.0,0.0,0.0,0.0,0.0,0.0,0.0,8,Pending,8–15 Days
7012481-20260622-121025,2026-06-22 12:10:26,2026-06-22,,South Branch,L5 IN Hyderabad 1,2032,7012481.0,S V Enterprises,INV-1099856368,BI-Stock Shortages,Pending,,,,Pending,GT Distributors,Jurigari Private Limited,2026.0,6.0,Jun,2026-06,Q2,1.0,Open / Pending,Warehouse Problem | Stock Shortage | Short or not-received quantity | Owner: Warehouse/DC,Stock Shortage,Warehouse/DC,Stock Shortage,1099856368,,,,,,,30 CASES,0.0,1.0,0.0,0.0,0.0,0.0,0.0,0.0,0.0,0.0,0.0,8,Pending,8–15 Days
7035170-20260622-145146,2026-06-22 14:51:46,2026-06-22,,South Branch,L5 IN Chennai City 1,C749,7035170.0,Intelligent Retail Private Limited,"We have received ""12579448"" - 'LACTOGEN PRO1 BIB 24x400g INNWPB176 IN', MRP-450, 72 pcs shortage for Invoice# 974829930 dated 20/06/2026",BI-Stock Shortages,Pending,,,,Pending,GT Distributors,Sakthi Jayavel Motors,2026.0,6.0,Jun,2026-06,Q2,1.0,Open / Pending,Warehouse Problem | Stock Shortage | Short or not-received quantity | Owner: Warehouse/DC,Stock Shortage,Warehouse/DC,Stock Shortage,974829930,,,,,,450,72 PCS,0.0,1.0,0.0,0.0,0.0,0.0,0.0,0.0,0.0,0.0,0.0,8,Pending,8–15 Days
7453826-20260622-132201,2026-06-22 13:22:01,2026-06-22,,South Branch,L5 IN Kerala 1,C963,7453826.0,Aswini Medicines,This is to bring to your attention an issue with Invoice No: 1365366766 dated 19/06/2026. The invoiced product details are as follows:,BI-Stock Shortages,Pending,,,,Pending,GT Distributors,DRIVER LOGISTICS LLP,2026.0,6.0,Jun,2026-06,Q2,1.0,Open / Pending,Warehouse Problem | Wrong SKU / Product | Wrong or interchanged material supplied | Owner: Warehouse/DC,Wrong SKU / Product,Warehouse/DC,Wrong SKU,1365366766,,,12602710,NESCAFE SUNRISE Dawn Jar 30x45g TN NR IN,60630452DA,,,0.0,0.0,0.0,0.0,0.0,1.0,0.0,0.0,0.0,0.0,0.0,8,Pending,8–15 Days
7459087-20260622-164048,2026-06-22 16:40:48,2026-06-22,,South Branch,L5 IN Bangalore City 2,B929,7459087.0,Sima Agency,Invoice No.938435142 Dated: 20/06/2026,BI-Stock Shortages,Pending,,,,Pending,GT Distributors,Diptab Ventures Pvt ltd,2026.0,6.0,Jun,2026-06,Q2,1.0,Open / Pending,Warehouse Problem | Stock Shortage | Short or not-received quantity | Owner: Warehouse/DC,Stock Shortage,Warehouse/DC,Stock Shortage,,,,14515595,,61510452DA,170,,0.0,1.0,0.0,0.0,0.0,0.0,0.0,0.0,0.0,0.0,0.0,8,Pending,8–15 Days
6151677-20260621-130413,2026-06-21 13:04:13,2026-06-21,,South Branch,L5 IN Andhrapradesh 2,D915,6151677.0,Sri Jayalakshmi Traders,Invoice No :1366100615 Date :19/06/2026 P code:12460896 NAN PRE HMF DSH001 6(51*1g)IN MRP 2670/ 1 CASE SHORT Driver Name Babu Mobile No 9390798902 Vehical no TS05 VA 2150,BI-Stock Shortages,Pending,,,,Pending,GT Distributors,Swamy Sons Agencies Private Limited,2026.0,6.0,Jun,2026-06,Q2,1.0,Open / Pending,Warehouse Problem | Stock Shortage | Short or not-received quantity | Owner: Warehouse/DC,Stock Shortage,Warehouse/DC,Stock Shortage,1366100615,,,,,,2670,1 CASE,0.0,1.0,0.0,0.0,0.0,0.0,0.0,0.0,0.0,0.0,0.0,9,Pending,8–15 Days
1081682-20260620-194813,2026-06-20 19:48:13,2026-06-20,,South Branch,L5 IN Andhrapradesh 4,D915,1081682.0,Sri Sai Vasavi Agencies,SWAMY & SONS 3 PL PRIVATE LTD,BI-Stock Shortages,Pending,,,,Pending,GT Distributors,Swamy Sons Agencies Private Limited,2026.0,6.0,Jun,2026-06,Q2,1.0,Open / Pending,Warehouse Problem | Stock Shortage | Short or not-received quantity | Owner: Warehouse/DC,Stock Shortage,Warehouse/DC,Stock Shortage,1366100606,,,13757661; 14033758,,61121519FA; 61210453A7,5,8 CASES; 4 CASE,0.0,1.0,0.0,0.0,0.0,0.0,0.0,0.0,0.0,0.0,0.0,10,Pending,8–15 Days
6006337-20260620-203102,2026-06-20 20:31:02,2026-06-20,,South Branch,L5 IN Hyderabad 2,D915,6006337.0,Laxmi Prasanna Agencies,"CERELAC RICE-1 CS,(250 MRP)CERELAC WHEET- 1CS(245 MRP),LACTOGEN1-1 CS(450 MRP),NAN EXCELLA PRO1-1CS (950 MRP)SHORTGAE IN INVOICE NO.1366100596,DRIVER  NO.9160039204.DC NAME SWAMY & SONS",BI-Stock Shortages,Pending,,,,Pending,GT Distributors,Swamy Sons Agencies Private Limited,2026.0,6.0,Jun,2026-06,Q2,1.0,Open / Pending,Warehouse Problem | Stock Shortage | Short or not-received quantity | Owner: Warehouse/DC,Stock Shortage,Warehouse/DC,Stock Shortage,,,,,,,,1 CS,0.0,1.0,0.0,0.0,0.0,0.0,0.0,0.0,0.0,0.0,0.0,10,Pending,8–15 Days
601034-20260620-124852,2026-06-20 12:48:52,2026-06-20,,South Branch,L5 IN Andhrapradesh 4,C749,601034.0,Bhanu Agencies,"INV No: 974827023, DT:29/05/2026",BI-Stock Shortages,Pending,,,,Pending,GT Distributors,Chirag Road Lines,2026.0,6.0,Jun,2026-06,Q2,1.0,Open / Pending,Warehouse Problem | Stock Shortage | Short or not-received quantity | Owner: Warehouse/DC,Stock Shortage,Warehouse/DC,Stock Shortage,974827023; 974827024,,,12612451; 14514842,,61390454C1; 61290453J3,30; 775,1 CS,0.0,1.0,0.0,0.0,0.0,0.0,0.0,0.0,0.0,0.0,0.0,10,Pending,8–15 Days
601683-20260620-125118,2026-06-20 12:51:19,2026-06-20,,South Branch,L5 IN Hyderabad 2,D915,601683.0,Subham Agencies,STOCK SHORTAGE IN TRNASPORT,BI-Stock Shortages,Pending,,,,Pending,GT Distributors,Swamy Sons Agencies Private Limited,2026.0,6.0,Jun,2026-06,Q2,1.0,Open / Pending,Warehouse Problem | Stock Shortage | Short or not-received quantity | Owner: Warehouse/DC,Stock Shortage,Warehouse/DC,Stock Shortage,1366100609,,,,,,,26 CS; 1 CS; 3 CS,0.0,1.0,0.0,0.0,0.0,0.0,0.0,0.0,0.0,0.0,0.0,10,Pending,8–15 Days
6151677-20260620-172311,2026-06-20 17:23:12,2026-06-20,,South Branch,L5 IN Andhrapradesh 2,D915,6151677.0,Sri Jayalakshmi Traders,"Invoice no 1366100075 date 05/06/2026 CERELAC STG 4 MU Fruit 24*300gZS IN 1 CASE , MAGGI-2-MINN Chkn 96*76g IN 1 CASE And Polo Big Roll Jar 12((68+4)*13.5g)4Fr in 1CASE SHORT TOTOAL 3 CASES SHORTAGE",BI-Stock Shortages,Pending,,,,Pending,GT Distributors,Jurigari Private Limited,2026.0,6.0,Jun,2026-06,Q2,1.0,Open / Pending,Warehouse Problem | Stock Shortage | Short or not-received quantity | Owner: Warehouse/DC,Stock Shortage,Warehouse/DC,Stock Shortage,1366100075,,,,,,,1 CASE; 3 CASES,0.0,1.0,0.0,0.0,0.0,0.0,0.0,0.0,0.0,0.0,0.0,10,Pending,8–15 Days
6151677-20260620-174050,2026-06-20 17:40:51,2026-06-20,,South Branch,L5 IN Andhrapradesh 2,D915,6151677.0,Sri Jayalakshmi Traders,"Invoice NO 1366100512 date 17/06/2026 Product Code 12584920 10 CASES MILKLMAID SCM EOE Tin 48*380g N2 IN Mrp 149/ Short, Invoice NO 1366100514 Date 17/06/2026 Product Code 12616251 2 Case MAGGI 2MINN ChknN 96*76G IN Mrp 20/ Short, Invoice  No 1366100511 Product Code 12584920 6 CASES  MILKMAID SCM EOE Tin 48*380gN2 INMrp 149/ Short  AND Invoice No 1366100516 Product Code 14511910 NESC SUNRISE Jar 12*90g PR Mug Fg NR4 IN Mrp 320/ 2 Cases Short",BI-Stock Shortages,Pending,,,,Pending,GT Distributors,Jurigari Private Limited,2026.0,6.0,Jun,2026-06,Q2,1.0,Open / Pending,Warehouse Problem | Stock Shortage | Short or not-received quantity | Owner: Warehouse/DC,Stock Shortage,Warehouse/DC,Stock Shortage,1366100512; 1366100514; 1366100511; 1366100516,,,12584920; 12616251; 14511910,,,149; 20; 320,10 CASES; 2 CASE; 6 CASES; 2 CASES; 20 CASES,0.0,1.0,0.0,0.0,0.0,0.0,0.0,0.0,0.0,0.0,0.0,10,Pending,8–15 Days
6441951-20260620-164409,2026-06-20 16:44:09,2026-06-20,,South Branch,L5 IN Karnataka 2,B929,6441951.0,Bagi Trading Company,INVOICE NO. 938434936 DATED 18/06/2026 MAGGI Masala-ae-Magic 16(2(60x6g)N2 MRP 5/- Billed 17 Cases Plain Stock & Received offer Stock but not Received Water Disp & mentioned on LR Copy.,BI-Batch Related Issues,Pending,,,,Pending,GT Distributors,AVG Logistics Limited,2026.0,6.0,Jun,2026-06,Q2,1.0,Open / Pending,"Warehouse Problem | Promo / Free Goods Missing | Promotional child pack, gift, or free stock not received | Owner: Warehouse/DC",Promo / Free Goods Missing,Warehouse/DC,Promo Missing; Stock Shortage,,Copy,,,,,5,17 CASES,0.0,1.0,0.0,0.0,1.0,0.0,0.0,0.0,1.0,0.0,0.0,10,Pending,8–15 Days
7083698-20260620-174342,2026-06-20 17:43:43,2026-06-20,,South Branch,L5 IN Bangalore City 2,B929,7083698.0,Intelligent Retail Private Limited,"We have received ""14515595"" - 'NESCAFE SUNRISE Jar 30x45g NR4 30 Off IN', MRP-170, 1 cases shortage for Invoice# 938435049 dated 19/06/2026",BI-Stock Shortages,Pending,,,,Pending,GT Distributors,Diptab Ventures Pvt ltd,2026.0,6.0,Jun,2026-06,Q2,1.0,Open / Pending,Warehouse Problem | Stock Shortage | Short or not-received quantity | Owner: Warehouse/DC,Stock Shortage,Warehouse/DC,Stock Shortage,938435049,,,,,,170; 450; 295,1 CASES; 3 CASES,0.0,1.0,0.0,0.0,0.0,0.0,0.0,0.0,0.0,0.0,0.0,10,Pending,8–15 Days
4766881-20260619-104442,2026-06-19 10:44:42,2026-06-19,,South Branch,L5 IN Hyderabad 2,2032,4766881.0,Balaji Agencies,MUNCH 10/- 1CS SHORT RECIEVED IN INV NO-1099856009 DATE-18.06.2026 PRODUCT CODE-14378778,BI-Stock Shortages,Pending,,,,Pending,GT Distributors,Chirag Road Lines,2026.0,6.0,Jun,2026-06,Q2,1.0,Open / Pending,Warehouse Problem | Stock Shortage | Short or not-received quantity | Owner: Warehouse/DC,Stock Shortage,Warehouse/DC,Stock Shortage,1099856009,,,14378778,,,,1 CS,0.0,1.0,0.0,0.0,0.0,0.0,0.0,0.0,0.0,0.0,0.0,11,Pending,8–15 Days
5533884-20260619-205013,2026-06-19 20:50:14,2026-06-19,,South Branch,L5 IN Hyderabad 1,2032,5533884.0,Shri Hanuman Agencies,product code 12606782,BI-Stock Shortages,Pending,,,,Pending,GT Distributors,Glovis India Private Limited,2026.0,6.0,Jun,2026-06,Q2,1.0,Open / Pending,Warehouse Problem | Stock Shortage | Short or not-received quantity | Owner: Warehouse/DC,Stock Shortage,Warehouse/DC,Stock Shortage,1099856006,,,12606782,,60880452DC,870,1 CASE,0.0,1.0,0.0,0.0,0.0,0.0,0.0,0.0,0.0,0.0,0.0,11,Pending,8–15 Days
601743-20260619-124253,2026-06-19 12:42:54,2026-06-19,,South Branch,L5 IN Bangalore City 1,B929,601743.0,V S R Marketing Agency,Invoice Number Cmp invoice date Product Code Product Name Batch MRP Invoice Qty Cases LR NO REMARKS,BI-Batch Related Issues,Pending,,,,Pending,GT Distributors,Diptab Ventures Pvt ltd,2026.0,6.0,Jun,2026-06,Q2,1.0,Open / Pending,Warehouse Problem | Promo / Free Goods Missing | Promotional or free item not received | Owner: Warehouse/DC,Promo / Free Goods Missing,Warehouse/DC,Promo Missing,,REMARKS,,PRODUCT,,,,,0.0,0.0,0.0,0.0,0.0,0.0,0.0,0.0,1.0,0.0,0.0,11,Pending,8–15 Days
601743-20260619-130444,2026-06-19 13:04:44,2026-06-19,,South Branch,L5 IN Bangalore City 1,B929,601743.0,V S R Marketing Agency,Invoice Number Cmp invoice date Product Code Product Name Batch MRP Invoice Qty LR NO REMARKS,BI-Damages,Pending,,,,Pending,GT Distributors,Diptab Ventures Pvt ltd,2026.0,6.0,Jun,2026-06,Q2,1.0,Open / Pending,Warehouse Problem | Product Damage | Damaged stock at receipt | Owner: Warehouse/DC,Product Damage,Warehouse/DC,Damage,,REMARKS,,PRODUCT,,,,,0.0,0.0,1.0,0.0,0.0,0.0,0.0,0.0,0.0,0.0,0.0,11,Pending,8–15 Days
601743-20260619-130641,2026-06-19 13:06:41,2026-06-19,,South Branch,L5 IN Bangalore City 1,B929,601743.0,V S R Marketing Agency,Invoice Number Cmp invoice date HSN Code Product Code Product Name Batch MRP Invoice Qty Cases LR NO REMARKS,BI-Batch Related Issues,Pending,,,,Pending,GT Distributors,KKP Express,2026.0,6.0,Jun,2026-06,Q2,1.0,Open / Pending,Warehouse Problem | Batch Mismatch | Billed versus received batch mismatch | Owner: Warehouse/DC,Batch Mismatch,Warehouse/DC,Batch Mismatch,,REMARKS,,PRODUCT,,MISSMATCH,,,0.0,0.0,0.0,0.0,0.0,0.0,1.0,0.0,0.0,0.0,0.0,11,Pending,8–15 Days
601743-20260619-130916,2026-06-19 13:09:17,2026-06-19,,South Branch,L5 IN Bangalore City 1,B929,601743.0,V S R Marketing Agency,Invoice Number Cmp invoice date Product Code Product Name Batch MRP Invoice Qty Cases LR NO REMARK,BI-Batch Related Issues,Pending,,,,Pending,GT Distributors,KKP Express,2026.0,6.0,Jun,2026-06,Q2,1.0,Open / Pending,Warehouse Problem | Batch Mismatch | Billed versus received batch mismatch | Owner: Warehouse/DC,Batch Mismatch,Warehouse/DC,Batch Mismatch,,REMARK,,PRODUCT,,,,,0.0,0.0,0.0,0.0,0.0,0.0,1.0,0.0,0.0,0.0,0.0,11,Pending,8–15 Days
601743-20260619-131056,2026-06-19 13:10:56,2026-06-19,,South Branch,L5 IN Bangalore City 1,B929,601743.0,V S R Marketing Agency,Invoice Number Cmp invoice date Product Code Product Name Batch MRP Invoice Qty LR NO REMARKS,BI-Damages,Pending,,,,Pending,GT Distributors,Diptab Ventures Pvt ltd,2026.0,6.0,Jun,2026-06,Q2,1.0,Open / Pending,Warehouse Problem | Product Damage | Damaged stock at receipt | Owner: Warehouse/DC,Product Damage,Warehouse/DC,Damage,,REMARKS,,PRODUCT,,,,,0.0,0.0,1.0,0.0,0.0,0.0,0.0,0.0,0.0,0.0,0.0,11,Pending,8–15 Days
601743-20260619-131232,2026-06-19 13:12:32,2026-06-19,,South Branch,L5 IN Bangalore City 1,B929,601743.0,V S R Marketing Agency,Invoice Number Cmp invoice date Product Code Product Name Batch MRP Invoice Qty LR NO REMARKS,BI-Stock Shortages,Pending,,,,Pending,GT Distributors,KKP Express,2026.0,6.0,Jun,2026-06,Q2,1.0,Open / Pending,Warehouse Problem | Stock Shortage | Short or not-received quantity | Owner: Warehouse/DC,Stock Shortage,Warehouse/DC,Stock Shortage,,REMARKS,,PRODUCT,,,,,0.0,1.0,0.0,0.0,0.0,0.0,0.0,0.0,0.0,0.0,0.0,11,Pending,8–15 Days
6043092-20260619-123439,2026-06-19 12:34:40,2026-06-19,,South Branch,L5 IN Andhrapradesh 2,D915,6043092.0,Sri Rajeswari Traders,MISMATCH,BI-Stock Shortages,Pending,,,,Pending,GT Distributors,Swamy Sons Agencies Private Limited,2026.0,6.0,Jun,2026-06,Q2,1.0,Open / Pending,Warehouse Problem | Stock Shortage | Short or not-received quantity | Owner: Warehouse/DC,Stock Shortage,Warehouse/DC,Stock Shortage,1366100542,,,12559595,MAGGI PAZZTA MUSHROOM 96*68.5G IN  (IN INVOICE),,35,1 CASE,0.0,1.0,0.0,0.0,0.0,0.0,0.0,0.0,0.0,0.0,0.0,11,Pending,8–15 Days
6077575-20260619-121704,2026-06-19 12:17:05,2026-06-19,,South Branch,L5 IN Andhra Pradesh Purina,D915,6077575.0,Blitzhaus Pet Mart.,"inv 1366100487, 1366100488,1366100489,1366100490 dt : 16.06.2026",BI-Stock Shortages,Pending,,,,Pending,Pet Food-Distributor,Jurigari Private Limited,2026.0,6.0,Jun,2026-06,Q2,1.0,Open / Pending,Warehouse Problem | Expiry / Short Expiry | Expired or insufficient shelf-life stock | Owner: Warehouse/DC,Expiry / Short Expiry,Warehouse/DC,MRP Mismatch; Expiry; Return,1366100487,,,,,,,10 BOX,0.0,0.0,0.0,0.0,1.0,0.0,0.0,1.0,0.0,0.0,0.0,11,Pending,8–15 Days
6077575-20260619-121832,2026-06-19 12:18:32,2026-06-19,,South Branch,L5 IN Andhra Pradesh Purina,D915,6077575.0,Blitzhaus Pet Mart.,"INV 1366100487, 1366100488,1366100489,1366100490 dt : 16.06.2026,",BI-Damages,Pending,,,,Pending,Pet Food-Distributor,Jurigari Private Limited,2026.0,6.0,Jun,2026-06,Q2,1.0,Open / Pending,Warehouse Problem | Product Damage | Damaged stock at receipt | Owner: Warehouse/DC,Product Damage,Warehouse/DC,Damage,1366100487,,,,,,2650; 12300; 4500; 9500,,0.0,0.0,1.0,0.0,0.0,0.0,0.0,0.0,0.0,0.0,0.0,11,Pending,8–15 Days
6704644-20260619-103745,2026-06-19 10:37:45,2026-06-19,,South Branch,L5 IN Tamil Nadu 3,B744,6704644.0,Sri Seetharam Traders,Invoice number- 959185886,BI-Stock Shortages,Pending,,,,Pending,GT Distributors,M S P Transports,2026.0,6.0,Jun,2026-06,Q2,1.0,Open / Pending,Warehouse Problem | Stock Shortage | Short or not-received quantity | Owner: Warehouse/DC,Stock Shortage,Warehouse/DC,Stock Shortage,959185886,,,12608497,,61529939AA,,,0.0,1.0,0.0,0.0,0.0,0.0,0.0,0.0,0.0,0.0,0.0,11,Pending,8–15 Days
6775174-20260619-143222,2026-06-19 14:32:22,2026-06-19,,South Branch,L5 IN Kerala 1,C963,6775174.0,Libra Consumables Private Limited,3PCS OF MILKMAID SCM EOE Tin 48x380g N2 IN SHORTAGE IN DC SEALED CARTON .,BI-Stock Shortages,Pending,,,,Pending,GT Distributors,BlueWave Supply Chain,2026.0,6.0,Jun,2026-06,Q2,1.0,Open / Pending,Warehouse Problem | Stock Shortage | Short or not-received quantity | Owner: Warehouse/DC,Stock Shortage,Warehouse/DC,Stock Shortage,1365806303,,,,,,,3 PCS,0.0,1.0,0.0,0.0,0.0,0.0,0.0,0.0,0.0,0.0,0.0,11,Pending,8–15 Days
7090540-20260619-105144,2026-06-19 10:51:45,2026-06-19,,South Branch,L5 IN Bangalore City 1,B929,7090540.0,Sri Parshva Pharma Distributors Private Limited,CD CODE-7090540,BI-Batch Related Issues,Pending,,,,Pending,GT Distributors,Yellowings Delivery Services,2026.0,6.0,Jun,2026-06,Q2,1.0,Open / Pending,Warehouse Problem | Batch Mismatch | Billed versus received batch mismatch | Owner: Warehouse/DC,Batch Mismatch,Warehouse/DC,Batch Mismatch,938434500,,,,,,,,0.0,0.0,0.0,0.0,0.0,0.0,1.0,0.0,0.0,0.0,0.0,11,Pending,8–15 Days
7093228-20260619-153751,2026-06-19 15:37:51,2026-06-19,,South Branch,L5 IN Kerala 2,C963,7093228.0,Kottaram Business Corporation,Invoice 1365806455 16-06-2026 2101 11 20 14333175 NESCAFE SUNRISE Dawn Jar 30x45g NR4 IN,BI-Stock Shortages,Pending,,,,Pending,GT Distributors,BlueWave Supply Chain,2026.0,6.0,Jun,2026-06,Q2,1.0,Open / Pending,Warehouse Problem | Stock Shortage | Short or not-received quantity | Owner: Warehouse/DC,Stock Shortage,Warehouse/DC,Stock Shortage,1365806455,,,,,,,5 CS,0.0,1.0,0.0,0.0,0.0,0.0,0.0,0.0,0.0,0.0,0.0,11,Pending,8–15 Days
5213822-20260618-134930,2026-06-18 13:49:31,2026-06-18,,South Branch,L5 IN Andhrapradesh 2,D915,5213822.0,Surya Agencies,stock shortage 65 c/s milkmaid 149 rs mrp 48*380g,BI-Stock Shortages,Pending,,,,Pending,GT Distributors,Swamy Sons Agencies Private Limited,2026.0,6.0,Jun,2026-06,Q2,1.0,Open / Pending,Warehouse Problem | Stock Shortage | Short or not-received quantity | Owner: Warehouse/DC,Stock Shortage,Warehouse/DC,Stock Shortage,1366100459,,,,,61500451ZA,48; 149,,0.0,1.0,0.0,0.0,0.0,0.0,0.0,0.0,0.0,0.0,0.0,12,Pending,8–15 Days
600983-20260618-160722,2026-06-18 16:07:22,2026-06-18,,South Branch,L5 IN Kerala 2,C963,600983.0,Ambooken Agencies,Short Expiry,BI-Expiry / Bad Goods,Pending,,,,Pending,GT Distributors,BlueWave Supply Chain,2026.0,6.0,Jun,2026-06,Q2,1.0,Open / Pending,Warehouse Problem | Expiry / Short Expiry | Expired or insufficient shelf-life stock | Owner: Warehouse/DC,Expiry / Short Expiry,Warehouse/DC,Expiry,1365806395,,,12616966,LACTOGEN PRO2 BIB (3X400g)INLEB086 IN,52990453M1,,,0.0,0.0,0.0,0.0,0.0,0.0,0.0,1.0,0.0,0.0,0.0,12,Pending,8–15 Days
600991-20260618-103006,2026-06-18 10:30:06,2026-06-18,,South Branch,L5 IN Tamil Nadu 3,B744,600991.0,Annapoorni Agencies,INV NO: 959185764 DATE: 17.06.2026 BATCH CODE: 61620454P1 5RS MUNCH ONE CASE SHORTAGE,BI-Stock Shortages,Pending,,,,Pending,GT Distributors,KKP Express,2026.0,6.0,Jun,2026-06,Q2,1.0,Open / Pending,Warehouse Problem | Stock Shortage | Short or not-received quantity | Owner: Warehouse/DC,Stock Shortage,Warehouse/DC,Stock Shortage,959185764,,,,,61620454P1,,,0.0,1.0,0.0,0.0,0.0,0.0,0.0,0.0,0.0,0.0,0.0,12,Pending,8–15 Days
601607-20260618-203108,2026-06-18 20:31:08,2026-06-18,,South Branch,L5 IN Andhrapradesh 2,D915,601607.0,Sri Kameswara Agenices,Inv no 1366100453,BI-Stock Shortages,Pending,,,,Pending,GT Distributors,Jurigari Private Limited,2026.0,6.0,Jun,2026-06,Q2,1.0,Open / Pending,Warehouse Problem | Stock Shortage | Short or not-received quantity | Owner: Warehouse/DC,Stock Shortage,Warehouse/DC,Stock Shortage,1366100453,,,,,,,10 CASES; 5 CASE,0.0,1.0,0.0,0.0,0.0,0.0,0.0,0.0,0.0,0.0,0.0,12,Pending,8–15 Days
601707-20260618-173014,2026-06-18 17:30:14,2026-06-18,,South Branch,L5 IN Hyderabad 1,2032,601707.0,Synergy Enterprises,INV NUM 1099853927 INV DT 04/06/2026,BI-Stock Shortages,Pending,,,,Pending,GT Distributors,Jurigari Private Limited,2026.0,6.0,Jun,2026-06,Q2,1.0,Open / Pending,Warehouse Problem | Stock Shortage | Short or not-received quantity | Owner: Warehouse/DC,Stock Shortage,Warehouse/DC,Stock Shortage,1099853927,,,,,,108,1 CS,0.0,1.0,0.0,0.0,0.0,0.0,0.0,0.0,0.0,0.0,0.0,12,Pending,8–15 Days
601707-20260618-173515,2026-06-18 17:35:16,2026-06-18,,South Branch,L5 IN Hyderabad 1,2032,601707.0,Synergy Enterprises,INV NUM 1099853280 INV DT 30/05/2026,BI-Stock Shortages,Pending,,,,Pending,GT Distributors,Shanom Bolt Logistics Private,2026.0,6.0,Jun,2026-06,Q2,1.0,Open / Pending,Warehouse Problem | Stock Shortage | Short or not-received quantity | Owner: Warehouse/DC,Stock Shortage,Warehouse/DC,Stock Shortage,1099853280,,,,,,870; 445; 75; 169; 140; 168,1 CS; 6 CS; 4 CS,0.0,1.0,0.0,0.0,0.0,0.0,0.0,0.0,0.0,0.0,0.0,12,Pending,8–15 Days
601707-20260618-173636,2026-06-18 17:36:36,2026-06-18,,South Branch,L5 IN Hyderabad 1,2032,601707.0,Synergy Enterprises,INV NUM 1099853232  DT 29/05/2026,BI-Stock Shortages,Pending,,,,Pending,GT Distributors,Glovis India Private Limited,2026.0,6.0,Jun,2026-06,Q2,1.0,Open / Pending,Warehouse Problem | Stock Shortage | Short or not-received quantity | Owner: Warehouse/DC,Stock Shortage,Warehouse/DC,Stock Shortage,1099853232,,,,,,100,1 CS,0.0,1.0,0.0,0.0,0.0,0.0,0.0,0.0,0.0,0.0,0.0,12,Pending,8–15 Days
601707-20260618-174000,2026-06-18 17:40:00,2026-06-18,,South Branch,L5 IN Hyderabad 1,2032,601707.0,Synergy Enterprises,INV NUM 1099850654  DT 13/05/2026,BI-Stock Shortages,Pending,,,,Pending,GT Distributors,Jurigari Private Limited,2026.0,6.0,Jun,2026-06,Q2,1.0,Open / Pending,Warehouse Problem | Stock Shortage | Short or not-received quantity | Owner: Warehouse/DC,Stock Shortage,Warehouse/DC,Stock Shortage,1099850654,,,,,,870,1 CS,0.0,1.0,0.0,0.0,0.0,0.0,0.0,0.0,0.0,0.0,0.0,12,Pending,8–15 Days
601707-20260618-174336,2026-06-18 17:43:36,2026-06-18,,South Branch,L5 IN Hyderabad 1,2032,601707.0,Synergy Enterprises,INV NUM 1099855685  DT 16/06/2026,BI-Stock Shortages,Pending,,,,Pending,GT Distributors,Chirag Road Lines,2026.0,6.0,Jun,2026-06,Q2,1.0,Open / Pending,Warehouse Problem | Stock Shortage | Short or not-received quantity | Owner: Warehouse/DC,Stock Shortage,Warehouse/DC,Stock Shortage,1099855685,,,,,,25,1 CS,0.0,1.0,0.0,0.0,0.0,0.0,0.0,0.0,0.0,0.0,0.0,12,Pending,8–15 Days
601743-20260618-114901,2026-06-18 11:49:01,2026-06-18,,South Branch,L5 IN Bangalore City 1,B929,601743.0,V S R Marketing Agency,Invoice Number Cmp invoice date Product Code Product Name Batch MRP QTY LR NO REMARKS,BI-Damages,Pending,,,,Pending,GT Distributors,KKP Express,2026.0,6.0,Jun,2026-06,Q2,1.0,Open / Pending,Warehouse Problem | Product Damage | Damaged stock at receipt | Owner: Warehouse/DC,Product Damage,Warehouse/DC,Damage,,REMARKS,,PRODUCT,,,,,0.0,0.0,1.0,0.0,0.0,0.0,0.0,0.0,0.0,0.0,0.0,12,Pending,8–15 Days
601743-20260618-115120,2026-06-18 11:51:20,2026-06-18,,South Branch,L5 IN Bangalore City 1,B929,601743.0,V S R Marketing Agency,Invoice Number Cmp invoice date Product Code Product Name Batch MRP Qty LR NO REMARKS,BI-Damages,Pending,,,,Pending,GT Distributors,Diptab Ventures Pvt ltd,2026.0,6.0,Jun,2026-06,Q2,1.0,Open / Pending,Warehouse Problem | Product Damage | Damaged stock at receipt | Owner: Warehouse/DC,Product Damage,Warehouse/DC,Damage,,REMARKS,,PRODUCT,,,,,0.0,0.0,1.0,0.0,0.0,0.0,0.0,0.0,0.0,0.0,0.0,12,Pending,8–15 Days
601743-20260618-115341,2026-06-18 11:53:42,2026-06-18,,South Branch,L5 IN Bangalore City 1,B929,601743.0,V S R Marketing Agency,Invoice Number Cmp invoice date Product Code Product Name Batch MRP Invoice Qty LR NO REMARKS,BI-Damages,Pending,,,,Pending,GT Distributors,KKP Express,2026.0,6.0,Jun,2026-06,Q2,1.0,Open / Pending,Warehouse Problem | Product Damage | Damaged stock at receipt | Owner: Warehouse/DC,Product Damage,Warehouse/DC,Damage,,REMARKS,,PRODUCT,,,,,0.0,0.0,1.0,0.0,0.0,0.0,0.0,0.0,0.0,0.0,0.0,12,Pending,8–15 Days
601743-20260618-115624,2026-06-18 11:56:25,2026-06-18,,South Branch,L5 IN Bangalore City 1,B929,601743.0,V S R Marketing Agency,Invoice Number Cmp invoice date Product Code Product Name Batch MRP Invoice Qty LR NO REMARKS,BI-Stock Shortages,Pending,,,,Pending,GT Distributors,KKP Express,2026.0,6.0,Jun,2026-06,Q2,1.0,Open / Pending,Warehouse Problem | Product Damage | Damaged stock at receipt | Owner: Warehouse/DC,Product Damage,Warehouse/DC,Damage,,REMARKS,,PRODUCT,,,,,0.0,0.0,1.0,0.0,0.0,0.0,0.0,0.0,0.0,0.0,0.0,12,Pending,8–15 Days
601780-20260618-132229,2026-06-18 13:22:29,2026-06-18,,South Branch,L5 IN Hyderabad 1,2032,601780.0,Vijeta Enterprises,"INV NO -1099855993,DATE-18-06-26",BI-Stock Shortages,Pending,,,,Pending,GT Distributors,Glovis India Private Limited,2026.0,6.0,Jun,2026-06,Q2,1.0,Open / Pending,Warehouse Problem | Stock Shortage | Short or not-received quantity | Owner: Warehouse/DC,Stock Shortage,Warehouse/DC,Stock Shortage,1099855993,,,,"MAGGI 2-MIN Spec Mas 96x75g, MRP-20/-",,20,7 CS; 5 CS; 1 CS,0.0,1.0,0.0,0.0,0.0,0.0,0.0,0.0,0.0,0.0,0.0,12,Pending,8–15 Days
601780-20260618-132532,2026-06-18 13:25:33,2026-06-18,,South Branch,L5 IN Hyderabad 1,2032,601780.0,Vijeta Enterprises,"INV NO - 1099855994, DATE-18-06-26",BI-Batch Related Issues,Pending,,,,Pending,GT Distributors,Glovis India Private Limited,2026.0,6.0,Jun,2026-06,Q2,1.0,Open / Pending,Warehouse Problem | Batch Mismatch | Billed versus received batch mismatch | Owner: Warehouse/DC,Batch Mismatch,Warehouse/DC,Batch Mismatch,1099855994,,,,"MAGGI 2-MINN Mas 24x300g, MRP-58/-",,58,42 CS,0.0,0.0,0.0,0.0,0.0,0.0,1.0,0.0,0.0,0.0,0.0,12,Pending,8–15 Days
7099587-20260618-131607,2026-06-18 13:16:08,2026-06-18,,South Branch,L5 IN Bangalore City 1,B929,7099587.0,United Distributors,Invoice Number 938433119,BI-Stock Shortages,Pending,,,,Pending,GT Distributors,AVG Logistics Limited,2026.0,6.0,Jun,2026-06,Q2,1.0,Open / Pending,Warehouse Problem | Stock Shortage | Short or not-received quantity | Owner: Warehouse/DC,Stock Shortage,Warehouse/DC,Stock Shortage,938433119,,,14199858,,61520454P1,5,12 BOX,0.0,1.0,0.0,0.0,0.0,0.0,0.0,0.0,0.0,0.0,0.0,12,Pending,8–15 Days
7313829-20260618-155617,2026-06-18 15:56:18,2026-06-18,,South Branch,L5 IN Kerala 4,7793,7313829.0,Aspire Business Hub,"Invoice NO :-1365366226, Invoice date :-13/06/2026",BI-Damages,Pending,,,,Pending,GT Distributors,Caspian Shipping & Logistics,2026.0,6.0,Jun,2026-06,Q2,1.0,Open / Pending,Warehouse Problem | Product Damage | Damaged stock at receipt | Owner: Warehouse/DC,Product Damage,Warehouse/DC,Damage,,,,,- MAGGI 2-MINN Mas  24X300g PR RS 2 Off IN X244,MENTIONED; RECEIVED,,7 PCS,0.0,0.0,1.0,0.0,0.0,0.0,0.0,0.0,0.0,0.0,0.0,12,Pending,8–15 Days
3765015-20260617-143511,2026-06-17 14:35:11,2026-06-17,,South Branch,L5 IN Bangalore City 1,B929,3765015.0,Dhanvanthri Marketing,SHORTAGE 1 CASE,BI-Stock Shortages,Pending,,,,Pending,GT Distributors,KKP Express,2026.0,6.0,Jun,2026-06,Q2,1.0,Open / Pending,Warehouse Problem | Stock Shortage | Short or not-received quantity | Owner: Warehouse/DC,Stock Shortage,Warehouse/DC,Stock Shortage,938433350,,KA02AH1889,,,,87,1 CASE,0.0,1.0,0.0,0.0,0.0,0.0,0.0,0.0,0.0,0.0,0.0,13,Pending,8–15 Days
4766881-20260617-134104,2026-06-17 13:41:05,2026-06-17,,South Branch,L5 IN Hyderabad 2,2032,4766881.0,Balaji Agencies,MAGGI 7/- 18 CS SHORT RECIEVED IN INV NO-1099855578 DATE-15.06.2026 PRODUCT CODE-12608635,BI-Stock Shortages,Pending,,,,Pending,GT Distributors,Jurigari Private Limited,2026.0,6.0,Jun,2026-06,Q2,1.0,Open / Pending,Warehouse Problem | Stock Shortage | Short or not-received quantity | Owner: Warehouse/DC,Stock Shortage,Warehouse/DC,Stock Shortage,1099855578,,,12608635,,,,18 CS,0.0,1.0,0.0,0.0,0.0,0.0,0.0,0.0,0.0,0.0,0.0,13,Pending,8–15 Days
4766881-20260617-134608,2026-06-17 13:46:08,2026-06-17,,South Branch,L5 IN Hyderabad 2,D915,4766881.0,Balaji Agencies,MAGGI 7/- 5CS SHORT RECIEVED IN INV NO-1366100471 DATE-16.06.2026 PRODUCT CODE-12608635,BI-Stock Shortages,Pending,,,,Pending,GT Distributors,Jurigari Private Limited,2026.0,6.0,Jun,2026-06,Q2,1.0,Open / Pending,Warehouse Problem | Stock Shortage | Short or not-received quantity | Owner: Warehouse/DC,Stock Shortage,Warehouse/DC,Stock Shortage,1366100471,,,12608635,,,,5 CS,0.0,1.0,0.0,0.0,0.0,0.0,0.0,0.0,0.0,0.0,0.0,13,Pending,8–15 Days
5881290-20260617-124511,2026-06-17 12:45:11,2026-06-17,,South Branch,L5 IN Andhrapradesh 4,C749,5881290.0,Lakshmi Enterprises,inv:974826528,BI-Stock Shortages,Pending,,,,Pending,GT Distributors,Sakthi Jayavel Motors,2026.0,6.0,Jun,2026-06,Q2,1.0,Open / Pending,Warehouse Problem | Stock Shortage | Short or not-received quantity | Owner: Warehouse/DC,Stock Shortage,Warehouse/DC,Stock Shortage,974826528,299,,,,,30,,0.0,1.0,0.0,0.0,0.0,0.0,0.0,0.0,0.0,0.0,0.0,13,Pending,8–15 Days
5881290-20260617-124842,2026-06-17 12:48:42,2026-06-17,,South Branch,L5 IN Andhrapradesh 4,C749,5881290.0,Lakshmi Enterprises,inv no: 974826527,BI-Stock Shortages,Pending,,,,Pending,GT Distributors,Sakthi Jayavel Motors,2026.0,6.0,Jun,2026-06,Q2,1.0,Open / Pending,Warehouse Problem | Stock Shortage | Short or not-received quantity | Owner: Warehouse/DC,Stock Shortage,Warehouse/DC,Stock Shortage,974826527,,,,,,,,0.0,1.0,0.0,0.0,0.0,0.0,0.0,0.0,0.0,0.0,0.0,13,Pending,8–15 Days
5987453-20260617-131751,2026-06-17 13:17:51,2026-06-17,,South Branch,L5 IN Tamil Nadu 3,B744,5987453.0,Sri Murugan Agencies,WE HAVE NOT RECEIVED THE BELOW MENTIONED STOCK.,BI-Stock Shortages,Pending,,,,Pending,GT Distributors,KKP Express,2026.0,6.0,Jun,2026-06,Q2,1.0,Open / Pending,Warehouse Problem | Stock Shortage | Short or not-received quantity | Owner: Warehouse/DC,Stock Shortage,Warehouse/DC,Stock Shortage,,,TN68AS7652,12608551,,61320455LA,116,1 CASE,0.0,1.0,0.0,0.0,0.0,0.0,0.0,0.0,0.0,0.0,0.0,13,Pending,8–15 Days
6261280-20260617-190355,2026-06-17 19:03:56,2026-06-17,,South Branch,L5 IN Tamil Nadu 1,B744,6261280.0,Visalakshi Communication,12629234 KIT KAT POPS 12(18x17.6g) IN  MRP 20RS,BI-Batch Related Issues,Pending,,,,Pending,GT Distributors,Not related to Dc,2026.0,6.0,Jun,2026-06,Q2,1.0,Open / Pending,Warehouse Problem | Batch Mismatch | Billed versus received batch mismatch | Owner: Warehouse/DC,Batch Mismatch,Warehouse/DC,Batch Mismatch,,,,,,60621519KA,20,,0.0,0.0,0.0,0.0,0.0,0.0,1.0,0.0,0.0,0.0,0.0,13,Pending,8–15 Days
6912092-20260617-130751,2026-06-17 13:07:51,2026-06-17,,South Branch,L5 IN Karnataka 3,B929,6912092.0,Intelligent Retail Private Limited,Product Code : 12595279,BI-Stock Shortages,Pending,,,,Pending,GT Distributors,Diptab Ventures Pvt ltd,2026.0,6.0,Jun,2026-06,Q2,1.0,Open / Pending,Other Problem | Transit Shortage | Shortage during transportation | Owner: Transporter/Logistics,Transit Shortage,Transporter/Logistics,Stock Shortage; Transit,938434401,A245242,,12595279,MAGGI Sauce NONG 24x190g N1 IN,61050455HB,75,1 CS,1.0,1.0,0.0,0.0,0.0,0.0,0.0,0.0,0.0,0.0,0.0,13,Pending,8–15 Days
6952263-20260617-164126,2026-06-17 16:41:26,2026-06-17,,South Branch,L5 IN Kerala 4,7793,6952263.0,United Enterprises,WET DAMAGE DURING TRANSIT,BI-Damages,Pending,,,,Pending,GT Distributors,Caspian Shipping & Logistics,2026.0,6.0,Jun,2026-06,Q2,1.0,Open / Pending,Other Problem | Transit Damage | Damage during transportation | Owner: Transporter/Logistics,Transit Damage,Transporter/Logistics,Damage; Transit,1365366432,,KL08BZ9371,,,,,2 CASES; 48 PCS,1.0,0.0,1.0,0.0,0.0,0.0,0.0,0.0,0.0,0.0,0.0,13,Pending,8–15 Days
6955143-20260617-181449,2026-06-17 18:14:50,2026-06-17,,South Branch,L5 IN Tamil Nadu 2,B744,6955143.0,Five Star Agencies,CERL STAGE3 MIX FRUIT 290 MRP 1 BOX SHORT,BI-Stock Shortages,Pending,,,,Pending,GT Distributors,,2026.0,6.0,Jun,2026-06,Q2,1.0,Open / Pending,Warehouse Problem | Stock Shortage | Short or not-received quantity | Owner: Warehouse/DC,Stock Shortage,Warehouse/DC,Stock Shortage,,,,,,61390451DA,1; 290,1 BOX,0.0,1.0,0.0,0.0,0.0,0.0,0.0,0.0,0.0,0.0,0.0,13,Pending,8–15 Days
7005926-20260617-124051,2026-06-17 12:40:51,2026-06-17,,South Branch,L5 IN Andhrapradesh 2,D915,7005926.0,Sree Balaji Agencies,1 CS of SHORTAGE,BI-Stock Shortages,Pending,,,,Pending,GT Distributors,AVG Logistics Limited,2026.0,6.0,Jun,2026-06,Q2,1.0,Open / Pending,Warehouse Problem | Stock Shortage | Short or not-received quantity | Owner: Warehouse/DC,Stock Shortage,Warehouse/DC,Stock Shortage,1366100343,,,14508794,,,445,1 CS,0.0,1.0,0.0,0.0,0.0,0.0,0.0,0.0,0.0,0.0,0.0,13,Pending,8–15 Days
7093228-20260617-174144,2026-06-17 17:41:45,2026-06-17,,South Branch,L5 IN Kerala 2,C963,7093228.0,Kottaram Business Corporation,1365806453 MAGGI PAZZTA Chsy Tom 80x68.5g IN 35- 2 CS,BI-Stock Shortages,Pending,,,,Pending,GT Distributors,BlueWave Supply Chain,2026.0,6.0,Jun,2026-06,Q2,1.0,Open / Pending,Warehouse Problem | Stock Shortage | Short or not-received quantity | Owner: Warehouse/DC,Stock Shortage,Warehouse/DC,Stock Shortage,,,,,,,,2 CS; 1 CS,0.0,1.0,0.0,0.0,0.0,0.0,0.0,0.0,0.0,0.0,0.0,13,Pending,8–15 Days
7489063-20260617-123450,2026-06-17 12:34:51,2026-06-17,,South Branch,L5 IN Karnataka 3,B929,7489063.0,Maruthi Enterprises,MAGGI 2 MINN MAS 24X300G N1 IN,BI-Stock Shortages,Pending,,,,Pending,GT Distributors,KKP Express,2026.0,6.0,Jun,2026-06,Q2,1.0,Open / Pending,Other Problem | Transit Shortage | Shortage during transportation | Owner: Transporter/Logistics,Transit Shortage,Transporter/Logistics,Stock Shortage; Transit,938419431,,,,,,,1 CASE,1.0,1.0,0.0,0.0,0.0,0.0,0.0,0.0,0.0,0.0,0.0,13,Pending,8–15 Days
5533884-20260616-103154,2026-06-16 10:31:54,2026-06-16,,South Branch,L5 IN Hyderabad 1,2032,5533884.0,Shri Hanuman Agencies,product code 12601933,BI-Stock Shortages,Pending,,,,Pending,GT Distributors,Glovis India Private Limited,2026.0,6.0,Jun,2026-06,Q2,1.0,Open / Pending,Warehouse Problem | Stock Shortage | Short or not-received quantity | Owner: Warehouse/DC,Stock Shortage,Warehouse/DC,Stock Shortage,1099855626,,,12601933,,61330453A1,250,1 CASE,0.0,1.0,0.0,0.0,0.0,0.0,0.0,0.0,0.0,0.0,0.0,14,Pending,8–15 Days
601543-20260616-171947,2026-06-16 17:19:47,2026-06-16,,South Branch,L5 IN Karnataka NP,B929,601543.0,Shreeji Marketing,Inv No.938431720 dated 02.06.2026,BI-Damages,Pending,,,,Pending,NP-Distributor,Diptab Ventures Pvt ltd,2026.0,6.0,Jun,2026-06,Q2,1.0,Open / Pending,Warehouse Problem | Product Damage | Damaged stock at receipt | Owner: Warehouse/DC,Product Damage,Warehouse/DC,Damage,938433438,,,12581886,,53220376DB; 53230376DA,,1 NO; 2 NOS,0.0,0.0,1.0,0.0,0.0,0.0,0.0,0.0,0.0,0.0,0.0,14,Pending,8–15 Days
601780-20260616-123326,2026-06-16 12:33:27,2026-06-16,,South Branch,L5 IN Hyderabad 1,2032,601780.0,Vijeta Enterprises,"INV NO: 1099855734, DATE:16-06-26",BI-Stock Shortages,Pending,,,,Pending,GT Distributors,Glovis India Private Limited,2026.0,6.0,Jun,2026-06,Q2,1.0,Open / Pending,Warehouse Problem | Stock Shortage | Short or not-received quantity | Owner: Warehouse/DC,Stock Shortage,Warehouse/DC,Stock Shortage,1099855734,,,,"MILKMAID Doy Pack 64x190g, MRP-84/-; MAGGI Sauce NONG 24x190g, MRP-80/-; MAGGI Tom Ket 24x480g. MRP- 108/-; MAGGI HOT & SWEET 24x200g, MRP- 80/-",,84; 80; 108,15 CS; 1 EA; 6 CS; 1 CS; 4 CS; 10 CS; 9 CS,0.0,1.0,0.0,0.0,0.0,0.0,0.0,0.0,0.0,0.0,0.0,14,Pending,8–15 Days
6657817-20260616-215313,2026-06-16 21:53:13,2026-06-16,,South Branch,L5 IN Kerala 4,7793,6657817.0,Mion Enterprises,ITEM PRODUCT CODE/ BATCH : 12623517/61516640CA,BI-Stock Shortages,Pending,,,,Pending,GT Distributors,Intact Carton Shortage,2026.0,6.0,Jun,2026-06,Q2,1.0,Open / Pending,Warehouse Problem | Stock Shortage | Short or not-received quantity | Owner: Warehouse/DC,Stock Shortage,Warehouse/DC,Stock Shortage,,,,,,12623517,,6 NOS,0.0,1.0,0.0,0.0,0.0,0.0,0.0,0.0,0.0,0.0,0.0,14,Pending,8–15 Days
6952712-20260616-085509,2026-06-16 08:55:09,2026-06-16,,South Branch,L5 IN Hyderabad 1,2032,6952712.0,Sri Sai Marketing,INV NO-1099855246,BI-Damages,Pending,,,,Pending,GT Distributors,Jurigari Private Limited,2026.0,6.0,Jun,2026-06,Q2,1.0,Open / Pending,Warehouse Problem | Product Damage | Damaged stock at receipt | Owner: Warehouse/DC,Product Damage,Warehouse/DC,Damage,1099855246,,,,,,,,0.0,0.0,1.0,0.0,0.0,0.0,0.0,0.0,0.0,0.0,0.0,14,Pending,8–15 Days
7096754-20260616-184636,2026-06-16 18:46:37,2026-06-16,,South Branch,L5 IN Tamil Nadu 3,B744,7096754.0,Prajitha Marketing,15 M.R.P MAGGI 1PCS COVER TORNED,BI-Damages,Pending,,,,Pending,GT Distributors,KKP Express,2026.0,6.0,Jun,2026-06,Q2,1.0,Open / Pending,Warehouse Problem | Product Damage | Damaged stock at receipt | Owner: Warehouse/DC,Product Damage,Warehouse/DC,Damage,959185279; 959185278,,,,,61570452BA; 61390451JA,,1 PCS,0.0,0.0,1.0,0.0,0.0,0.0,0.0,0.0,0.0,0.0,0.0,14,Pending,8–15 Days
7320085-20260616-121106,2026-06-16 12:11:06,2026-06-16,,South Branch,L5 IN Bangalore City 2,B929,7320085.0,Saphire Marketing,SAPHIRE MARKETING CD CODE 7320085,BI-Stock Shortages,Pending,,,,Pending,GT Distributors,KKP Express,2026.0,6.0,Jun,2026-06,Q2,1.0,Open / Pending,Warehouse Problem | Stock Shortage | Short or not-received quantity | Owner: Warehouse/DC,Stock Shortage,Warehouse/DC,Stock Shortage,,,,,,,,4 CS; 1 CS,0.0,1.0,0.0,0.0,0.0,0.0,0.0,0.0,0.0,0.0,0.0,14,Pending,8–15 Days
7453842-20260616-182007,2026-06-16 18:20:08,2026-06-16,,South Branch,L5 IN Andhrapradesh 2,D915,7453842.0,Sri Rajeswari Traders,inv no: 1366100276,BI-Stock Shortages,Pending,,,,Pending,GT Distributors,Swamy Sons Agencies Private Limited,2026.0,6.0,Jun,2026-06,Q2,1.0,Open / Pending,Warehouse Problem | Stock Shortage | Short or not-received quantity | Owner: Warehouse/DC,Stock Shortage,Warehouse/DC,Stock Shortage,1366100276,,,,,,55; 113; 75,1 CASE; 2 CASES,0.0,1.0,0.0,0.0,0.0,0.0,0.0,0.0,0.0,0.0,0.0,14,Pending,8–15 Days
7453842-20260616-182130,2026-06-16 18:21:31,2026-06-16,,South Branch,L5 IN Andhrapradesh 2,D915,7453842.0,Sri Rajeswari Traders,inv no: 1366100338,BI-Stock Shortages,Pending,,,,Pending,GT Distributors,Swamy Sons Agencies Private Limited,2026.0,6.0,Jun,2026-06,Q2,1.0,Open / Pending,Warehouse Problem | Stock Shortage | Short or not-received quantity | Owner: Warehouse/DC,Stock Shortage,Warehouse/DC,Stock Shortage,1366100338,,,,,,58,1 CASE,0.0,1.0,0.0,0.0,0.0,0.0,0.0,0.0,0.0,0.0,0.0,14,Pending,8–15 Days
601383-20260615-114252,2026-06-15 11:42:52,2026-06-15,,South Branch,L5 IN Karnataka 2,B929,601383.0,Pavan Agencies,Shortages Of Stock in Dc Sealed Case,BI-Stock Shortages,Pending,,,,Pending,GT Distributors,KKP Express,2026.0,6.0,Jun,2026-06,Q2,1.0,Open / Pending,Warehouse Problem | Stock Shortage | Short or not-received quantity | Owner: Warehouse/DC,Stock Shortage,Warehouse/DC,Stock Shortage,,,,,- LACTOGEN PRO 3 BIB 24x400g INJE087-2 IN,,,450 CASES; 5 CASES; 3 PCS,0.0,1.0,0.0,0.0,0.0,0.0,0.0,0.0,0.0,0.0,0.0,15,Pending,8–15 Days
601383-20260615-114541,2026-06-15 11:45:41,2026-06-15,,South Branch,L5 IN Karnataka 2,B929,601383.0,Pavan Agencies,NEAR EXPIRY STOCK RECEIVED (REQUIRED FOR VISHAL MEGA MART),BI-Batch Related Issues,Pending,,,,Pending,GT Distributors,KKP Express,2026.0,6.0,Jun,2026-06,Q2,1.0,Open / Pending,Warehouse Problem | Expiry / Short Expiry | Expired or insufficient shelf-life stock | Owner: Warehouse/DC,Expiry / Short Expiry,Warehouse/DC,Expiry,,,,,- MAGGI 2-MIN Spicy Garlic 24x248g IN,,,100 CASES,0.0,0.0,0.0,0.0,0.0,0.0,0.0,1.0,0.0,0.0,0.0,15,Pending,8–15 Days
601383-20260615-115356,2026-06-15 11:53:57,2026-06-15,,South Branch,L5 IN Karnataka 2,B929,601383.0,Pavan Agencies,NEAR EXPIRY STOCK RECEIVED (REQUIRED FOR VISHAL MEGHA MART & SLOW MOVING SKU),BI-Batch Related Issues,Pending,,,,Pending,GT Distributors,KKP Express,2026.0,6.0,Jun,2026-06,Q2,1.0,Open / Pending,Warehouse Problem | Expiry / Short Expiry | Expired or insufficient shelf-life stock | Owner: Warehouse/DC,Expiry / Short Expiry,Warehouse/DC,Expiry,,,,,- MAGGI PAZZTA Masala 48x139g IN,,,68 CASES,0.0,0.0,0.0,0.0,0.0,0.0,0.0,1.0,0.0,0.0,0.0,15,Pending,8–15 Days
601713-20260615-134106,2026-06-15 13:41:07,2026-06-15,,South Branch,L5 IN Andhrapradesh 4,D915,601713.0,Tadikonda Koteswara Rao &Company,MAGGI MEM (58+2) 5/- MRP 5 C/S SHORTAGE FROM HYD DC..,BI-Stock Shortages,Pending,,,,Pending,GT Distributors,Swamy & Sons,2026.0,6.0,Jun,2026-06,Q2,1.0,Open / Pending,Warehouse Problem | Stock Shortage | Short or not-received quantity | Owner: Warehouse/DC,Stock Shortage,Warehouse/DC,Stock Shortage,,,,,,,5,,0.0,1.0,0.0,0.0,0.0,0.0,0.0,0.0,0.0,0.0,0.0,15,Pending,8–15 Days
6700167-20260615-145839,2026-06-15 14:58:40,2026-06-15,,South Branch,L5 IN Andhrapradesh 2,D915,6700167.0,Laasritha Enterprises,INV NO 1366100298 DT 11-06-2026 1) NESTOGEN 1 285/-  1 CASE SHORT 2)APPLE CHERRY 299/- 1 CASE SHORT 3)LACTOGEN PRO 3 450/- 1 CASE SHORT 4)MAGGI 75G 15/- 1 CASE SHORT INV NO 1366100300 DT 11-06-2026 MAGGI TOM KET 190G 1 CASE SHORT TOTAL 5 CASES SHORT 1)NESTOGEN 2 21 CS 85/- 2)LACTOGEN 4 450/ 1CS -3)MAGGI TOM SOUCE 190G 70/- 1 CS 4)NESTUM RICE VEG 210/- 1 CS TOTAL 4 CASES EXCESS DRIVER NAME PRABHU GARU CELL NO 9686922567 VEH NO TS08UF0683,BI-Stock Shortages,Pending,,,,Pending,GT Distributors,Jurigari Private Limited,2026.0,6.0,Jun,2026-06,Q2,1.0,Open / Pending,Warehouse Problem | Stock Excess | Excess quantity received | Owner: Warehouse/DC,Stock Excess,Warehouse/DC,Stock Shortage; Stock Excess,1366100298; 1366100300,,TS08UF0683,,,,,1 CASE; 5 CASES; 21 CS; 1 CS; 4 CASES,0.0,1.0,0.0,1.0,0.0,0.0,0.0,0.0,0.0,0.0,0.0,15,Pending,8–15 Days
6700167-20260615-152145,2026-06-15 15:21:46,2026-06-15,,South Branch,L5 IN Andhrapradesh 2,D915,6700167.0,Laasritha Enterprises,INV NO 1366100298 DT 11-06-2026 NANGROW 24X200G 310/- 1 CASE RECEIVED SHORT EXPAIRY BATCH 53100453J2 NOV 25-NOV 26 DRIVER NAME PRABHU CELL NO 9686922567 VEH NO TS08UF0683,BI-Batch Related Issues,Pending,,,,Pending,GT Distributors,Jurigari Private Limited,2026.0,6.0,Jun,2026-06,Q2,1.0,Open / Pending,Warehouse Problem | Stock Shortage | Short or not-received quantity | Owner: Warehouse/DC,Stock Shortage,Warehouse/DC,Stock Shortage,1366100298,,TS08UF0683,,,53100453J2,,1 CASE,0.0,1.0,0.0,0.0,0.0,0.0,0.0,0.0,0.0,0.0,0.0,15,Pending,8–15 Days
7012481-20260615-125630,2026-06-15 12:56:30,2026-06-15,,South Branch,L5 IN Hyderabad 1,2032,7012481.0,S V Enterprises,INV-1099854345,BI-Stock Shortages,Pending,,,,Pending,GT Distributors,Glovis India Private Limited,2026.0,6.0,Jun,2026-06,Q2,1.0,Open / Pending,Warehouse Problem | Stock Shortage | Short or not-received quantity | Owner: Warehouse/DC,Stock Shortage,Warehouse/DC,Stock Shortage,1099854345,,,,,,,1 CASE,0.0,1.0,0.0,0.0,0.0,0.0,0.0,0.0,0.0,0.0,0.0,15,Pending,8–15 Days
7012481-20260615-130040,2026-06-15 13:00:40,2026-06-15,,South Branch,L5 IN Hyderabad 1,2032,7012481.0,S V Enterprises,INV-1099853968,BI-Stock Shortages,Pending,,,,Pending,GT Distributors,Jurigari Private Limited,2026.0,6.0,Jun,2026-06,Q2,1.0,Open / Pending,Warehouse Problem | MRP / Price Mismatch | Billed versus received MRP mismatch | Owner: Warehouse/DC,MRP / Price Mismatch,Warehouse/DC,Damage; MRP Mismatch,1099853968,,TS12UC5524,,,,,,0.0,0.0,1.0,0.0,1.0,0.0,0.0,0.0,0.0,0.0,0.0,15,Pending,8–15 Days
7012481-20260615-130401,2026-06-15 13:04:01,2026-06-15,,South Branch,L5 IN Hyderabad 1,2032,7012481.0,S V Enterprises,INV -1099854380,BI-Stock Shortages,Pending,,,,Pending,GT Distributors,Glovis India Private Limited,2026.0,6.0,Jun,2026-06,Q2,1.0,Open / Pending,Warehouse Problem | MRP / Price Mismatch | Billed versus received MRP mismatch | Owner: Warehouse/DC,MRP / Price Mismatch,Warehouse/DC,MRP Mismatch; Wrong SKU,1099854380,,TS07UB7031,,,,,2 CASES,0.0,0.0,0.0,0.0,1.0,1.0,0.0,0.0,0.0,0.0,0.0,15,Pending,8–15 Days
7012481-20260615-130630,2026-06-15 13:06:30,2026-06-15,,South Branch,L5 IN Hyderabad 1,2032,7012481.0,S V Enterprises,INV - 1099855482,BI-Stock Shortages,Pending,,,,Pending,GT Distributors,Glovis India Private Limited,2026.0,6.0,Jun,2026-06,Q2,1.0,Open / Pending,Warehouse Problem | Wrong SKU / Product | Wrong or interchanged material supplied | Owner: Warehouse/DC,Wrong SKU / Product,Warehouse/DC,Wrong SKU,1099855482,,,,,,,,0.0,0.0,0.0,0.0,0.0,1.0,0.0,0.0,0.0,0.0,0.0,15,Pending,8–15 Days
7083698-20260615-174415,2026-06-15 17:44:16,2026-06-15,,South Branch,L5 IN Bangalore City 2,B929,7083698.0,Intelligent Retail Private Limited,"We have received ""12595301"" - 'MAGGI Sauce NONG 24x485g N1 IN', MRP-113, 3 cases shortage for Invoice# 938433935 dated 13/06/2026",BI-Stock Shortages,Pending,,,,Pending,GT Distributors,KKP Express,2026.0,6.0,Jun,2026-06,Q2,1.0,Open / Pending,Warehouse Problem | Stock Shortage | Short or not-received quantity | Owner: Warehouse/DC,Stock Shortage,Warehouse/DC,Stock Shortage,938433935,,,,,,113,3 CASES,0.0,1.0,0.0,0.0,0.0,0.0,0.0,0.0,0.0,0.0,0.0,15,Pending,8–15 Days
7083698-20260615-174544,2026-06-15 17:45:45,2026-06-15,,South Branch,L5 IN Bangalore City 2,B929,7083698.0,Intelligent Retail Private Limited,"We have received ""12579448"" - 'LACTOGEN PRO1 BIB 24x400g INNWPB176 IN', MRP-450, 7 Pc damage for Invoice# 938433933dated 13/06/2026",BI-Damages,Pending,,,,Pending,GT Distributors,KKP Express,2026.0,6.0,Jun,2026-06,Q2,1.0,Open / Pending,Warehouse Problem | Product Damage | Damaged stock at receipt | Owner: Warehouse/DC,Product Damage,Warehouse/DC,Damage,938433933,,,,,,450,7 PC,0.0,0.0,1.0,0.0,0.0,0.0,0.0,0.0,0.0,0.0,0.0,15,Pending,8–15 Days
7256641-20260615-114056,2026-06-15 11:40:56,2026-06-15,,South Branch,L5 IN Chennai City 2,C749,7256641.0,Rathna Agencies,Product Code :12606043,BI-Stock Shortages,Pending,,,,Pending,GT Distributors,CCI Logistics Limited,2026.0,6.0,Jun,2026-06,Q2,1.0,Open / Pending,Warehouse Problem | Stock Shortage | Short or not-received quantity | Owner: Warehouse/DC,Stock Shortage,Warehouse/DC,Stock Shortage,974828149,,TN67B3039,12606043,,61420455HA,80,5 CASE,0.0,1.0,0.0,0.0,0.0,0.0,0.0,0.0,0.0,0.0,0.0,15,Pending,8–15 Days
601383-20260613-183035,2026-06-13 18:30:35,2026-06-13,,South Branch,L5 IN Karnataka 2,B929,601383.0,Pavan Agencies,Stock Received in Damage Condition,BI-Damages,Pending,,,,Pending,GT Distributors,KKP Express,2026.0,6.0,Jun,2026-06,Q2,1.0,Open / Pending,Warehouse Problem | Product Damage | Damaged stock at receipt | Owner: Warehouse/DC,Product Damage,Warehouse/DC,Damage,,,,,-LACTOGEN PRO 3 BIB 24x400g INJE087-2 IN,,,450 CASES,0.0,0.0,1.0,0.0,0.0,0.0,0.0,0.0,0.0,0.0,0.0,17,Pending,>15 Days
6655301-20260613-185845,2026-06-13 18:58:46,2026-06-13,,South Branch,L5 IN Andhrapradesh 2,D915,6655301.0,Sri Pavan Agencies,INV DATE 12-06-2026,BI-Stock Shortages,Pending,,,,Pending,GT Distributors,Swamy Sons Agencies Private Limited,2026.0,6.0,Jun,2026-06,Q2,1.0,Open / Pending,Warehouse Problem | Stock Shortage | Short or not-received quantity | Owner: Warehouse/DC,Stock Shortage,Warehouse/DC,Stock Shortage,1366100327,,TG10T6789,12561850,NESTLE LACTOGROW 400GRMS,61360453JI,,1 CASE,0.0,1.0,0.0,0.0,0.0,0.0,0.0,0.0,0.0,0.0,0.0,17,Pending,>15 Days
6986983-20260613-100044,2026-06-13 10:00:44,2026-06-13,,South Branch,L5 IN Andhrapradesh 2,D915,6986983.0,Meenakshi Distributors,ITEM NAME : CERELAC STG1 WHEAT APPLE 24X360 ZS IN,BI-Stock Shortages,Pending,,,,Pending,GT Distributors,Jurigari Private Limited,2026.0,6.0,Jun,2026-06,Q2,1.0,Open / Pending,Warehouse Problem | Stock Shortage | Short or not-received quantity | Owner: Warehouse/DC,Stock Shortage,Warehouse/DC,Stock Shortage,1366100242,6077,TG08U3357,13970024,,61320453A7,280,1 CASE,0.0,1.0,0.0,0.0,0.0,0.0,0.0,0.0,0.0,0.0,0.0,17,Pending,>15 Days
7083698-20260613-154053,2026-06-13 15:40:54,2026-06-13,,South Branch,L5 IN Bangalore City 2,B929,7083698.0,Intelligent Retail Private Limited,"We have received ""12607472"" - 'NESCAFE CLASSIC Sachet 96x45g NR IN', MRP-230, 7 Pc damage for Invoice# 938433756 dated 12/06/2026",BI-Damages,Pending,,,,Pending,GT Distributors,KKP Express,2026.0,6.0,Jun,2026-06,Q2,1.0,Open / Pending,Warehouse Problem | Product Damage | Damaged stock at receipt | Owner: Warehouse/DC,Product Damage,Warehouse/DC,Damage,938433756,,,,,,230,7 PC,0.0,0.0,1.0,0.0,0.0,0.0,0.0,0.0,0.0,0.0,0.0,17,Pending,>15 Days
7366995-20260613-180959,2026-06-13 18:10:00,2026-06-13,,South Branch,L5 IN Hyderabad 2,2032,7366995.0,Intelligent Retail Private Limited,INVOICE NUMBER : 1099855078,BI-Stock Shortages,Pending,,,,Pending,GT Distributors,AVG Logistics Limited,2026.0,6.0,Jun,2026-06,Q2,1.0,Open / Pending,Warehouse Problem | Stock Shortage | Short or not-received quantity | Owner: Warehouse/DC,Stock Shortage,Warehouse/DC,Stock Shortage,1099855078,,,14512131,,61080454A1,1,1 CASE,0.0,1.0,0.0,0.0,0.0,0.0,0.0,0.0,0.0,0.0,0.0,17,Pending,>15 Days
7595920-20260613-111639,2026-06-13 11:16:39,2026-06-13,,South Branch,L5 IN Andhrapradesh 3,D915,7595920.0,Sri Lakshmi Ranga Traders,BI-Stock Shortages,BI-Stock Shortages,Pending,,,,Pending,GT Distributors,Swamy Sons Agencies Private Limited,2026.0,6.0,Jun,2026-06,Q2,1.0,Open / Pending,Warehouse Problem | Stock Shortage | Short or not-received quantity | Owner: Warehouse/DC,Stock Shortage,Warehouse/DC,Stock Shortage,1366100313,,TS07UN5553,12608496,MAGGI 2-MINN Masala 48x150g N1 IN,,,2 CASES; 96 UNITS,0.0,1.0,0.0,0.0,0.0,0.0,0.0,0.0,0.0,0.0,0.0,17,Pending,>15 Days
601086-20260606-125448,2026-06-06 12:54:00,2026-06-06,,South Branch,L5 IN Chennai Rural,C749,601086.0,Deva Trading Company,In a sealed case of NESCAFE SUNRISE  STABILO 36X190G--- 2 found shortage in the outlet by name  DAILY NEEDS vide bill no 44477 DATE: 06.06.26 in Batch No.60860452JA Outlet has sent  photos of the shortages which was forwarded to Sales Officer. request to issue a credit note for the same.,BI-Any other,Pending,,,,Pending,GT Distributors,Not related to Dc,2026.0,6.0,Jun,2026-06,Q2,1.0,Open / Pending,Warehouse Problem | Stock Shortage | Short or not-received quantity | Owner: Warehouse/DC,Stock Shortage,Warehouse/DC,Stock Shortage; Commercial/Billing,,,,,,,,,0.0,1.0,0.0,0.0,0.0,0.0,0.0,0.0,0.0,0.0,0.0,24,Pending,>15 Days
601620-20260606-140756,2026-06-06 14:07:00,2026-06-06,,South Branch,L5 IN Andhrapradesh 3,D915,601620.0,Sri Padmavathi Venkata Ramana Traders,"TRANSPORT-JURIGARI PVT LTD, NO:-6034,5/6/2026,INV NO:-1366100069,DRIVER NAME:-ALI, MOBILE:-8328428701,VEH NO:-AP39TP6064, ----22 CASES MAGGI 75GMS-MRP- 15/- SHORTAGE",BI-Stock Shortages,Pending,,,,Pending,GT Distributors,Jurigari Private Limited,2026.0,6.0,Jun,2026-06,Q2,1.0,Open / Pending,Warehouse Problem | Stock Shortage | Short or not-received quantity | Owner: Warehouse/DC,Stock Shortage,Warehouse/DC,Stock Shortage,,,,,,,15,22 CASES,0.0,1.0,0.0,0.0,0.0,0.0,0.0,0.0,0.0,0.0,0.0,24,Pending,>15 Days
601780-20260606-140607,2026-06-06 14:06:00,2026-06-06,,South Branch,L5 IN Hyderabad 1,2032,601780.0,Vijeta Enterprises,"INV NO: 1099854329, DATE-06-06-26",BI-Stock Shortages,Pending,,,,Pending,GT Distributors,Shanom Bolt Logistics Private,2026.0,6.0,Jun,2026-06,Q2,1.0,Open / Pending,Warehouse Problem | Stock Shortage | Short or not-received quantity | Owner: Warehouse/DC,Stock Shortage,Warehouse/DC,Stock Shortage,1099854329,,,,"MAGGI PAZZTA Cheese 48x150g, MRP-65/-; MAGGI Masala-ae-Magic Sbg 60x72g, MRP-60/-; MAGGI PAZZTA Cheese 96x75g,MRP-35/-; MAGGI 2-MIN Spec Mas 96x75g, MRP-20/-",,65; 60; 35; 20,5 CS; 20 CS; 14 CS; 2 CS; 12 CS; 11 CS; 10 CS; 1 CS,0.0,1.0,0.0,0.0,0.0,0.0,0.0,0.0,0.0,0.0,0.0,24,Pending,>15 Days
601780-20260606-172517,2026-06-06 17:25:00,2026-06-06,,South Branch,L5 IN Hyderabad 1,2032,601780.0,Vijeta Enterprises,"INV NO: 1099854327, DATE: 06-06-2026",BI-Stock Shortages,Pending,,,,Pending,GT Distributors,AVG Logistics Limited,2026.0,6.0,Jun,2026-06,Q2,1.0,Open / Pending,Warehouse Problem | Stock Shortage | Short or not-received quantity | Owner: Warehouse/DC,Stock Shortage,Warehouse/DC,Stock Shortage,1099854327,,,,"MAGGI PAZZTA Cheese 48x150g, MRP-68/-",,68,3 CS,0.0,1.0,0.0,0.0,0.0,0.0,0.0,0.0,0.0,0.0,0.0,24,Pending,>15 Days
6819782-20260606-104236,2026-06-06 10:42:00,2026-06-06,,South Branch,L5 IN Andhrapradesh 2,D915,6819782.0,Sai Sudha Agencies,"In invoice 1366100096 dt-5/6/26 received stock through JURIGARI PVT LTD LR.no-6046 nescafe classic 90g jar 1 case [445 mrp] , milk maid doy [84rs] 3 pieces short  Driver name- kalyan Driver no-7981199635 do the needful",BI-Any other,Pending,,,,Pending,GT Distributors,Jurigari Private Limited,2026.0,6.0,Jun,2026-06,Q2,1.0,Open / Pending,Warehouse Problem | Stock Shortage | Short or not-received quantity | Owner: Warehouse/DC,Stock Shortage,Warehouse/DC,Stock Shortage,1366100096,,,,,,,1 CASE; 3 PIECES,0.0,1.0,0.0,0.0,0.0,0.0,0.0,0.0,0.0,0.0,0.0,24,Pending,>15 Days
7083698-20260606-154953,2026-06-06 15:49:00,2026-06-06,,South Branch,L5 IN Bangalore City 2,B929,7083698.0,Intelligent Retail Private Limited,"We have received ""14296882"" - 'NESCAFE SUNRISE Stabilo 80x90g NR4 IN', MRP-300, 1 Pc damage for Invoice# 938432600 dated 06/06/2026",BI-Damages,Pending,,,,Pending,GT Distributors,Diptab Ventures Pvt ltd,2026.0,6.0,Jun,2026-06,Q2,1.0,Open / Pending,Warehouse Problem | Product Damage | Damaged stock at receipt | Owner: Warehouse/DC,Product Damage,Warehouse/DC,Damage,938432600,,,,,,300; 160; 116,1 PC; 7 PC; 2 PC,0.0,0.0,1.0,0.0,0.0,0.0,0.0,0.0,0.0,0.0,0.0,24,Pending,>15 Days
7083698-20260606-155156,2026-06-06 15:51:00,2026-06-06,,South Branch,L5 IN Bangalore City 2,B929,7083698.0,Intelligent Retail Private Limited,"We have received ""12607948"" - 'CERELAC STG2 Rice Veg 24x300g ZS IN', MRP-290, 1 Pc damage for Invoice# 938432600 dated 06/06/2026",BI-Damages,Pending,,,,Pending,GT Distributors,Diptab Ventures Pvt ltd,2026.0,6.0,Jun,2026-06,Q2,1.0,Open / Pending,Warehouse Problem | Product Damage | Damaged stock at receipt | Owner: Warehouse/DC,Product Damage,Warehouse/DC,Damage,938432600,,,,,,290; 58; 620,1 PC; 4 PC,0.0,0.0,1.0,0.0,0.0,0.0,0.0,0.0,0.0,0.0,0.0,24,Pending,>15 Days
7354266-20260606-203502,2026-06-06 20:35:00,2026-06-06,,South Branch,L5 IN Andhrapradesh 4,C749,7354266.0,Sri Lakshmi Srinivasa Agencies,46269,BI-Any other,Pending,,,,Pending,GT Distributors,Jurigari Private Limited,2026.0,6.0,Jun,2026-06,Q2,1.0,Open / Pending,Warehouse Problem | Stock Shortage | Short quantity reported in description | Owner: Warehouse/DC,Stock Shortage,Warehouse/DC,Stock Shortage,1099845004,,TS08UK3078,,,,,2 CS,0.0,1.0,0.0,0.0,0.0,0.0,0.0,0.0,0.0,0.0,0.0,24,Pending,>15 Days
7557703-20260606-164257,2026-06-06 16:42:00,2026-06-06,,South Branch,L5 IN Tamil Nadu 3,B744,7557703.0,Sri Annapuuranie Foods,Invoice No : 959183993,BI-Any other,Pending,,,,Pending,GT Distributors,M S P Transports,2026.0,6.0,Jun,2026-06,Q2,1.0,Open / Pending,Warehouse Problem | MRP / Price Mismatch | Billed versus received MRP mismatch | Owner: Warehouse/DC,MRP / Price Mismatch,Warehouse/DC,MRP Mismatch,959183993,,,,MAGGI 2-MINN Mas 24x300g PR Rs,13680087,58,5 CS; 5 CASES,0.0,0.0,0.0,0.0,1.0,0.0,0.0,0.0,0.0,0.0,0.0,24,Pending,>15 Days
7569809-20260606-170459,2026-06-06 17:05:00,2026-06-06,,South Branch,L5 IN Karnataka 2,B929,7569809.0,Ganesh Trading Co,"billed cerelac stg 1rice 300gm, mrp-250,batch code-1260193360990453a1. but recives stg6.",BI-Batch Related Issues,Pending,,,,Pending,GT Distributors,Wrong OTR,2026.0,6.0,Jun,2026-06,Q2,1.0,Open / Pending,Warehouse Problem | Batch Mismatch | Billed versus received batch mismatch | Owner: Warehouse/DC,Batch Mismatch,Warehouse/DC,Batch Mismatch,,,,,,1260193360990453; 1403375961130453,250; 280,,0.0,0.0,0.0,0.0,0.0,0.0,1.0,0.0,0.0,0.0,0.0,24,Pending,>15 Days
4966450-20260605-123618,2026-05-06 12:36:00,2026-05-06,,South Branch,L5 IN Andhrapradesh 4,D915,4966450.0,Sri Nidhi Marketings,JURIGARU PT LTD LR NO 6007 DATE 03-06-2026,BI-Stock Shortages,Pending,,,,Pending,GT Distributors,Jurigari,2026.0,6.0,Jun,2026-06,Q2,1.0,Open / Pending,Warehouse Problem | Stock Shortage | Short or not-received quantity | Owner: Warehouse/DC,Stock Shortage,Warehouse/DC,Stock Shortage,,6007,,,,,,3 CS; 2 CS,0.0,1.0,0.0,0.0,0.0,0.0,0.0,0.0,0.0,0.0,0.0,55,Pending,>15 Days
4966450-20260605-135409,2026-05-06 13:54:00,2026-05-06,,South Branch,L5 IN Andhrapradesh 4,C749,4966450.0,Sri Nidhi Marketings,AVG LOGISTICS LIMITED LR NO 2076685 DATE 04-06-2026,BI-Stock Shortages,Pending,,,,Pending,GT Distributors,AVG Logistics Limited,2026.0,6.0,Jun,2026-06,Q2,1.0,Open / Pending,Warehouse Problem | Stock Shortage | Short or not-received quantity | Owner: Warehouse/DC,Stock Shortage,Warehouse/DC,Stock Shortage,1099853902,2076685,,,,,,21 CS,0.0,1.0,0.0,0.0,0.0,0.0,0.0,0.0,0.0,0.0,0.0,55,Pending,>15 Days
600985-20260605-171842,2026-05-06 17:18:00,2026-05-06,,South Branch,L5 IN Hyderabad 2,2032,600985.0,Amrutha Enterprises,Invoice Number ; 1099852220,BI-Damages,Pending,,,,Pending,GT Distributors,Shanom Bolt Logistics Private,2026.0,6.0,Jun,2026-06,Q2,1.0,Open / Pending,Warehouse Problem | Product Damage | Damaged stock at receipt | Owner: Warehouse/DC,Product Damage,Warehouse/DC,Damage,1099852220,,,12230487,MILKMAID Partly Skimmed SCM Tin 4x5kg IN  mrp 1738/- 2 PC DAMAGE,,1738,2 PC,0.0,0.0,1.0,0.0,0.0,0.0,0.0,0.0,0.0,0.0,0.0,55,Pending,>15 Days
601771-20260605-181716,2026-05-06 18:17:00,2026-05-06,,South Branch,L5 IN Hyderabad 2,D915,601771.0,Vijay Enterprises,RECEIVED STOCK SHORTAGES,BI-Stock Shortages,Pending,,,,Pending,GT Distributors,Jurigari Private Limited,2026.0,6.0,Jun,2026-06,Q2,1.0,Open / Pending,Warehouse Problem | Stock Shortage | Short or not-received quantity | Owner: Warehouse/DC,Stock Shortage,Warehouse/DC,Stock Shortage,,6011; Date,,CERELAC,,,,1 CS; 3 CS,0.0,1.0,0.0,0.0,0.0,0.0,0.0,0.0,0.0,0.0,0.0,55,Pending,>15 Days
6043092-20260605-121816,2026-05-06 12:18:00,2026-05-06,,South Branch,L5 IN Andhrapradesh 2,D915,6043092.0,Sri Rajeswari Traders,INV NO : 1366100019,BI-Stock Shortages,Pending,,,,Pending,GT Distributors,Jurigari Private Limited,2026.0,6.0,Jun,2026-06,Q2,1.0,Open / Pending,Warehouse Problem | Stock Shortage | Short or not-received quantity | Owner: Warehouse/DC,Stock Shortage,Warehouse/DC,Stock Shortage,1366100019,,,14505767,NESCAFE CLASSIC JAR 15*180G PR 145OFF IN,,,2 CASES; 1 PC,0.0,1.0,0.0,0.0,0.0,0.0,0.0,0.0,0.0,0.0,0.0,55,Pending,>15 Days
7083713-20260605-125843,2026-05-06 12:58:00,2026-05-06,,South Branch,L5 IN Tamil Nadu 2,B744,7083713.0,J S Distributors,INVOICE NUMBER : 959180334,BI-Stock Shortages,Pending,,,,Pending,GT Distributors,KKP Express,2026.0,6.0,Jun,2026-06,Q2,1.0,Open / Pending,Warehouse Problem | Stock Shortage | Short or not-received quantity | Owner: Warehouse/DC,Stock Shortage,Warehouse/DC,Stock Shortage,959180334,,,12566807,,61171519TA,,1 CS,0.0,1.0,0.0,0.0,0.0,0.0,0.0,0.0,0.0,0.0,0.0,55,Pending,>15 Days
7083713-20260605-130554,2026-05-06 13:05:00,2026-05-06,,South Branch,L5 IN Tamil Nadu 2,B744,7083713.0,J S Distributors,INVOICE NUMBER : 959183850,BI-Damages,Pending,,,,Pending,GT Distributors,KKP Express,2026.0,6.0,Jun,2026-06,Q2,1.0,Open / Pending,Warehouse Problem | Product Damage | Damaged stock at receipt | Owner: Warehouse/DC,Product Damage,Warehouse/DC,Damage,959183850,,,12608543,,61280455RA,,4 CS; 3 EA,0.0,0.0,1.0,0.0,0.0,0.0,0.0,0.0,0.0,0.0,0.0,55,Pending,>15 Days
7083713-20260605-131601,2026-05-06 13:16:00,2026-05-06,,South Branch,L5 IN Tamil Nadu 2,B744,7083713.0,J S Distributors,INVOICE NUMBER : 959180778,BI-Promo SKUs,Pending,,,,Pending,GT Distributors,KKP Express,2026.0,6.0,Jun,2026-06,Q2,1.0,Open / Pending,Warehouse Problem | Stock Shortage | Short or not-received quantity | Owner: Warehouse/DC,Stock Shortage,Warehouse/DC,Stock Shortage,959180778,,,105848108,,,,192 EA; 96 EA,0.0,1.0,0.0,0.0,0.0,0.0,0.0,0.0,0.0,0.0,0.0,55,Pending,>15 Days
7228376-20260605-104326,2026-05-06 10:43:00,2026-05-06,,South Branch,L5 IN Andhrapradesh 2,2032,7228376.0,Nahida Enterprises,INVOICE NO-1099853760,BI-Stock Shortages,Pending,,,,Pending,GT Distributors,AVG Logistics Limited,2026.0,6.0,Jun,2026-06,Q2,1.0,Open / Pending,Warehouse Problem | Stock Shortage | Short or not-received quantity | Owner: Warehouse/DC,Stock Shortage,Warehouse/DC,Stock Shortage,1099853760,,,,,,,34 CASES; 18 CS; 16 CASES; 1 CS; 5 CS; 6 CS; 3 CS,0.0,1.0,0.0,0.0,0.0,0.0,0.0,0.0,0.0,0.0,0.0,55,Pending,>15 Days
7366995-20260605-115542,2026-05-06 11:55:00,2026-05-06,,South Branch,L5 IN Hyderabad 2,2032,7366995.0,Intelligent Retail Private Limited,INVOICE NUMBER : 1099853958,BI-Stock Shortages,Pending,,,,Pending,GT Distributors,Shanom Bolt Logistics Private,2026.0,6.0,Jun,2026-06,Q2,1.0,Open / Pending,Warehouse Problem | Stock Shortage | Short or not-received quantity | Owner: Warehouse/DC,Stock Shortage,Warehouse/DC,Stock Shortage,1099853958,,,12601761,,61290455HA,1,1 CASE,0.0,1.0,0.0,0.0,0.0,0.0,0.0,0.0,0.0,0.0,0.0,55,Pending,>15 Days
7366995-20260605-124034,2026-05-06 12:40:00,2026-05-06,,South Branch,L5 IN Hyderabad 2,2032,7366995.0,Intelligent Retail Private Limited,INVOICE NUMBER : 1099853960,BI-Stock Shortages,Pending,,,,Pending,GT Distributors,Shanom Bolt Logistics Private,2026.0,6.0,Jun,2026-06,Q2,1.0,Open / Pending,Warehouse Problem | Stock Shortage | Short or not-received quantity | Owner: Warehouse/DC,Stock Shortage,Warehouse/DC,Stock Shortage,1099853960,,,13680087,,61132814BA,3,3 CASE,0.0,1.0,0.0,0.0,0.0,0.0,0.0,0.0,0.0,0.0,0.0,55,Pending,>15 Days
7402251-20260605-171410,2026-05-06 17:14:00,2026-05-06,,South Branch,L5 IN Bangalore City 2,B929,7402251.0,Intelligent Retail Private Limited,INV No :-938432385,BI-Stock Shortages,Pending,,,,Pending,GT Distributors,KKP Express,2026.0,6.0,Jun,2026-06,Q2,1.0,Open / Pending,Warehouse Problem | Stock Shortage | Short or not-received quantity | Owner: Warehouse/DC,Stock Shortage,Warehouse/DC,Stock Shortage,,,,,,,149,2 CASE,0.0,1.0,0.0,0.0,0.0,0.0,0.0,0.0,0.0,0.0,0.0,55,Pending,>15 Days
7417239-20260605-103128,2026-05-06 10:31:00,2026-05-06,,South Branch,L5 IN Andhrapradesh 4,2032,7417239.0,Parameshwara Agencies,product code 12608543 product name Maggi 2 minn masala pouch 12*600g N1 IN MRP 116/-  2 CASES  SHORTAGE  LR NO 76373 MOBILE NO 7989880253 DRIVER NAME SHIVA VEHCILE NO  TG08HF6318,BI-Stock Shortages,Pending,,,,Pending,GT Distributors,,2026.0,6.0,Jun,2026-06,Q2,1.0,Open / Pending,Warehouse Problem | Stock Shortage | Short or not-received quantity | Owner: Warehouse/DC,Stock Shortage,Warehouse/DC,Stock Shortage,,76373,,12608543,,,116,2 CASES,0.0,1.0,0.0,0.0,0.0,0.0,0.0,0.0,0.0,0.0,0.0,55,Pending,>15 Days
7459084-20260605-133041,2026-05-06 13:30:00,2026-05-06,,South Branch,L5 IN Andhra Pradesh Purina,D915,7459084.0,S V D Pharmaceuticals,ISSUE : TRANSIT DAMAGE,BI-Any other,Pending,,,,Duplicate,,,2026.0,6.0,Jun,2026-06,Q2,1.0,Open / Pending,Other Problem | Transit Damage | Damage during transportation | Owner: Transporter/Logistics,Transit Damage,Transporter/Logistics,Damage; Transit,1099839125,,,12400230; 12353192,supercoat adult 20kg; supercoat adult 10KG,51464832AA; 51884832AA,4500; 2650,,1.0,0.0,1.0,0.0,0.0,0.0,0.0,0.0,0.0,0.0,0.0,55,Pending,>15 Days
7459084-20260605-133446,2026-05-06 13:34:00,2026-05-06,,South Branch,L5 IN Andhra Pradesh Purina,D915,7459084.0,S V D Pharmaceuticals,ISSUE : TRANSIT DAMAGE,BI-Damages,Pending,,,,Pending,Pet Food-Distributor,Glovis India Private Limited,2026.0,6.0,Jun,2026-06,Q2,1.0,Open / Pending,Other Problem | Transit Damage | Damage during transportation | Owner: Transporter/Logistics,Transit Damage,Transporter/Logistics,Damage; Transit,,,,12400230; 12353192,SUPERCOAT ADULT 20KG; SUPERCOAT ADULT 10KG,51464832AA; 51884832AA,4500; 2650,,1.0,0.0,1.0,0.0,0.0,0.0,0.0,0.0,0.0,0.0,0.0,55,Pending,>15 Days
4685760-20260604-122459,2026-04-06 12:25:00,2026-04-06,,South Branch,L5 IN Tamil Nadu 1,B744,4685760.0,Prem Agencies,INV NO 959183104 DATE2/6/2026,BI-Stock Shortages,Pending,,,,Pending,GT Distributors,KKP Express,2026.0,6.0,Jun,2026-06,Q2,1.0,Open / Pending,Warehouse Problem | Stock Shortage | Short or not-received quantity | Owner: Warehouse/DC,Stock Shortage,Warehouse/DC,Stock Shortage,959183104,,,,,,30,9 CS; 1 CS,0.0,1.0,0.0,0.0,0.0,0.0,0.0,0.0,0.0,0.0,0.0,85,Pending,>15 Days
4766881-20260604-175832,2026-04-06 17:58:00,2026-04-06,,South Branch,L5 IN Hyderabad 2,2032,4766881.0,Balaji Agencies,MILKMAID 149/- 2CS SHORT FECIEVED IN INV NO 1099853788 DATE 03.06.2026 PRODUCT CODE 12584920 VEH NO TS08UC6758,BI-Stock Shortages,Pending,,,,Pending,GT Distributors,Glovis India Private Limited,2026.0,6.0,Jun,2026-06,Q2,1.0,Open / Pending,Warehouse Problem | Stock Shortage | Short or not-received quantity | Owner: Warehouse/DC,Stock Shortage,Warehouse/DC,Stock Shortage,1099853788,,TS08UC6758,12584920,,,,2 CS,0.0,1.0,0.0,0.0,0.0,0.0,0.0,0.0,0.0,0.0,0.0,85,Pending,>15 Days
601773-20260604-165703,2026-04-06 16:57:00,2026-04-06,,South Branch,L5 IN Hyderabad 2,D915,601773.0,Vijayalaxmi Agencies,INVOICE NO.1366100022,BI-Stock Shortages,Pending,,,,Pending,GT Distributors,Jurigari Private Limited,2026.0,6.0,Jun,2026-06,Q2,1.0,Open / Pending,Warehouse Problem | Stock Excess | Excess quantity received | Owner: Warehouse/DC,Stock Excess,Warehouse/DC,Stock Shortage; Stock Excess,,,,,,,,,0.0,1.0,0.0,1.0,0.0,0.0,0.0,0.0,0.0,0.0,0.0,85,Pending,>15 Days
6775176-20260604-112803,2026-04-06 11:28:00,2026-04-06,,South Branch,L5 IN Kerala 1,C963,6775176.0,T J Enterprises,12608496 MAGGI 2-MINN Masala 48x150g N1 IN :,BI-Stock Shortages,Pending,,,,Pending,GT Distributors,,2026.0,6.0,Jun,2026-06,Q2,1.0,Open / Pending,Warehouse Problem | Stock Shortage | Short or not-received quantity | Owner: Warehouse/DC,Stock Shortage,Warehouse/DC,Stock Shortage,,,,,,,30; 70,15 CASE; 24 NOS,0.0,1.0,0.0,0.0,0.0,0.0,0.0,0.0,0.0,0.0,0.0,85,Pending,>15 Days
7402251-20260604-173942,2026-04-06 17:39:00,2026-04-06,,South Branch,L5 IN Bangalore City 2,B929,7402251.0,Intelligent Retail Private Limited,INV No :-938431951,BI-Stock Shortages,Pending,,,,Pending,GT Distributors,Diptab Ventures Pvt ltd,2026.0,6.0,Jun,2026-06,Q2,1.0,Open / Pending,Warehouse Problem | Stock Shortage | Short or not-received quantity | Owner: Warehouse/DC,Stock Shortage,Warehouse/DC,Stock Shortage,,,,,,,100,1 CASE,0.0,1.0,0.0,0.0,0.0,0.0,0.0,0.0,0.0,0.0,0.0,85,Pending,>15 Days
7557703-20260604-140155,2026-04-06 14:01:00,2026-04-06,,South Branch,L5 IN Tamil Nadu 3,B744,7557703.0,Sri Annapuuranie Foods,Invoice No : 959183438,BI-Stock Shortages,Pending,,,,Pending,GT Distributors,KKP Express,2026.0,6.0,Jun,2026-06,Q2,1.0,Open / Pending,Warehouse Problem | Stock Shortage | Short or not-received quantity | Owner: Warehouse/DC,Stock Shortage,Warehouse/DC,Stock Shortage,959183438,,,,Maggi 2-Minn Chkn 24*304g IN,12616536,80,60140455 EA; 1 CS,0.0,1.0,0.0,0.0,0.0,0.0,0.0,0.0,0.0,0.0,0.0,85,Pending,>15 Days
4966450-20260603-182229,2026-03-06 18:22:00,2026-03-06,,South Branch,L5 IN Andhrapradesh 4,C749,4966450.0,Sri Nidhi Marketings,Inv No,BI-Sealing Issue,Pending,,,,Pending,GT Distributors,TCI Supply Chain Solutions (A Divn.,2026.0,6.0,Jun,2026-06,Q2,1.0,Open / Pending,Warehouse Problem | MRP / Price Mismatch | Billed versus received MRP mismatch | Owner: Warehouse/DC,MRP / Price Mismatch,Warehouse/DC,MRP Mismatch,110000000000,,,,,,699; 600,1 CS,0.0,0.0,0.0,0.0,1.0,0.0,0.0,0.0,0.0,0.0,0.0,116,Pending,>15 Days
4966450-20260603-183824,2026-03-06 18:38:00,2026-03-06,,South Branch,L5 IN Andhrapradesh 4,C749,4966450.0,Sri Nidhi Marketings,Inv No 1099821960 DATE 06-11-2025,BI-Sealing Issue,Pending,,,,Pending,GT Distributors,TCI Supply Chain Solutions (A Divn.,2026.0,6.0,Jun,2026-06,Q2,1.0,Open / Pending,Warehouse Problem | MRP / Price Mismatch | Billed versus received MRP mismatch | Owner: Warehouse/DC,MRP / Price Mismatch,Warehouse/DC,MRP Mismatch,1099821960,,,,,,239; 215,1 CS,0.0,0.0,0.0,0.0,1.0,0.0,0.0,0.0,0.0,0.0,0.0,116,Pending,>15 Days
4966450-20260603-191133,2026-03-06 19:11:00,2026-03-06,,South Branch,L5 IN Andhrapradesh 4,C749,4966450.0,Sri Nidhi Marketings,Inv No 1099823460  16-11-2025,BI-Sealing Issue,Pending,,,,Pending,GT Distributors,Glovis India Private Limited,2026.0,6.0,Jun,2026-06,Q2,1.0,Open / Pending,Warehouse Problem | MRP / Price Mismatch | Billed versus received MRP mismatch | Owner: Warehouse/DC,MRP / Price Mismatch,Warehouse/DC,MRP Mismatch,110000000000,,,,,,155; 145,5 CS,0.0,0.0,0.0,0.0,1.0,0.0,0.0,0.0,0.0,0.0,0.0,116,Pending,>15 Days
4966450-20260603-191344,2026-03-06 19:13:00,2026-03-06,,South Branch,L5 IN Andhrapradesh 4,C749,4966450.0,Sri Nidhi Marketings,Inv No 1099825221 01-12-2025,BI-Sealing Issue,Pending,,,,Pending,GT Distributors,AVG Logistics Limited,2026.0,6.0,Jun,2026-06,Q2,1.0,Open / Pending,"Warehouse Problem | Packaging / Sealing | Packing, sealing, or case configuration issue | Owner: Warehouse/DC",Packaging / Sealing,Warehouse/DC,Packaging/Sealing,110000000000,,,,,,10,3 CS,0.0,0.0,0.0,0.0,0.0,0.0,0.0,0.0,0.0,0.0,0.0,116,Pending,>15 Days
4966450-20260603-191520,2026-03-06 19:15:00,2026-03-06,,South Branch,L5 IN Andhrapradesh 4,C749,4966450.0,Sri Nidhi Marketings,Inv No 1099826125 06-12-2025,BI-Sealing Issue,Pending,,,,Pending,GT Distributors,Glovis India Private Limited,2026.0,6.0,Jun,2026-06,Q2,1.0,Open / Pending,Warehouse Problem | MRP / Price Mismatch | Billed versus received MRP mismatch | Owner: Warehouse/DC,MRP / Price Mismatch,Warehouse/DC,MRP Mismatch,110000000000,,,,,,755; 845,1 CS,0.0,0.0,0.0,0.0,1.0,0.0,0.0,0.0,0.0,0.0,0.0,116,Pending,>15 Days
4966450-20260603-191641,2026-03-06 19:16:00,2026-03-06,,South Branch,L5 IN Andhrapradesh 4,C749,4966450.0,Sri Nidhi Marketings,Inv No 1099849130 04-05-2026,BI-Sealing Issue,Pending,,,,Pending,GT Distributors,Glovis India Private Limited,2026.0,6.0,Jun,2026-06,Q2,1.0,Open / Pending,Warehouse Problem | MRP / Price Mismatch | Billed versus received MRP mismatch | Owner: Warehouse/DC,MRP / Price Mismatch,Warehouse/DC,MRP Mismatch,110000000000,,,,,,149; 145,9 CS,0.0,0.0,0.0,0.0,1.0,0.0,0.0,0.0,0.0,0.0,0.0,116,Pending,>15 Days
4966450-20260603-191848,2026-03-06 19:18:00,2026-03-06,,South Branch,L5 IN Andhrapradesh 4,C749,4966450.0,Sri Nidhi Marketings,Inv No 1099849130 04-05-2026,BI-Sealing Issue,Pending,,,,Pending,GT Distributors,Glovis India Private Limited,2026.0,6.0,Jun,2026-06,Q2,1.0,Open / Pending,Warehouse Problem | MRP / Price Mismatch | Billed versus received MRP mismatch | Owner: Warehouse/DC,MRP / Price Mismatch,Warehouse/DC,MRP Mismatch,110000000000,,,,,,290; 275; 250; 235,3 CS; 15 CS,0.0,0.0,0.0,0.0,1.0,0.0,0.0,0.0,0.0,0.0,0.0,116,Pending,>15 Days
6043092-20260603-095230,2026-03-06 09:52:00,2026-03-06,,South Branch,L5 IN Andhrapradesh 2,D915,6043092.0,Sri Rajeswari Traders,inv no :1099846121,BI-Stock Shortages,Pending,,,,Pending,GT Distributors,AVG Logistics Limited,2026.0,6.0,Jun,2026-06,Q2,1.0,Open / Pending,"Warehouse Problem | Promo / Free Goods Missing | Promotional child pack, gift, or free stock not received | Owner: Warehouse/DC",Promo / Free Goods Missing,Warehouse/DC,Promo Missing; Stock Shortage,1099846121,,,14504152,milkybar chooc jar 6(100*11g)pr pen fr in,,,22 CASES,0.0,1.0,0.0,0.0,0.0,0.0,0.0,0.0,1.0,0.0,0.0,116,Pending,>15 Days
6043092-20260603-140546,2026-03-06 14:05:00,2026-03-06,,South Branch,L5 IN Andhrapradesh 2,D915,6043092.0,Sri Rajeswari Traders,INV NO :1099853699,BI-Stock Shortages,Pending,,,,Pending,GT Distributors,Chirag Road Lines,2026.0,6.0,Jun,2026-06,Q2,1.0,Open / Pending,Warehouse Problem | Stock Shortage | Short or not-received quantity | Owner: Warehouse/DC,Stock Shortage,Warehouse/DC,Stock Shortage,1099853699,,,12601761,MAGGI HOT&SWEET 24*500G N1,,130,1 CASE,0.0,1.0,0.0,0.0,0.0,0.0,0.0,0.0,0.0,0.0,0.0,116,Pending,>15 Days
6775176-20260603-145246,2026-03-06 14:52:00,2026-03-06,,South Branch,L5 IN Kerala 1,C963,6775176.0,T J Enterprises,12610617 EVERYDAY DW 32x400g NR KL IN-235,BI-Stock Shortages,Pending,,,,Pending,GT Distributors,BlueWave Supply Chain,2026.0,6.0,Jun,2026-06,Q2,1.0,Open / Pending,Warehouse Problem | Stock Shortage | Short or not-received quantity | Owner: Warehouse/DC,Stock Shortage,Warehouse/DC,Stock Shortage,1365805004,,,,,,,2 CASE; 1 CASE,0.0,1.0,0.0,0.0,0.0,0.0,0.0,0.0,0.0,0.0,0.0,116,Pending,>15 Days
6824058-20260603-155215,2026-03-06 15:52:00,2026-03-06,,South Branch,L5 IN Karnataka 1,B929,6824058.0,Aarav Associates,"Dear Team,",BI-Damages,Pending,,,,Pending,GT Distributors,KKP Express,2026.0,6.0,Jun,2026-06,Q2,1.0,Open / Pending,Other Problem | Product Quality | Product condition / contamination issue | Owner: Product Quality,Product Quality,Product Quality,Product Quality,938431710,,,,KITKAT CHUNKY Miniatures 24x126g,5353417611,225,1 CASE,0.0,0.0,0.0,0.0,0.0,0.0,0.0,0.0,0.0,1.0,0.0,116,Pending,>15 Days
7459084-20260603-120404,2026-03-06 12:04:00,2026-03-06,,South Branch,L5 IN Andhra Pradesh Purina,D915,7459084.0,S V D Pharmaceuticals,ISSUE : TRANSIT DAMAGE,BI-Damages,Pending,,,,Pending,Pet Food-Distributor,AVG Logistics Limited,2026.0,6.0,Jun,2026-06,Q2,1.0,Open / Pending,Other Problem | Transit Damage | Damage during transportation | Owner: Transporter/Logistics,Transit Damage,Transporter/Logistics,Damage; Transit,1099848724,,,12518403; 12518384; 12353195; SUPERCOAT,,51894832AB; 51494832AA; 51864832AA,11700; 9500; 2760,,1.0,0.0,1.0,0.0,0.0,0.0,0.0,0.0,0.0,0.0,0.0,116,Pending,>15 Days
7459084-20260603-123245,2026-03-06 12:32:00,2026-03-06,,South Branch,L5 IN Andhra Pradesh Purina,D915,7459084.0,S V D Pharmaceuticals,ISSUE : TRANSIT DAMAGE,BI-Damages,Pending,,,,Pending,Pet Food-Distributor,AVG Logistics Limited,2026.0,6.0,Jun,2026-06,Q2,1.0,Open / Pending,Other Problem | Transit Damage | Damage during transportation | Owner: Transporter/Logistics,Transit Damage,Transporter/Logistics,Damage; Transit,1099853490,,NL01AE7115,12353192; 12353195; 12518385,SUPERCOAT ALL BREED ADULT 10KG; SUPERCOAT PUPPY CHICKEN 10KG; PROPLAN ADULT PERFORMANCE 12KG,51884832AA; 52954832AD; 53294832AB,2650; 2760; 9240,,1.0,0.0,1.0,0.0,0.0,0.0,0.0,0.0,0.0,0.0,0.0,116,Pending,>15 Days
4766881-20260602-160959,2026-02-06 16:09:00,2026-02-06,,South Branch,L5 IN Hyderabad 2,2032,4766881.0,Balaji Agencies,C.ORANGE 290/- 1CS SHORT RECIEVED IN INV NO 1099853595 DATE--01.06.2026 PRODUCT CODE 12607949 VEH NO AP29TB9289,BI-Stock Shortages,Pending,,,,Pending,GT Distributors,Glovis India Private Limited,2026.0,6.0,Jun,2026-06,Q2,1.0,Open / Pending,Warehouse Problem | Stock Shortage | Short or not-received quantity | Owner: Warehouse/DC,Stock Shortage,Warehouse/DC,Stock Shortage,1099853595,,AP29TB9289,12607949,,,,1 CS,0.0,1.0,0.0,0.0,0.0,0.0,0.0,0.0,0.0,0.0,0.0,144,Pending,>15 Days
601086-20260602-112617,2026-02-06 11:26:00,2026-02-06,,South Branch,L5 IN Chennai Rural,C749,601086.0,Deva Trading Company,In a sealed case of 2/-sunrise 1.6gm( 30x156)--- 4 bags(624pcs) found shortage in the outlet by name susai maligai vide bill no 43438 dt 30.04.26 in Batch No.60986763LA . Outlet has sent  photos of the shortages which was forwarded to Sales Officer. request to issue a credit note for the same,BI-Any other,Pending,,,,Pending,GT Distributors,Not Related to Dc,2026.0,6.0,Jun,2026-06,Q2,1.0,Open / Pending,Warehouse Problem | Stock Shortage | Short or not-received quantity | Owner: Warehouse/DC,Stock Shortage,Warehouse/DC,Stock Shortage; Commercial/Billing,,,,,,,,624 PCS,0.0,1.0,0.0,0.0,0.0,0.0,0.0,0.0,0.0,0.0,0.0,144,Pending,>15 Days
601780-20260602-110053,2026-02-06 11:00:00,2026-02-06,,South Branch,L5 IN Hyderabad 1,2032,601780.0,Vijeta Enterprises,"INV NO: 1099853741, DATE: 02-06-2026",BI-Stock Shortages,Pending,,,,Pending,GT Distributors,Glovis India Private Limited,2026.0,6.0,Jun,2026-06,Q2,1.0,Open / Pending,Warehouse Problem | Stock Shortage | Short or not-received quantity | Owner: Warehouse/DC,Stock Shortage,Warehouse/DC,Stock Shortage,1099853741,,,,"NESC SR Stabilo 36x190g AP Rs200, MRP-620/-; MAGGI PAZZTA Masala 96x69.5g, MRP-35/-",,620; 35,4 CS; 3 CS; 1 CS; 5 CS; 2 CS,0.0,1.0,0.0,0.0,0.0,0.0,0.0,0.0,0.0,0.0,0.0,144,Pending,>15 Days
6077575-20260602-150817,2026-02-06 15:08:00,2026-02-06,,South Branch,L5 IN Andhra Pradesh Purina,D915,6077575.0,Blitzhaus Pet Mart.,INV 1099853453  DT 30.05.2026,BI-Damages,Pending,,,,Pending,Pet Food-Distributor,Shanom Bolt Logistics Private,2026.0,6.0,Jun,2026-06,Q2,1.0,Open / Pending,Warehouse Problem | Product Damage | Damaged stock at receipt | Owner: Warehouse/DC,Product Damage,Warehouse/DC,Damage,1099853453,,,,PERFORMANCE 12KG- 2PC,,,2 PC,0.0,0.0,1.0,0.0,0.0,0.0,0.0,0.0,0.0,0.0,0.0,144,Pending,>15 Days
7083698-20260602-162716,2026-02-06 16:27:00,2026-02-06,,South Branch,L5 IN Bangalore City 2,B929,7083698.0,Intelligent Retail Private Limited,"We have received ""12584920"" - 'MILKMAID SCM EOE Tin 48x380g N2 IN', MRP-149, 4 Pc damage for Invoice# 938431554 dated 01/06/2026",BI-Damages,Pending,,,,Pending,GT Distributors,KKP Express,2026.0,6.0,Jun,2026-06,Q2,1.0,Open / Pending,Warehouse Problem | Product Damage | Damaged stock at receipt | Owner: Warehouse/DC,Product Damage,Warehouse/DC,Damage,938431554,,,,,,149,4 PC,0.0,0.0,1.0,0.0,0.0,0.0,0.0,0.0,0.0,0.0,0.0,144,Pending,>15 Days
7253085-20260602-213744,2026-02-06 21:37:00,2026-02-06,,South Branch,L5 IN Bangalore City 2,B929,7253085.0,Sri Hari Hara Enterprises,INVOICE DATE - 30-5-2026,BI-Stock Shortages,Pending,,,,Pending,GT Distributors,Diptab Ventures Pvt ltd,2026.0,6.0,Jun,2026-06,Q2,1.0,Open / Pending,Warehouse Problem | Stock Shortage | Short or not-received quantity | Owner: Warehouse/DC,Stock Shortage,Warehouse/DC,Stock Shortage,938431265,NUMBER,,14378778,,,,24 UNITS,0.0,1.0,0.0,0.0,0.0,0.0,0.0,0.0,0.0,0.0,0.0,144,Pending,>15 Days
7253085-20260602-214651,2026-02-06 21:46:00,2026-02-06,,South Branch,L5 IN Bangalore City 2,B929,7253085.0,Sri Hari Hara Enterprises,INVOICE DATE - 2-5-2026,BI-Stock Shortages,Pending,,,,Pending,GT Distributors,Diptab Ventures Pvt ltd,2026.0,6.0,Jun,2026-06,Q2,1.0,Open / Pending,Warehouse Problem | Stock Shortage | Short or not-received quantity | Owner: Warehouse/DC,Stock Shortage,Warehouse/DC,Stock Shortage,938425645,NUMBER; COPY,,12601933,,,,1 CS; 24 UNITS,0.0,1.0,0.0,0.0,0.0,0.0,0.0,0.0,0.0,0.0,0.0,144,Pending,>15 Days
7255337-20260602-152105,2026-02-06 15:21:00,2026-02-06,,South Branch,L5 IN Bangalore City 2,B929,7255337.0,Intelligent Retail Private Limited,13680372  MAGGI 2-MINN Masala 16x450g N1 IN,BI-Damages,Pending,,,,Pending,GT Distributors,Diptab Ventures Pvt ltd,2026.0,6.0,Jun,2026-06,Q2,1.0,Open / Pending,Other Problem | Transit Damage | Damage during transportation | Owner: Transporter/Logistics,Transit Damage,Transporter/Logistics,Damage; Transit,938420682,,,,,60769939BB,87,1 CASE,1.0,0.0,1.0,0.0,0.0,0.0,0.0,0.0,0.0,0.0,0.0,144,Pending,>15 Days
7255337-20260602-152527,2026-02-06 15:25:00,2026-02-06,,South Branch,L5 IN Bangalore City 2,B929,7255337.0,Intelligent Retail Private Limited,12617678  NESCAFE Roastery Dark Roast 12x95g N1 IN,BI-Expiry / Bad Goods,Pending,,,,Pending,GT Distributors,Diptab Ventures Pvt ltd,2026.0,6.0,Jun,2026-06,Q2,1.0,Open / Pending,Warehouse Problem | Expiry / Short Expiry | Expired or insufficient shelf-life stock | Owner: Warehouse/DC,Expiry / Short Expiry,Warehouse/DC,Expiry,938431524,13362,,,,52551092,1000,1 CASE,0.0,0.0,0.0,0.0,0.0,0.0,0.0,1.0,0.0,0.0,0.0,144,Pending,>15 Days
601627-20260601-135104,2026-01-06 13:51:00,2026-01-06,,South Branch,L5 IN Tamil Nadu 1,B744,601627.0,Sri Ram & Company,INVOICE NO:959182435,BI-Stock Shortages,Pending,,,,Pending,GT Distributors,KKP Express,2026.0,6.0,Jun,2026-06,Q2,1.0,Open / Pending,Warehouse Problem | Stock Shortage | Short or not-received quantity | Owner: Warehouse/DC,Stock Shortage,Warehouse/DC,Stock Shortage,959182435,,,13680087,MAGGI 2-MINN MAS 24*300G PR RS 2 OFF IN,61410452CA,,,0.0,1.0,0.0,0.0,0.0,0.0,0.0,0.0,0.0,0.0,0.0,175,Pending,>15 Days
601627-20260601-135741,2026-01-06 13:57:00,2026-01-06,,South Branch,L5 IN Tamil Nadu 1,B744,601627.0,Sri Ram & Company,INVOICE NO:9591 82435,BI-Stock Shortages,Pending,,,,Pending,GT Distributors,KKP Express,2026.0,6.0,Jun,2026-06,Q2,1.0,Open / Pending,Warehouse Problem | Stock Shortage | Short or not-received quantity | Owner: Warehouse/DC,Stock Shortage,Warehouse/DC,Stock Shortage,959182435,,,12608543,MAGGI 2-MINN MASALA POUCH 12*600G N1 IN,61240455RA,116,,0.0,1.0,0.0,0.0,0.0,0.0,0.0,0.0,0.0,0.0,0.0,175,Pending,>15 Days
601627-20260601-200648,2026-01-06 20:06:00,2026-01-06,,South Branch,L5 IN Tamil Nadu 1,B744,601627.0,Sri Ram & Company,INVOICE NO:959171961,BI-Stock Shortages,Pending,,,,Pending,GT Distributors,Tamilnadu Transport Company,2026.0,6.0,Jun,2026-06,Q2,1.0,Open / Pending,Warehouse Problem | Stock Shortage | Short or not-received quantity | Owner: Warehouse/DC,Stock Shortage,Warehouse/DC,Stock Shortage,959171961,,,13843471,MILKYBAR CHOO STRAWBERRY 30(28*11G) IN,60800454F1,5,1 CS,0.0,1.0,0.0,0.0,0.0,0.0,0.0,0.0,0.0,0.0,0.0,175,Pending,>15 Days
601627-20260601-201018,2026-01-06 20:10:00,2026-01-06,,South Branch,L5 IN Tamil Nadu 1,B744,601627.0,Sri Ram & Company,INVOICE NO:959171757,BI-Stock Shortages,Pending,,,,Pending,GT Distributors,KKP Express,2026.0,6.0,Jun,2026-06,Q2,1.0,Open / Pending,Warehouse Problem | Stock Shortage | Short or not-received quantity | Owner: Warehouse/DC,Stock Shortage,Warehouse/DC,Stock Shortage,959171757,,,13680087,MAGGI 2-MINN MAS 24*300G PR RS 2 OFF IN,60840452CF,58,1 CS,0.0,1.0,0.0,0.0,0.0,0.0,0.0,0.0,0.0,0.0,0.0,175,Pending,>15 Days
601785-20260601-104312,2026-01-06 10:43:00,2026-01-06,,South Branch,L5 IN Kerala 1,C963,601785.0,Vinod Agencies,invoice number: 1365805040,BI-Stock Shortages,Pending,,,,Pending,GT Distributors,BlueWave Supply Chain,2026.0,6.0,Jun,2026-06,Q2,1.0,Open / Pending,Warehouse Problem | Stock Shortage | Short or not-received quantity | Owner: Warehouse/DC,Stock Shortage,Warehouse/DC,Stock Shortage,1365805040,,,14507419,,611104517A,,,0.0,1.0,0.0,0.0,0.0,0.0,0.0,0.0,0.0,0.0,0.0,175,Pending,>15 Days
7453150-20260601-141540,2026-01-06 14:15:00,2026-01-06,,South Branch,L5 IN Andhrapradesh 3,B929,7453150.0,Radharamana Enterprises,RECIVED SHOTAGE OF LACTOGEN PRO1 BIB 24x400g,BI-Stock Shortages,Pending,,,,Pending,GT Distributors,Diptab Ventures Pvt ltd,2026.0,6.0,Jun,2026-06,Q2,1.0,Open / Pending,Warehouse Problem | Stock Shortage | Short or not-received quantity | Owner: Warehouse/DC,Stock Shortage,Warehouse/DC,Stock Shortage,938431410,COPY,,,,,,2 CS,0.0,1.0,0.0,0.0,0.0,0.0,0.0,0.0,0.0,0.0,0.0,175,Pending,>15 Days
5845138-20260530-132218,2026-05-30 13:22:19,2026-05-30,,South Branch,L5 IN Chennai Rural,C749,5845138.0,Iraivi Enterprises,inv no - 974826203,BI-Stock Shortages,Pending,,,,Pending,GT Distributors,Sakthi Jayavel Motors,2026.0,5.0,May,2026-05,Q2,1.0,Open / Pending,Warehouse Problem | Stock Shortage | Short or not-received quantity | Owner: Warehouse/DC,Stock Shortage,Warehouse/DC,Stock Shortage,974826203,,TN18CZ4626,,,,25,1 CASE,0.0,1.0,0.0,0.0,0.0,0.0,0.0,0.0,0.0,0.0,0.0,31,Pending,>15 Days
601780-20260530-111534,2026-05-30 11:15:34,2026-05-30,,South Branch,L5 IN Hyderabad 1,2032,601780.0,Vijeta Enterprises,"INV NO: 1099853253, DATE : 30-05-26,",BI-Stock Shortages,Pending,,,,Pending,GT Distributors,Glovis India Private Limited,2026.0,5.0,May,2026-05,Q2,1.0,Open / Pending,Warehouse Problem | Stock Shortage | Short or not-received quantity | Owner: Warehouse/DC,Stock Shortage,Warehouse/DC,Stock Shortage,1099853253,,,,"NESCAFE SUNRISE Stabilo 80x90g,MRP 300/-",,300,4 CS,0.0,1.0,0.0,0.0,0.0,0.0,0.0,0.0,0.0,0.0,0.0,31,Pending,>15 Days
6089280-20260530-170119,2026-05-30 17:01:19,2026-05-30,,South Branch,L5 IN Tamil Nadu 3,B744,6089280.0,Madhu Traders,Invoice No:959182538,BI-Stock Shortages,Closed,INPRAKASMA1,2026-03-07 19:56:00,,Closed,GT Distributors,J P Transport,2026.0,5.0,May,2026-05,Q2,1.0,Closed,Other Problem | Transit Shortage | Shortage during transportation | Owner: Transporter/Logistics,Transit Shortage,Transporter/Logistics,Stock Shortage; Transit,959182538; 959182536,,,12623517; 13680087; 13737115,,,30; 58; 10,7 CASE; 1 CASE,1.0,1.0,0.0,0.0,0.0,0.0,0.0,0.0,0.0,0.0,0.0,31,Closed,>15 Days
6824058-20260530-113030,2026-05-30 11:30:30,2026-05-30,,South Branch,L5 IN Karnataka 1,B929,6824058.0,Aarav Associates,"Dear Team,",BI-Stock Shortages,Closed,INPRAKASMA1,2026-03-07 19:56:00,,Closed,GT Distributors,Diptab Ventures Pvt ltd,2026.0,5.0,May,2026-05,Q2,1.0,Closed,Warehouse Problem | Stock Shortage | Short or not-received quantity | Owner: Warehouse/DC,Stock Shortage,Warehouse/DC,Stock Shortage; Return,938430868,,,,MAGGI 2-MINN Masala 48x150g N1,61080452CF,30,,0.0,1.0,0.0,0.0,0.0,0.0,0.0,0.0,0.0,0.0,0.0,31,Closed,>15 Days
7396975-20260530-175223,2026-05-30 17:52:24,2026-05-30,,South Branch,L5 IN Andhrapradesh 3,B929,7396975.0,Devaki General,inv no: 938428980,BI-Stock Shortages,Closed,INPRAKASMA1,2026-03-07 19:56:00,,Closed,GT Distributors,Diptab Ventures Pvt ltd,2026.0,5.0,May,2026-05,Q2,1.0,Closed,Warehouse Problem | Stock Shortage | Short or not-received quantity | Owner: Warehouse/DC,Stock Shortage,Warehouse/DC,Stock Shortage,938428980,,,13677894,MAGGI 2-MINN Mas Chain 320x35g,,,1 CS,0.0,1.0,0.0,0.0,0.0,0.0,0.0,0.0,0.0,0.0,0.0,31,Closed,>15 Days
6248455-20260529-115821,2026-05-29 11:58:22,2026-05-29,,South Branch,L5 IN Karnataka 2,B929,6248455.0,Sasnur Traders,1 pcs of 300gm Maggie PR damaged during transit,BI-Damages,Closed,INPRAKASMA1,2026-03-07 19:56:00,,Closed,GT Distributors,KKP Express,2026.0,5.0,May,2026-05,Q2,1.0,Closed,Other Problem | Transit Damage | Damage during transportation | Owner: Transporter/Logistics,Transit Damage,Transporter/Logistics,Damage; Transit,,,,,,,,1 PCS,1.0,0.0,1.0,0.0,0.0,0.0,0.0,0.0,0.0,0.0,0.0,32,Closed,>15 Days
6700167-20260529-194407,2026-05-29 19:44:08,2026-05-29,,South Branch,L5 IN Andhrapradesh 2,2032,6700167.0,Laasritha Enterprises,Stock Damage - Inv No.1099852940 Dt. 28.05.2026,BI-Stock Shortages,Pending,,,,Pending,GT Distributors,Glovis India Private Limited,2026.0,5.0,May,2026-05,Q2,1.0,Open / Pending,Warehouse Problem | MRP / Price Mismatch | Billed versus received MRP mismatch | Owner: Warehouse/DC,MRP / Price Mismatch,Warehouse/DC,Damage; MRP Mismatch,,,AP29V7670,,,,1; 2,1 PIECE; 2 PIECES; 1 CASE,0.0,0.0,1.0,0.0,1.0,0.0,0.0,0.0,0.0,0.0,0.0,32,Pending,>15 Days
6775174-20260529-125503,2026-05-29 12:55:04,2026-05-29,,South Branch,L5 IN Kerala 1,C963,6775174.0,Libra Consumables Private Limited,Returned Maggi spicy cheesy 24x304g MRP Rs100/-x1case due to rat bite,BI-Returns,Pending,,,,Pending,GT Distributors,BlueWave Supply Chain,2026.0,5.0,May,2026-05,Q2,1.0,Open / Pending,Other Problem | Return / Replacement | Return or replacement request | Owner: Customer Service/Commercial,Return / Replacement,Customer Service/Commercial,Return,1365805249,,,12589871,,60590455KB,100,1 CASE,0.0,0.0,0.0,0.0,0.0,0.0,0.0,0.0,0.0,0.0,0.0,32,Pending,>15 Days
7031803-20260529-163543,2026-05-29 16:35:44,2026-05-29,,South Branch,L5 IN Hyderabad 1,2032,7031803.0,Sri Lalithambica Traders,GRN2500411 29-05-2026 1099853049 28-05-2026 2202 99 30 14175158 NESCAFE Intense 30x180ml NR IN 61041530MA 45.00 300 10 0 36.55974 10967.95 0.000000 0.0 0.0 548.40 5.0 11516.3,BI-Stock Shortages,Pending,,,,Pending,GT Distributors,Glovis India Private Limited,2026.0,5.0,May,2026-05,Q2,1.0,Open / Pending,Other Problem | Product Quality | Product condition / contamination issue | Owner: Product Quality,Product Quality,Product Quality,Product Quality,,,,,,,,10 CASES; 2 CASES,0.0,0.0,0.0,0.0,0.0,0.0,0.0,0.0,0.0,1.0,0.0,32,Pending,>15 Days
7093900-20260529-181607,2026-05-29 18:16:07,2026-05-29,,South Branch,L5 IN Chennai City 2,C749,7093900.0,Sri Swastik Agencies,"Dear Sir,",BI-Stock Shortages,Pending,,,,Pending,GT Distributors,Sakthi Jayavel Motors,2026.0,5.0,May,2026-05,Q2,1.0,Open / Pending,Warehouse Problem | Stock Shortage | Short or not-received quantity | Owner: Warehouse/DC,Stock Shortage,Warehouse/DC,Stock Shortage,974826678,,,,,,,,0.0,1.0,0.0,0.0,0.0,0.0,0.0,0.0,0.0,0.0,0.0,32,Pending,>15 Days
7256641-20260529-114302,2026-05-29 11:43:03,2026-05-29,,South Branch,L5 IN Chennai City 2,C749,7256641.0,Rathna Agencies,Product Code :12603818,BI-Stock Shortages,Pending,,,,Pending,GT Distributors,Sakthi Jayavel Motors,2026.0,5.0,May,2026-05,Q2,1.0,Open / Pending,Warehouse Problem | Stock Shortage | Short or not-received quantity | Owner: Warehouse/DC,Stock Shortage,Warehouse/DC,Stock Shortage,974797228,,TN48AC6213,12603818,,52460452JAG,340,1 CASE,0.0,1.0,0.0,0.0,0.0,0.0,0.0,0.0,0.0,0.0,0.0,32,Pending,>15 Days
7256641-20260529-121419,2026-05-29 12:14:19,2026-05-29,,South Branch,L5 IN Chennai City 2,C749,7256641.0,Rathna Agencies,Product Code:12624782,BI-Stock Shortages,Pending,,,,Pending,GT Distributors,Sakthi Jayavel Motors,2026.0,5.0,May,2026-05,Q2,1.0,Open / Pending,Warehouse Problem | Stock Shortage | Short or not-received quantity | Owner: Warehouse/DC,Stock Shortage,Warehouse/DC,Stock Shortage,,,,12624782,KIT KAT Tablet Caramel 12(12x50g)N4 IN,51960454X1,90,2 BOX,0.0,1.0,0.0,0.0,0.0,0.0,0.0,0.0,0.0,0.0,0.0,32,Pending,>15 Days
7402251-20260529-174253,2026-05-29 17:42:53,2026-05-29,,South Branch,L5 IN Bangalore City 2,B929,7402251.0,Intelligent Retail Private Limited,INV No  938430947,BI-Damages,Closed,INPRAKASMA1,2026-03-07 19:56:00,,Closed,GT Distributors,Diptab Ventures Pvt ltd,2026.0,5.0,May,2026-05,Q2,1.0,Closed,Other Problem | Transit Damage | Damage during transportation | Owner: Transporter/Logistics,Transit Damage,Transporter/Logistics,Damage; Transit,938430947,,,,,,,1 PC,1.0,0.0,1.0,0.0,0.0,0.0,0.0,0.0,0.0,0.0,0.0,32,Closed,>15 Days
3000212-20260528-134032,2026-05-28 13:40:32,2026-05-28,,South Branch,L5 IN Kerala 1,7793,3000212.0,Pallickal Agencies,"Today I received the invoice no.1365364886, Maggi 24x300g, but 4 cases are short. In the previous Invoice No.1365364483 22/05/26, there was also a shortage 1 case of the MRP 40/-  Maggi 48x152g . Please check and resolve this issue.",BI-Stock Shortages,Closed,INPRAKASMA1,2026-03-07 19:56:00,,Closed,GT Distributors,Caspian Shipping & Logistics,2026.0,5.0,May,2026-05,Q2,1.0,Closed,Warehouse Problem | Stock Shortage | Short or not-received quantity | Owner: Warehouse/DC,Stock Shortage,Warehouse/DC,Stock Shortage,,,,,,,40,4 CASES; 1 CASE,0.0,1.0,0.0,0.0,0.0,0.0,0.0,0.0,0.0,0.0,0.0,33,Closed,>15 Days
601004-20260528-103940,2026-05-28 10:39:41,2026-05-28,,South Branch,L5 IN Chennai City 1,C749,601004.0,Aswin Enterprises,INVOICE NO 974826589,BI-Stock Shortages,Pending,,,,Pending,GT Distributors,CCI Logistics Limited,2026.0,5.0,May,2026-05,Q2,1.0,Open / Pending,Other Problem | Transit Shortage | Shortage during transportation | Owner: Transporter/Logistics,Transit Shortage,Transporter/Logistics,Stock Shortage; Transit,974826589,,TN12AV6873,12603833; 12606043,,52180455HA; 60450451FB,75,,1.0,1.0,0.0,0.0,0.0,0.0,0.0,0.0,0.0,0.0,0.0,33,Pending,>15 Days
601780-20260528-103807,2026-05-28 10:38:08,2026-05-28,,South Branch,L5 IN Hyderabad 1,2032,601780.0,Vijeta Enterprises,"INV NO: 109985267, DATE: 27-06-26",BI-Stock Shortages,Pending,,,,Pending,GT Distributors,,2026.0,5.0,May,2026-05,Q2,1.0,Open / Pending,Warehouse Problem | Stock Shortage | Short or not-received quantity | Owner: Warehouse/DC,Stock Shortage,Warehouse/DC,Stock Shortage,109985267,,,,"MAGGI PAZZTA Cheese 96x75g , MRP 35/-,; NESTLE a+ Milk 12x1L, MRP 108/-",,35; 108,1 CS; 30 CS,0.0,1.0,0.0,0.0,0.0,0.0,0.0,0.0,0.0,0.0,0.0,33,Pending,>15 Days
6824058-20260528-130103,2026-05-28 13:01:03,2026-05-28,,South Branch,L5 IN Karnataka 1,B929,6824058.0,Aarav Associates,"Dear Team,",BI-Stock Shortages,Closed,INPRAKASMA1,2026-03-07 19:56:00,,Closed,GT Distributors,Diptab Ventures Pvt ltd,2026.0,5.0,May,2026-05,Q2,1.0,Closed,Warehouse Problem | Stock Shortage | Short or not-received quantity | Owner: Warehouse/DC,Stock Shortage,Warehouse/DC,Stock Shortage; Return,938430131,,,,MAGGI Coconut Milk Liquid 6(6x180ml) IN,60520376NM,80,,0.0,1.0,0.0,0.0,0.0,0.0,0.0,0.0,0.0,0.0,0.0,33,Closed,>15 Days
6935414-20260528-115430,2026-05-28 11:54:30,2026-05-28,,South Branch,L5 IN Andhrapradesh 2,2032,6935414.0,Sai Raju Enterprises,LR No: 5578,BI-Damages,Pending,,,,Pending,GT Distributors,Jurigari Private Limited,2026.0,5.0,May,2026-05,Q2,1.0,Open / Pending,Warehouse Problem | Product Damage | Damaged stock at receipt | Owner: Warehouse/DC,Product Damage,Warehouse/DC,Damage,1099852510,5578,TS07UL7860,12603852,,60710455HA,,5 PCS,0.0,0.0,1.0,0.0,0.0,0.0,0.0,0.0,0.0,0.0,0.0,33,Pending,>15 Days
6935414-20260528-115734,2026-05-28 11:57:34,2026-05-28,,South Branch,L5 IN Andhrapradesh 2,2032,6935414.0,Sai Raju Enterprises,LR No : 006149,BI-Stock Shortages,Pending,,,,Pending,GT Distributors,Chirag Road Lines,2026.0,5.0,May,2026-05,Q2,1.0,Open / Pending,Warehouse Problem | Stock Shortage | Short or not-received quantity | Owner: Warehouse/DC,Stock Shortage,Warehouse/DC,Stock Shortage,1099851126,6149,HR38AL4974,13776709,,61170454F1,,1 CASE,0.0,1.0,0.0,0.0,0.0,0.0,0.0,0.0,0.0,0.0,0.0,33,Pending,>15 Days
7043746-20260528-145031,2026-05-28 14:50:31,2026-05-28,,South Branch,L5 IN Tamil Nadu 2,B744,7043746.0,Best & Co,1 case Rs 15 Maggi shortage inv LR NO 10391,BI-Stock Shortages,Closed,INPRAKASMA1,2026-03-07 19:56:00,,Closed,GT Distributors,KKP Express,2026.0,5.0,May,2026-05,Q2,1.0,Closed,Other Problem | Transit Shortage | Shortage during transportation | Owner: Transporter/Logistics,Transit Shortage,Transporter/Logistics,Stock Shortage; Transit,,10391,,,,,,1 CASE,1.0,1.0,0.0,0.0,0.0,0.0,0.0,0.0,0.0,0.0,0.0,33,Closed,>15 Days
7043746-20260528-145213,2026-05-28 14:52:13,2026-05-28,,South Branch,L5 IN Tamil Nadu 2,B744,7043746.0,Best & Co,3 CASE RS 15 MAGGI SHORTAGE LR NO 11327 DTD 24--APR-26 KPP EXPRESS,BI-Stock Shortages,Closed,INPRAKASMA1,2026-03-07 19:56:00,,Closed,GT Distributors,KKP Express,2026.0,5.0,May,2026-05,Q2,1.0,Closed,Other Problem | Transit Shortage | Shortage during transportation | Owner: Transporter/Logistics,Transit Shortage,Transporter/Logistics,Stock Shortage; Transit,,11327,,,,,,3 CASE,1.0,1.0,0.0,0.0,0.0,0.0,0.0,0.0,0.0,0.0,0.0,33,Closed,>15 Days
7350721-20260528-172321,2026-05-28 17:23:21,2026-05-28,,South Branch,L5 IN Andhrapradesh 4,2032,7350721.0,Om Sri Srinivasa Traders,Kit Kat Duo 18(28*28.5g) 2 cases billed stock MRP.25,BI-Stock Shortages,Pending,,,,Pending,GT Distributors,AVG Logistics Limited,2026.0,5.0,May,2026-05,Q2,1.0,Open / Pending,Warehouse Problem | Stock Shortage | Short or not-received quantity | Owner: Warehouse/DC,Stock Shortage,Warehouse/DC,Stock Shortage,,,,12616861,,61160454A1,,2 CASES,0.0,1.0,0.0,0.0,0.0,0.0,0.0,0.0,0.0,0.0,0.0,33,Pending,>15 Days
7369977-20260528-162455,2026-05-28 16:24:55,2026-05-28,,South Branch,L5 IN Hyderabad 2,2032,7369977.0,Sri Sudharshana Traders,in the invoice number 1099852866 we haven't received 2 cases of maggi 16x420g with the product code:-12608578 and batch code:-61339939BA tranporter name is jurigari pvt ltd driver name:-arun kumar mobile number:-9653808823,BI-Stock Shortages,Pending,,,,Pending,GT Distributors,Jurigari Private Limited,2026.0,5.0,May,2026-05,Q2,1.0,Open / Pending,Warehouse Problem | Stock Shortage | Short or not-received quantity | Owner: Warehouse/DC,Stock Shortage,Warehouse/DC,Stock Shortage,1099852866,,,,,,,2 CASES,0.0,1.0,0.0,0.0,0.0,0.0,0.0,0.0,0.0,0.0,0.0,33,Pending,>15 Days
5727251-20260527-183650,2026-05-27 18:36:51,2026-05-27,,South Branch,L5 IN Hyderabad 2,2032,5727251.0,Om Agencies,TRANSIT SHORTAGE ROM DC,BI-Stock Shortages,Pending,,,,Pending,GT Distributors,AVG Logistics Limited,2026.0,5.0,May,2026-05,Q2,1.0,Open / Pending,Other Problem | Transit Shortage | Shortage during transportation | Owner: Transporter/Logistics,Transit Shortage,Transporter/Logistics,Stock Shortage; Transit,1099849573,2054503,,,,,10,1 CS,1.0,1.0,0.0,0.0,0.0,0.0,0.0,0.0,0.0,0.0,0.0,34,Pending,>15 Days
6379784-20260527-162837,2026-05-27 16:28:37,2026-05-27,,South Branch,L5 IN Karnataka 1,B929,6379784.0,Om Marketing,12608551-60469939JA,BI-Stock Shortages,Closed,INPRAKASMA1,2026-03-07 19:56:00,,Closed,GT Distributors,AVG Logistics Limited,2026.0,5.0,May,2026-05,Q2,1.0,Closed,Warehouse Problem | Stock Shortage | Short or not-received quantity | Owner: Warehouse/DC,Stock Shortage,Warehouse/DC,Stock Shortage,,,KA52B-3263,,,,,,0.0,1.0,0.0,0.0,0.0,0.0,0.0,0.0,0.0,0.0,0.0,34,Closed,>15 Days
7227511-20260527-181525,2026-05-27 18:15:26,2026-05-27,,South Branch,L5 IN Andhra Pradesh NP,C749,7227511.0,Sri Hanuman Enterprises,Invoice Number -1099848721,BI-Stock Shortages,Pending,,,,Pending,NP-Distributor,AVG Logistics Limited,2026.0,5.0,May,2026-05,Q2,1.0,Open / Pending,Warehouse Problem | Stock Shortage | Short or not-received quantity | Owner: Warehouse/DC,Stock Shortage,Warehouse/DC,Stock Shortage,1099848721; 1099848723,2040970,NL01AE,12463609; 12230487,NESTEA Cardamom Tea 16x1Kg IN; MILKMAID Partly Skimmed SCM Tin 4x5kg IN,9728141B; 61040451JA,476; 1738,1 CASE,0.0,1.0,0.0,0.0,0.0,0.0,0.0,0.0,0.0,0.0,0.0,34,Pending,>15 Days
601780-20260526-183234,2026-05-26 18:32:35,2026-05-26,,South Branch,L5 IN Hyderabad 1,2032,601780.0,Vijeta Enterprises,"INV NO: 1099852681, DATE: 26-05-26",BI-Stock Shortages,Pending,,,,Pending,GT Distributors,Chirag Road Lines,2026.0,5.0,May,2026-05,Q2,1.0,Open / Pending,Warehouse Problem | Stock Shortage | Short or not-received quantity | Owner: Warehouse/DC,Stock Shortage,Warehouse/DC,Stock Shortage,1099852681,,,,"KIT KAT Tablet Caramel 12(12x50g),MRP 90/-",,90,10 CS; 9 CS; 1 CS,0.0,1.0,0.0,0.0,0.0,0.0,0.0,0.0,0.0,0.0,0.0,35,Pending,>15 Days
6077575-20260526-154623,2026-05-26 15:46:23,2026-05-26,,South Branch,L5 IN Andhra Pradesh Purina,B929,6077575.0,Blitzhaus Pet Mart.,"INV NO 938429311, DT 20-05-2026, 12630900, FRISKIES ADULT 10KG, 1 BAG",BI-Damages,Closed,INPRAKASMA1,2026-03-07 19:56:00,,Closed,Pet Food-Distributor,KKP Express,2026.0,5.0,May,2026-05,Q2,1.0,Closed,Other Problem | Transit Damage | Damage during transportation | Owner: Transporter/Logistics,Transit Damage,Transporter/Logistics,Damage; Transit,938429311,,,,,,,,1.0,0.0,1.0,0.0,0.0,0.0,0.0,0.0,0.0,0.0,0.0,35,Closed,>15 Days
6863779-20260526-130437,2026-05-26 13:04:38,2026-05-26,,South Branch,L5 IN Tamil Nadu 3,B744,6863779.0,Sri Amirtha Agency,INVOICE DATE; 13-05-26,BI-Promo SKUs,Closed,INPRAKASMA1,2026-03-07 19:56:00,,Closed,GT Distributors,J P Transport,2026.0,5.0,May,2026-05,Q2,1.0,Closed,Warehouse Problem | Promo / Free Goods Missing | Promotional or free item not received | Owner: Warehouse/DC,Promo / Free Goods Missing,Warehouse/DC,Promo Missing,959179914,,,,,61089939BA,87,10 CASE; 25 CASE,0.0,0.0,0.0,0.0,0.0,0.0,0.0,0.0,1.0,0.0,0.0,35,Closed,>15 Days
7083698-20260526-145127,2026-05-26 14:51:28,2026-05-26,,South Branch,L5 IN Bangalore City 2,B929,7083698.0,Intelligent Retail Private Limited,"We have received ""13680299"" - 'MAGGI 2-MINN Mas 16x450g PR Rs 4 Off IN', MRP-87, 3 Pc damage for Invoice# 938429917 dated 23/05/2026",BI-Damages,Closed,INPRAKASMA1,2026-03-07 19:56:00,,Closed,GT Distributors,Diptab Ventures Pvt ltd,2026.0,5.0,May,2026-05,Q2,1.0,Closed,Warehouse Problem | Product Damage | Damaged stock at receipt | Owner: Warehouse/DC,Product Damage,Warehouse/DC,Damage,938429917,,,,,,87,3 PC,0.0,0.0,1.0,0.0,0.0,0.0,0.0,0.0,0.0,0.0,0.0,35,Closed,>15 Days
7097726-20260526-115632,2026-05-26 11:56:32,2026-05-26,,South Branch,L5 IN Chennai Rural,C749,7097726.0,L K Enterprises,The stocks are shortage in the invoice no 974825944 Date 21.05.2026. Product code 14507911 MRP.5 NESC Sunrise sac 24((56+4)x3.8g) 600 piece and Product code 14316364 MRP.10 NESC Sunrise sac 30(48X7.6G) 96piece.,BI-Stock Shortages,Pending,,,,Pending,GT Distributors,Sakthi Jayavel Motors,2026.0,5.0,May,2026-05,Q2,1.0,Open / Pending,Warehouse Problem | Stock Shortage | Short or not-received quantity | Owner: Warehouse/DC,Stock Shortage,Warehouse/DC,Stock Shortage,974825944,,,14507911; 14316364,,,,600 PIECE; 96 PIECE,0.0,1.0,0.0,0.0,0.0,0.0,0.0,0.0,0.0,0.0,0.0,35,Pending,>15 Days
7256641-20260526-122529,2026-05-26 12:25:30,2026-05-26,,South Branch,L5 IN Chennai City 2,C749,7256641.0,Rathna Agencies,purchase Order No: 974826439,BI-Stock Shortages,Pending,,,,Pending,GT Distributors,Sakthi Jayavel Motors,2026.0,5.0,May,2026-05,Q2,1.0,Open / Pending,Warehouse Problem | Stock Shortage | Short or not-received quantity | Owner: Warehouse/DC,Stock Shortage,Warehouse/DC,Stock Shortage,,,TN23C28313,,,60850452DA,445,1 CASE,0.0,1.0,0.0,0.0,0.0,0.0,0.0,0.0,0.0,0.0,0.0,35,Pending,>15 Days
7256641-20260526-122640,2026-05-26 12:26:40,2026-05-26,,South Branch,L5 IN Chennai City 2,C749,7256641.0,Rathna Agencies,purchase Order No: 974826433,BI-Stock Shortages,Pending,,,,Pending,GT Distributors,Sakthi Jayavel Motors,2026.0,5.0,May,2026-05,Q2,1.0,Open / Pending,Warehouse Problem | Stock Shortage | Short or not-received quantity | Owner: Warehouse/DC,Stock Shortage,Warehouse/DC,Stock Shortage,,,TN23C28313,,,60532814KA,25,1 CASE,0.0,1.0,0.0,0.0,0.0,0.0,0.0,0.0,0.0,0.0,0.0,35,Pending,>15 Days
7256641-20260526-122753,2026-05-26 12:27:54,2026-05-26,,South Branch,L5 IN Chennai City 2,C749,7256641.0,Rathna Agencies,purchase Order No: 974826437,BI-Stock Shortages,Pending,,,,Pending,GT Distributors,Sakthi Jayavel Motors,2026.0,5.0,May,2026-05,Q2,1.0,Open / Pending,Warehouse Problem | Stock Shortage | Short or not-received quantity | Owner: Warehouse/DC,Stock Shortage,Warehouse/DC,Stock Shortage,,,,,,,,120 EA,0.0,1.0,0.0,0.0,0.0,0.0,0.0,0.0,0.0,0.0,0.0,35,Pending,>15 Days
7366995-20260526-154857,2026-05-26 15:48:57,2026-05-26,,South Branch,L5 IN Hyderabad 2,2032,7366995.0,Intelligent Retail Private Limited,INV  NUMBER --1099852594,BI-Stock Shortages,Pending,,,,Pending,GT Distributors,AVG Logistics Limited,2026.0,5.0,May,2026-05,Q2,1.0,Open / Pending,Warehouse Problem | Stock Shortage | Short or not-received quantity | Owner: Warehouse/DC,Stock Shortage,Warehouse/DC,Stock Shortage,,,,143787CASE,,61126640PA,,143787 CASE,0.0,1.0,0.0,0.0,0.0,0.0,0.0,0.0,0.0,0.0,0.0,35,Pending,>15 Days
7366995-20260526-184428,2026-05-26 18:44:29,2026-05-26,,South Branch,L5 IN Hyderabad 2,2032,7366995.0,Intelligent Retail Private Limited,INVOICE NUMBER : 1099852661,BI-Stock Shortages,Pending,,,,Pending,GT Distributors,Shanom Bolt Logistics Private,2026.0,5.0,May,2026-05,Q2,1.0,Open / Pending,Warehouse Problem | Stock Shortage | Short or not-received quantity | Owner: Warehouse/DC,Stock Shortage,Warehouse/DC,Stock Shortage,1099852661,,,14503923,,609499394HE,5,5 CASE,0.0,1.0,0.0,0.0,0.0,0.0,0.0,0.0,0.0,0.0,0.0,35,Pending,>15 Days
7459084-20260526-170039,2026-05-26 17:00:40,2026-05-26,,South Branch,L5 IN Andhra Pradesh Purina,2032,7459084.0,S V D Pharmaceuticals,product                             Mrp        Batch           Exp       QTY,BI-Any other,Pending,,,,Pending,Pet Food-Distributor,Swamy & Sons,2026.0,5.0,May,2026-05,Q2,1.0,Open / Pending,Warehouse Problem | Product Damage | Stock received in breakage condition | Owner: Warehouse/DC,Product Damage,Warehouse/DC,Damage,,,,,,,,,0.0,0.0,1.0,0.0,0.0,0.0,0.0,0.0,0.0,0.0,0.0,35,Pending,>15 Days
7463388-20260526-161342,2026-05-26 16:13:43,2026-05-26,,South Branch,L5 IN Tamil Nadu 5,B744,7463388.0,Deluxe Traders,INVOICE NO:959181767,BI-Stock Shortages,Closed,INPRAKASMA1,2026-03-07 19:56:00,,Closed,GT Distributors,KKP Express,2026.0,5.0,May,2026-05,Q2,1.0,Closed,Other Problem | Transit Shortage | Shortage during transportation | Owner: Transporter/Logistics,Transit Shortage,Transporter/Logistics,Stock Shortage; Transit,959181767,,,,EVERYDAY 1KG,,580,22 CASE; 21 CASE; 1 CASE,1.0,1.0,0.0,0.0,0.0,0.0,0.0,0.0,0.0,0.0,0.0,35,Closed,>15 Days
601014-20260525-192337,2026-05-25 19:23:38,2026-05-25,,South Branch,L5 IN Andhrapradesh 2,2032,601014.0,B Yemmaji Rao Sons,INV NO.1099849186 DATE 05/05/2026,BI-Stock Shortages,Pending,,,,Pending,GT Distributors,Jurigari Private Limited,2026.0,5.0,May,2026-05,Q2,1.0,Open / Pending,Warehouse Problem | MRP / Price Mismatch | Billed versus received MRP mismatch | Owner: Warehouse/DC,MRP / Price Mismatch,Warehouse/DC,Stock Shortage; MRP Mismatch,,,,,,,10,1 CASE; 10 PCS,0.0,1.0,0.0,0.0,1.0,0.0,0.0,0.0,0.0,0.0,0.0,36,Pending,>15 Days
601476-20260525-133657,2026-05-25 13:36:57,2026-05-25,,South Branch,L5 IN Karnataka 3,B929,601476.0,S M M Agencies,INVOICE NO:938430142  DATE:24.05.2026,BI-Stock Shortages,Closed,INPRAKASMA1,2026-03-07 19:56:00,,Closed,GT Distributors,KKP Express,2026.0,5.0,May,2026-05,Q2,1.0,Closed,Warehouse Problem | Stock Shortage | Short or not-received quantity | Owner: Warehouse/DC,Stock Shortage,Warehouse/DC,Stock Shortage,938430142,,,,,,10,1 CS,0.0,1.0,0.0,0.0,0.0,0.0,0.0,0.0,0.0,0.0,0.0,36,Closed,>15 Days
601738-20260525-150914,2026-05-25 15:09:14,2026-05-25,,South Branch,L5 IN Tamil Nadu 2,B744,601738.0,V.G.Rajamani Agencies (P) LTD,INV NO:959181710 DATED 23.05.2026,BI-Any other,Closed,INPRAKASMA1,2026-03-07 19:56:00,,Closed,GT Distributors,Chakradhara Aerospace And Cargo,2026.0,5.0,May,2026-05,Q2,1.0,Closed,Warehouse Problem | Stock Excess | Excess quantity received | Owner: Warehouse/DC,Stock Excess,Warehouse/DC,Stock Shortage; Stock Excess,959181710,,,14503951,,61260455KB,,17 CASES,0.0,1.0,0.0,1.0,0.0,0.0,0.0,0.0,0.0,0.0,0.0,36,Closed,>15 Days
6775174-20260525-160023,2026-05-25 16:00:24,2026-05-25,,South Branch,L5 IN Kerala 1,C963,6775174.0,Libra Consumables Private Limited,Maggi Special mas 24X300G MRP 100/- X 1CS,BI-Stock Shortages,Pending,,,,Pending,GT Distributors,BlueWave Supply Chain,2026.0,5.0,May,2026-05,Q2,1.0,Open / Pending,Warehouse Problem | Stock Shortage | Short or not-received quantity | Owner: Warehouse/DC,Stock Shortage,Warehouse/DC,Stock Shortage,1365805017,,,,,60992814BA,100,1 CS,0.0,1.0,0.0,0.0,0.0,0.0,0.0,0.0,0.0,0.0,0.0,36,Pending,>15 Days
7045944-20260525-143653,2026-05-25 14:36:53,2026-05-25,,South Branch,L5 IN Kerala 2,7793,7045944.0,Surya Trading Company,EVERYDAY DAIRY CREAMER -ONE CASE,BI-Stock Shortages,Closed,INPRAKASMA1,2026-03-07 19:56:00,,Closed,GT Distributors,,2026.0,5.0,May,2026-05,Q2,1.0,Closed,Warehouse Problem | Stock Shortage | Short or not-received quantity | Owner: Warehouse/DC,Stock Shortage,Warehouse/DC,Stock Shortage,,,,14508643,,,,,0.0,1.0,0.0,0.0,0.0,0.0,0.0,0.0,0.0,0.0,0.0,36,Closed,>15 Days
7228376-20260525-115903,2026-05-25 11:59:03,2026-05-25,,South Branch,L5 IN Andhrapradesh 2,2032,7228376.0,Nahida Enterprises,SUNRISE EXTRA (5*200) BILLED STOCK RECIVED,BI-Batch Related Issues,Pending,,,,Pending,GT Distributors,Glovis India Private Limited,2026.0,5.0,May,2026-05,Q2,1.0,Open / Pending,Warehouse Problem | Batch Mismatch | Billed versus received batch mismatch | Owner: Warehouse/DC,Batch Mismatch,Warehouse/DC,Batch Mismatch,1099849138,,,,,,,,0.0,0.0,0.0,0.0,0.0,0.0,1.0,0.0,0.0,0.0,0.0,36,Pending,>15 Days
7301189-20260525-120401,2026-05-25 12:04:02,2026-05-25,,South Branch,L5 IN Kerala 1,C963,7301189.0,Bhanu Trading,1365805076 DT 24.05.2026,BI-Any other,Pending,,,,Pending,GT Distributors,BlueWave Supply Chain,2026.0,5.0,May,2026-05,Q2,1.0,Open / Pending,Warehouse Problem | Stock Shortage | Short or not-received quantity | Owner: Warehouse/DC,Stock Shortage,Warehouse/DC,Stock Shortage,,,,,,,,5 CASE,0.0,1.0,0.0,0.0,0.0,0.0,0.0,0.0,0.0,0.0,0.0,36,Pending,>15 Days
601383-20260523-164414,2026-05-23 16:44:14,2026-05-23,,South Branch,L5 IN Karnataka 2,B929,601383.0,Pavan Agencies,MISS MATCH OF MRP,BI-Batch Related Issues,Closed,INPRAKASMA1,2026-03-07 19:56:00,,Closed,GT Distributors,KKP Express,2026.0,5.0,May,2026-05,Q2,1.0,Closed,Warehouse Problem | MRP / Price Mismatch | Billed versus received MRP mismatch | Owner: Warehouse/DC,MRP / Price Mismatch,Warehouse/DC,MRP Mismatch,,,,,- MAGGI 2-MINN Spicy Garlic 96x62g N1 IN,,,1 CASE,0.0,0.0,0.0,0.0,1.0,0.0,0.0,0.0,0.0,0.0,0.0,38,Closed,>15 Days
601780-20260523-121755,2026-05-23 12:17:55,2026-05-23,,South Branch,L5 IN Hyderabad 1,2032,601780.0,Vijeta Enterprises,"INV NO: 1099852215, DATE: 23-05-26",BI-Stock Shortages,Pending,,,,Pending,GT Distributors,Glovis India Private Limited,2026.0,5.0,May,2026-05,Q2,1.0,Open / Pending,Warehouse Problem | Stock Shortage | Short or not-received quantity | Owner: Warehouse/DC,Stock Shortage,Warehouse/DC,Stock Shortage,1099852215,,,,"NESCAFE SUNRISE Stabilo 80x90g,MRP-300/-; MAGGI 2-MIN Spec Mas 24x300g,MRP 100/-",,300; 100,2 CS; 14 CS; 13 CS; 1 CS,0.0,1.0,0.0,0.0,0.0,0.0,0.0,0.0,0.0,0.0,0.0,38,Pending,>15 Days
601780-20260523-122522,2026-05-23 12:25:22,2026-05-23,,South Branch,L5 IN Hyderabad 1,2032,601780.0,Vijeta Enterprises,"INV NO: 1099852308, DATE: 23-05-26",BI-Batch Related Issues,Pending,,,,Pending,GT Distributors,AVG Logistics Limited,2026.0,5.0,May,2026-05,Q2,1.0,Open / Pending,Warehouse Problem | Batch Mismatch | Billed versus received batch mismatch | Owner: Warehouse/DC,Batch Mismatch,Warehouse/DC,Batch Mismatch,1099852308,,,,"MUNCH Twin Bar 24(24x19.8g), MRP 10/-",60196640PA,10,12 CS; 10 CS; 2 CS,0.0,0.0,0.0,0.0,0.0,0.0,1.0,0.0,0.0,0.0,0.0,38,Pending,>15 Days
601780-20260523-123620,2026-05-23 12:36:20,2026-05-23,,South Branch,L5 IN Hyderabad 1,2032,601780.0,Vijeta Enterprises,"INV NO: 1099852207,DATE:23-05-26",BI-Stock Shortages,Pending,,,,Pending,GT Distributors,Jurigari Private Limited,2026.0,5.0,May,2026-05,Q2,1.0,Open / Pending,Warehouse Problem | Stock Shortage | Short or not-received quantity | Owner: Warehouse/DC,Stock Shortage,Warehouse/DC,Stock Shortage,1099852207,,,,"MAGGI 2-MINN Masala 12x560g,MRP 120/-",,120,270 CS; 240 CS; 30 CS,0.0,1.0,0.0,0.0,0.0,0.0,0.0,0.0,0.0,0.0,0.0,38,Pending,>15 Days
7031803-20260523-201429,2026-05-23 20:14:29,2026-05-23,,South Branch,L5 IN Hyderabad 1,2032,7031803.0,Sri Lalithambica Traders,invoice number:1099841907,BI-Stock Shortages,Pending,,,,Pending,GT Distributors,AVG Logistics Limited,2026.0,5.0,May,2026-05,Q2,1.0,Open / Pending,Warehouse Problem | Stock Shortage | Short or not-received quantity | Owner: Warehouse/DC,Stock Shortage,Warehouse/DC,Stock Shortage,1099841907,given,,,kit kat 2f mini 24(42x13.2g),60670454B1,,2 BOXES,0.0,1.0,0.0,0.0,0.0,0.0,0.0,0.0,0.0,0.0,0.0,38,Pending,>15 Days
7031803-20260523-202155,2026-05-23 20:21:55,2026-05-23,,South Branch,L5 IN Hyderabad 1,2032,7031803.0,Sri Lalithambica Traders,7031803 SRI LALITHAMBICA TRADERS,BI-Stock Shortages,Pending,,,,Pending,GT Distributors,Glovis India Private Limited,2026.0,5.0,May,2026-05,Q2,1.0,Open / Pending,Other Problem | Product Quality | Product condition / contamination issue | Owner: Product Quality,Product Quality,Product Quality,Product Quality; Return,1099826076,,,12448239,Nestea iced tea lemon RTD 30X200ml,51091530KA,35,50 CASES; 3 CASES,0.0,0.0,0.0,0.0,0.0,0.0,0.0,0.0,0.0,1.0,0.0,38,Pending,>15 Days
7031803-20260523-202902,2026-05-23 20:29:02,2026-05-23,,South Branch,L5 IN Hyderabad 1,2032,7031803.0,Sri Lalithambica Traders,7031803 SRI LALITHAMBICA TRADERS 12-02-2026,BI-Stock Shortages,Pending,,,,Pending,GT Distributors,,2026.0,5.0,May,2026-05,Q2,1.0,Open / Pending,Other Problem | Product Quality | Product condition / contamination issue | Owner: Product Quality,Product Quality,Product Quality,Product Quality,,with,,12448239,NESTEA ICED TEA LEMON(30X200ml),60021530KA,30,27 CASES; 2 CASES,0.0,0.0,0.0,0.0,0.0,0.0,0.0,0.0,0.0,1.0,0.0,38,Pending,>15 Days
7209162-20260523-123940,2026-05-23 12:39:41,2026-05-23,,South Branch,L5 IN Karnataka Purina,B929,7209162.0,Blue Dog Imports Private Limited,we have received near expiry stocks with invoice no. 938428930 - recd date 19-5-26,BI-Any other,Closed,INPRAKASMA1,2026-03-07 19:56:00,,Closed,Pet Food-Distributor,KKP Express,2026.0,5.0,May,2026-05,Q2,1.0,Closed,Warehouse Problem | Expiry / Short Expiry | Expired or insufficient shelf-life stock | Owner: Warehouse/DC,Expiry / Short Expiry,Warehouse/DC,Expiry; Commercial/Billing,,,,,,,,8 CASES; 2 CASES; 5 CASES; 3 CASES; 10 CASES,0.0,0.0,0.0,0.0,0.0,0.0,0.0,1.0,0.0,0.0,0.0,38,Closed,>15 Days
7453842-20260523-175703,2026-05-23 17:57:04,2026-05-23,,South Branch,L5 IN Andhrapradesh 2,2032,7453842.0,Sri Rajeswari Traders,INV NUM: 1099852066,BI-Stock Shortages,Pending,,,,Pending,GT Distributors,Glovis India Private Limited,2026.0,5.0,May,2026-05,Q2,1.0,Open / Pending,Warehouse Problem | Stock Shortage | Short or not-received quantity | Owner: Warehouse/DC,Stock Shortage,Warehouse/DC,Stock Shortage,1099852066,,,,,,1450,1 CASE,0.0,1.0,0.0,0.0,0.0,0.0,0.0,0.0,0.0,0.0,0.0,38,Pending,>15 Days
5802282-20260522-174147,2026-05-22 17:41:48,2026-05-22,,South Branch,L5 IN Karnataka 1,B929,5802282.0,Shri Vinayaka Agencies,LR NO:14395 PURCHASE INV NO:938429570,BI-Any other,Closed,INPRAKASMA1,2026-03-07 19:56:00,,Closed,GT Distributors,KKP Express,2026.0,5.0,May,2026-05,Q2,1.0,Closed,Warehouse Problem | MRP / Price Mismatch | Billed versus received MRP mismatch | Owner: Warehouse/DC,MRP / Price Mismatch,Warehouse/DC,Stock Shortage; MRP Mismatch,938429570,14395,,,,,30.00; 108.00,1 CASE; 1 CASES,0.0,1.0,0.0,0.0,1.0,0.0,0.0,0.0,0.0,0.0,0.0,39,Closed,>15 Days
601785-20260522-161721,2026-05-22 16:17:22,2026-05-22,,South Branch,L5 IN Kerala 1,2040,601785.0,Vinod Agencies,GRN Number:GRN2002217,BI-Stock Shortages,Pending,,,,Pending,GT Distributors,Caspian Shipping & Logistics,2026.0,5.0,May,2026-05,Q2,1.0,Open / Pending,Warehouse Problem | Stock Shortage | Short or not-received quantity | Owner: Warehouse/DC,Stock Shortage,Warehouse/DC,Stock Shortage,1365356841,,,12581886,MAGGI Coconut Milk Powder 12x1kg N2 IN,53220376DA,,,0.0,1.0,0.0,0.0,0.0,0.0,0.0,0.0,0.0,0.0,0.0,39,Pending,>15 Days
7031803-20260522-163241,2026-05-22 16:32:42,2026-05-22,,South Branch,L5 IN Hyderabad 1,2032,7031803.0,Sri Lalithambica Traders,7031803 Sri Lalithambica Traders GRN2500332 04/02/2026 1099834045 04/02/2026 2101 20 90 12448239 NESTEA Iced Tea Lemon RTD 30x200ml N3 IN 60021530KA 30 1500 50 0 24.37315 36559.5 0 0 0 1827.98 5 38387.48,BI-Stock Shortages,Pending,,,,Pending,GT Distributors,Glovis India Private Limited,2026.0,5.0,May,2026-05,Q2,1.0,Open / Pending,Warehouse Problem | Product Damage | Damaged stock at receipt | Owner: Warehouse/DC,Product Damage,Warehouse/DC,Damage; Return,,,TS08L6758,,,,,50 CASES; 2 CASES,0.0,0.0,1.0,0.0,0.0,0.0,0.0,0.0,0.0,0.0,0.0,39,Pending,>15 Days
3000212-20260521-151924,2026-05-21 15:19:25,2026-05-21,,South Branch,L5 IN Kerala 1,7793,3000212.0,Pallickal Agencies,"I have received the product with damaged packets. Some packets are broken, and Leakage so these stocks cannot be sold in the market.",BI-Damages,Closed,INPRAKASMA1,2026-03-07 19:56:00,,Closed,GT Distributors,,2026.0,5.0,May,2026-05,Q2,1.0,Closed,Warehouse Problem | Product Damage | Damaged stock at receipt | Owner: Warehouse/DC,Product Damage,Warehouse/DC,Damage,,,,14176077,,60881530MA,,1 CASE,0.0,0.0,1.0,0.0,0.0,0.0,0.0,0.0,0.0,0.0,0.0,40,Closed,>15 Days
601101-20260521-162627,2026-05-21 16:26:28,2026-05-21,,South Branch,L5 IN Kerala 2,C963,601101.0,Eskay Traders,USR2004710 SALES RETURN DAMAGE AMOUNT 1518.00   BUT DEDUCT AMOUNT SHOWS 1488.00 DIFFERENCE 33.00  V CARE MEDICALS 09-05-26,BI-Any other,Pending,,,,Not Related to DC,,,2026.0,5.0,May,2026-05,Q2,1.0,Open / Pending,Warehouse Problem | Product Damage | Damaged stock at receipt | Owner: Warehouse/DC,Product Damage,Warehouse/DC,Damage; Commercial/Billing; Return,,,,,,,,,0.0,0.0,1.0,0.0,0.0,0.0,0.0,0.0,0.0,0.0,0.0,40,Pending,>15 Days
6248455-20260521-163146,2026-05-21 16:31:47,2026-05-21,,South Branch,L5 IN Karnataka 2,B929,6248455.0,Sasnur Traders,1 case Cerelac rice batch and mrp mismatch,BI-Batch Related Issues,Closed,INPRAKASMA1,2026-03-07 19:56:00,,Closed,GT Distributors,KKP Express,2026.0,5.0,May,2026-05,Q2,1.0,Closed,Warehouse Problem | MRP / Price Mismatch | Billed versus received MRP mismatch | Owner: Warehouse/DC,MRP / Price Mismatch,Warehouse/DC,MRP Mismatch,938429315,,,,,60910453A2,250; 235,1 CASE,0.0,0.0,0.0,0.0,1.0,0.0,0.0,0.0,0.0,0.0,0.0,40,Closed,>15 Days
6248455-20260521-163719,2026-05-21 16:37:19,2026-05-21,,South Branch,L5 IN Karnataka 2,B929,6248455.0,Sasnur Traders,7 pcs of 450gm Maggie  87 pr 4 rs off  damaged during transit,BI-Damages,Closed,INPRAKASMA1,2026-03-07 19:56:00,,Closed,GT Distributors,KKP Express,2026.0,5.0,May,2026-05,Q2,1.0,Closed,Other Problem | Transit Damage | Damage during transportation | Owner: Transporter/Logistics,Transit Damage,Transporter/Logistics,Damage; Transit,,,,,,,,7 PCS,1.0,0.0,1.0,0.0,0.0,0.0,0.0,0.0,0.0,0.0,0.0,40,Closed,>15 Days
6659937-20260521-190120,2026-05-21 19:01:20,2026-05-21,,South Branch,L5 IN Hyderabad 1,2032,6659937.0,Sri Laxmi Narasimha Agencies,kit kat 2f mini 1 cas shortag,BI-Stock Shortages,Pending,,,,Pending,GT Distributors,AVG Logistics Limited,2026.0,5.0,May,2026-05,Q2,1.0,Open / Pending,Warehouse Problem | Stock Shortage | Short or not-received quantity | Owner: Warehouse/DC,Stock Shortage,Warehouse/DC,Stock Shortage,1099851632,2054681,,13737115,,,,,0.0,1.0,0.0,0.0,0.0,0.0,0.0,0.0,0.0,0.0,0.0,40,Pending,>15 Days
7313829-20260521-181253,2026-05-21 18:12:53,2026-05-21,,South Branch,L5 IN Kerala 4,7793,7313829.0,Aspire Business Hub,Invoice No : 1365364296,BI-Stock Shortages,Closed,INPRAKASMA1,2026-03-07 19:56:00,,Closed,GT Distributors,Caspian Shipping & Logistics,2026.0,5.0,May,2026-05,Q2,1.0,Closed,Warehouse Problem | Stock Shortage | Short or not-received quantity | Owner: Warehouse/DC,Stock Shortage,Warehouse/DC,Stock Shortage,1365364296,,,13680087,MAGGI 2-MINN MAS 24X300g PR Rs 2 offin,61330452CA,,2 CASES,0.0,1.0,0.0,0.0,0.0,0.0,0.0,0.0,0.0,0.0,0.0,40,Closed,>15 Days
5533884-20260520-203615,2026-05-20 20:36:15,2026-05-20,,South Branch,L5 IN Hyderabad 1,2032,5533884.0,Shri Hanuman Agencies,product code 12579448,BI-Stock Shortages,Pending,,,,Pending,GT Distributors,Shanom Bolt Logistics Private,2026.0,5.0,May,2026-05,Q2,1.0,Open / Pending,Warehouse Problem | Stock Shortage | Short or not-received quantity | Owner: Warehouse/DC,Stock Shortage,Warehouse/DC,Stock Shortage,1099851825,,,12579448; 12584920,,61170453K1; 61220451ZB,450; 149,1 CASE,0.0,1.0,0.0,0.0,0.0,0.0,0.0,0.0,0.0,0.0,0.0,41,Pending,>15 Days
601780-20260520-120449,2026-05-20 12:04:49,2026-05-20,,South Branch,L5 IN Hyderabad 1,2032,601780.0,Vijeta Enterprises,"INV NO: 1099851809, DATE: 20-05-26",BI-Stock Shortages,Pending,,,,Pending,GT Distributors,Jurigari Private Limited,2026.0,5.0,May,2026-05,Q2,1.0,Open / Pending,Warehouse Problem | Stock Shortage | Short or not-received quantity | Owner: Warehouse/DC,Stock Shortage,Warehouse/DC,Stock Shortage,1099851809,,,,"MAGGI PAZZTA Cheese 96x75g, MRP-35/-",,35,21 CS; 20 CS; 1 CS,0.0,1.0,0.0,0.0,0.0,0.0,0.0,0.0,0.0,0.0,0.0,41,Pending,>15 Days
6700167-20260520-190529,2026-05-20 19:05:30,2026-05-20,,South Branch,L5 IN Andhrapradesh 2,2032,6700167.0,Laasritha Enterprises,MRP Mismatch,BI-Stock Shortages,Pending,,,,Pending,GT Distributors,Glovis India Private Limited,2026.0,5.0,May,2026-05,Q2,1.0,Open / Pending,Warehouse Problem | MRP / Price Mismatch | Billed versus received MRP mismatch | Owner: Warehouse/DC,MRP / Price Mismatch,Warehouse/DC,MRP Mismatch,1099851661,,,,,,,1 CASE,0.0,0.0,0.0,0.0,1.0,0.0,0.0,0.0,0.0,0.0,0.0,41,Pending,>15 Days
6836463-20260520-174856,2026-05-20 17:48:57,2026-05-20,,South Branch,L5 IN Chennai Rural,C749,6836463.0,Nishita Agencies,INV NO-974822833,BI-Any other,Pending,,,,Pending,GT Distributors,Chirag Road Lines,2026.0,5.0,May,2026-05,Q2,1.0,Open / Pending,Other Problem | Incomplete Description / Review | Product details provided but issue not stated | Owner: Needs Manual Review,Incomplete Description / Review,Needs Manual Review,Incomplete Description,974822833,,,,,60906640RA,25,,0.0,0.0,0.0,0.0,0.0,0.0,0.0,0.0,0.0,0.0,0.0,41,Pending,>15 Days
7005926-20260520-145529,2026-05-20 14:55:29,2026-05-20,,South Branch,L5 IN Andhrapradesh 2,2032,7005926.0,Sree Balaji Agencies,CHEMIST MEET,BI-Any other,Pending,,,,Not Related to DC,,,2026.0,5.0,May,2026-05,Q2,1.0,Open / Pending,Warehouse Problem | Stock Shortage | Short or not-received quantity | Owner: Warehouse/DC,Stock Shortage,Warehouse/DC,Stock Shortage,,,,,,,,,0.0,1.0,0.0,0.0,0.0,0.0,0.0,0.0,0.0,0.0,0.0,41,Pending,>15 Days
7366995-20260520-125136,2026-05-20 12:51:36,2026-05-20,,South Branch,L5 IN Hyderabad 2,2032,7366995.0,Intelligent Retail Private Limited,INV 1099851479,BI-Stock Shortages,Pending,,,,Pending,GT Distributors,Jurigari Private Limited,2026.0,5.0,May,2026-05,Q2,1.0,Open / Pending,Warehouse Problem | Stock Shortage | Short or not-received quantity | Owner: Warehouse/DC,Stock Shortage,Warehouse/DC,Stock Shortage,1099851479,,,12601933,,6105043A1,,1 CASE,0.0,1.0,0.0,0.0,0.0,0.0,0.0,0.0,0.0,0.0,0.0,41,Pending,>15 Days
7447235-20260520-113330,2026-05-20 11:33:30,2026-05-20,,South Branch,L5 IN Tamil Nadu 4,B744,7447235.0,Silver Agencies,INVOICE NO: 959180988,BI-Damages,Closed,INPRAKASMA1,2026-03-07 19:56:00,,Closed,GT Distributors,KKP Express,2026.0,5.0,May,2026-05,Q2,1.0,Closed,Other Problem | Transit Damage | Damage during transportation | Owner: Transporter/Logistics,Transit Damage,Transporter/Logistics,Damage; Transit,959180988,,,,WHEAT APPLE 400G,,,,1.0,0.0,1.0,0.0,0.0,0.0,0.0,0.0,0.0,0.0,0.0,41,Closed,>15 Days
5622725-20260519-104917,2026-05-19 10:49:17,2026-05-19,,South Branch,L5 IN Andhrapradesh 3,2032,5622725.0,Sri Uma Maheswara Agencies,LR NUMBER : 2054668,BI-Stock Shortages,Pending,,,,Pending,GT Distributors,AVG Logistics Limited,2026.0,5.0,May,2026-05,Q2,1.0,Open / Pending,Warehouse Problem | Stock Shortage | Short or not-received quantity | Owner: Warehouse/DC,Stock Shortage,Warehouse/DC,Stock Shortage,1099851443,2054668,,13843427,MILKYBAR CHOO 5/- 30(28*11G) ONE CASE SHORTAGE,,,,0.0,1.0,0.0,0.0,0.0,0.0,0.0,0.0,0.0,0.0,0.0,42,Pending,>15 Days
5802282-20260519-170505,2026-05-19 17:05:05,2026-05-19,,South Branch,L5 IN Karnataka 1,B929,5802282.0,Shri Vinayaka Agencies,in no:938426553,BI-Stock Shortages,Closed,INPRAKASMA1,2026-03-07 19:56:00,,Closed,GT Distributors,KKP Express,2026.0,5.0,May,2026-05,Q2,1.0,Closed,Warehouse Problem | Stock Shortage | Short or not-received quantity | Owner: Warehouse/DC,Stock Shortage,Warehouse/DC,Stock Shortage,,11993,,12608551,,,116,1 CASES; 1 CASE; 12 PCS,0.0,1.0,0.0,0.0,0.0,0.0,0.0,0.0,0.0,0.0,0.0,42,Closed,>15 Days
601208-20260519-171205,2026-05-19 17:12:06,2026-05-19,,South Branch,L5 IN Kerala 1,C963,601208.0,Kalathil Agencies,"With refreence to invoice no 1365803003 dated 18/04/26, we regret to inform you that the supplay of item Maggie masala 24*300gm PR rs 2 off in was found short by 21 case .",BI-Stock Shortages,Pending,,,,Pending,GT Distributors,BlueWave Supply Chain,2026.0,5.0,May,2026-05,Q2,1.0,Open / Pending,Warehouse Problem | Stock Shortage | Short or not-received quantity | Owner: Warehouse/DC,Stock Shortage,Warehouse/DC,Stock Shortage,1365803003,,,,,,,21 CASE,0.0,1.0,0.0,0.0,0.0,0.0,0.0,0.0,0.0,0.0,0.0,42,Pending,>15 Days
7096754-20260519-175818,2026-05-19 17:58:19,2026-05-19,,South Branch,L5 IN Tamil Nadu 3,B744,7096754.0,Prajitha Marketing,1) INVOICE NO: 959180772,BI-Damages,Closed,INPRAKASMA1,2026-03-07 19:56:00,,Closed,GT Distributors,J P Transport,2026.0,5.0,May,2026-05,Q2,1.0,Closed,Warehouse Problem | Product Damage | Damaged stock at receipt | Owner: Warehouse/DC,Product Damage,Warehouse/DC,Damage,959180772; 959180771; 959180770; 959178960,,,,,61090452VA; 61270451ZA; 61152814BA,,,0.0,0.0,1.0,0.0,0.0,0.0,0.0,0.0,0.0,0.0,0.0,42,Closed,>15 Days
4796159-20260518-160000,2026-05-18 16:00:00,2026-05-18,,South Branch,L5 IN Tamil Nadu 2,B744,4796159.0,Surabi Agencies,"CD NAME : Surabi agencies Cd Code 4796159 Invoice No:959180605 , Dt 15-05-2026 stock supplied date 18.05.2026",BI-Batch Related Issues,Closed,INPRAKASMA1,2026-03-07 19:56:00,,Closed,GT Distributors,KKP Express,2026.0,5.0,May,2026-05,Q2,1.0,Closed,Warehouse Problem | Batch Mismatch | Billed versus received batch mismatch | Owner: Warehouse/DC,Batch Mismatch,Warehouse/DC,Batch Mismatch,959180605,,,12584920,MILKMAID SCN EOE TIN 48*380G- 10 case,PRODUCT; 61210451ZA,149,10 CASE,0.0,0.0,0.0,0.0,0.0,0.0,1.0,0.0,0.0,0.0,0.0,43,Closed,>15 Days
4796159-20260518-161847,2026-05-18 16:18:48,2026-05-18,,South Branch,L5 IN Tamil Nadu 2,B744,4796159.0,Surabi Agencies,"We are received stock in different batch code differ MRP received from   DC delivery  , but billing in single batch code 61210451ZA  ,Stock received as 8 case 149 MRP & 2 case  145MRP ,All photo copy all attached below,                 Invoice Product detailes are,Product code : 12584920",BI-Batch Related Issues,Closed,INPRAKASMA1,2026-03-07 19:56:00,,Closed,GT Distributors,,2026.0,5.0,May,2026-05,Q2,1.0,Closed,Warehouse Problem | MRP / Price Mismatch | Billed versus received MRP mismatch | Owner: Warehouse/DC,MRP / Price Mismatch,Warehouse/DC,MRP Mismatch; Batch Mismatch,,,,12584920,MILKMAID SCN EOE TIN 48*380G- 10 case,DIFFER; 61210451ZA,149,8 CASE; 2 CASE; 10 CASE,0.0,0.0,0.0,0.0,1.0,0.0,1.0,0.0,0.0,0.0,0.0,43,Closed,>15 Days
601004-20260518-103126,2026-05-18 10:31:27,2026-05-18,,South Branch,L5 IN Chennai City 1,C749,601004.0,Aswin Enterprises,INVOICE NO 974825370,BI-Stock Shortages,Pending,,,,Pending,GT Distributors,Sakthi Jayavel Motors,2026.0,5.0,May,2026-05,Q2,1.0,Open / Pending,Other Problem | Transit Shortage | Shortage during transportation | Owner: Transporter/Logistics,Transit Shortage,Transporter/Logistics,Stock Shortage; Transit,974825370,,TN23CZ8313,13679901,,60920452BA,15,,1.0,1.0,0.0,0.0,0.0,0.0,0.0,0.0,0.0,0.0,0.0,43,Pending,>15 Days
601004-20260518-103151,2026-05-18 10:31:51,2026-05-18,,South Branch,L5 IN Chennai City 1,C749,601004.0,Aswin Enterprises,INVOICE NO 974825370,BI-Stock Shortages,Pending,,,,Pending,GT Distributors,Sakthi Jayavel Motors,2026.0,5.0,May,2026-05,Q2,1.0,Open / Pending,Other Problem | Transit Shortage | Shortage during transportation | Owner: Transporter/Logistics,Transit Shortage,Transporter/Logistics,Stock Shortage; Transit,974825370,,,12630048,,60870451AA,65,,1.0,1.0,0.0,0.0,0.0,0.0,0.0,0.0,0.0,0.0,0.0,43,Pending,>15 Days
601366-20260518-182532,2026-05-18 18:25:32,2026-05-18,,South Branch,L5 IN Karnataka 1,B929,601366.0,Pai Traders,DAMAGED STOCK RECEIVED IN INVOICED QUANTITY.       iNVOICE NUMBER : 938428772                                      cONSIGNMENT NOTE  NUMBER :  11185                      sku nAME :  MAGGI TOMATO KETCHUP 12*960G in x244.            ,BI-Damages,Closed,INPRAKASMA1,2026-03-07 19:56:00,,Closed,GT Distributors,KKP Express,2026.0,5.0,May,2026-05,Q2,1.0,Closed,Other Problem | Transit Damage | Damage during transportation | Owner: Transporter/Logistics,Transit Damage,Transporter/Logistics,Damage; Transit,938428772,,,12599497,,60960451FA,159,1 EA,1.0,0.0,1.0,0.0,0.0,0.0,0.0,0.0,0.0,0.0,0.0,43,Closed,>15 Days
601780-20260518-113748,2026-05-18 11:37:48,2026-05-18,,South Branch,L5 IN Hyderabad 1,2032,601780.0,Vijeta Enterprises,"INV NO: 1099851238, DATE: 16-05-2026",BI-Stock Shortages,Pending,,,,Pending,GT Distributors,Shanom Bolt Logistics Private,2026.0,5.0,May,2026-05,Q2,1.0,Open / Pending,Warehouse Problem | Stock Shortage | Short or not-received quantity | Owner: Warehouse/DC,Stock Shortage,Warehouse/DC,Stock Shortage,1099851238,,,,"NESCAFE SUNRISE Stabilo 80x90g, MRP-300/-; NESTEA Iced Tea Lemon 30x400g, MRP-220/-; NESCAFE Choco Latte Cnd, MRP-75/-; MAGGI 2-MIN Spicy Garlic 24x248g, MRP-100/-",,300; 220; 75; 100,3 CS; 2 CS; 5 CS; 1 CS; 13 CS,0.0,1.0,0.0,0.0,0.0,0.0,0.0,0.0,0.0,0.0,0.0,43,Pending,>15 Days
601785-20260518-120259,2026-05-18 12:02:59,2026-05-18,,South Branch,L5 IN Kerala 1,2040,601785.0,Vinod Agencies,product:NESTLE MILO RTD Millets 30x180ml,BI-Stock Shortages,Pending,,,,Pending,GT Distributors,BlueWave Supply Chain,2026.0,5.0,May,2026-05,Q2,1.0,Open / Pending,Warehouse Problem | MRP / Price Mismatch | Billed versus received MRP mismatch | Owner: Warehouse/DC,MRP / Price Mismatch,Warehouse/DC,MRP Mismatch,1365804168,,,12567336,,60621530MA,42,,0.0,0.0,0.0,0.0,1.0,0.0,0.0,0.0,0.0,0.0,0.0,43,Pending,>15 Days
7039866-20260518-143747,2026-05-18 14:37:47,2026-05-18,,South Branch,L5 IN Tamil Nadu 4,B929,7039866.0,Intelligent Retail Private Limited,"Dear Team,   ",BI-Stock Shortages,Closed,INPRAKASMA1,2026-03-07 19:56:00,,Closed,GT Distributors,AVG Logistics Limited,2026.0,5.0,May,2026-05,Q2,1.0,Closed,Other Problem | Transit Shortage | Shortage during transportation | Owner: Transporter/Logistics,Transit Shortage,Transporter/Logistics,Stock Shortage; Transit,,,,12553664; 12628353; 13843427,MILKYBAR Mould 20(14*42g); NESTLE Classic 16(21*28g); MILKYBAR CHOO Plain 30(28*11g,,,,1.0,1.0,0.0,0.0,0.0,0.0,0.0,0.0,0.0,0.0,0.0,43,Closed,>15 Days
7039866-20260518-150648,2026-05-18 15:06:48,2026-05-18,,South Branch,L5 IN Tamil Nadu 4,B929,7039866.0,Intelligent Retail Private Limited,Purchase Order No  : 938428674,BI-Stock Shortages,Closed,INPRAKASMA1,2026-03-07 19:56:00,,Duplicate OTR,,,2026.0,5.0,May,2026-05,Q2,1.0,Closed,Other Problem | Duplicate / Non-OTR | Duplicate or invalid OTR record | Owner: Process/System,Duplicate / Non-OTR,Process/System,Stock Shortage; Duplicate/Non-OTR,,,,13843427,MILKYBAR CHOO Plain 30(28*11g,,,,0.0,1.0,0.0,0.0,0.0,0.0,0.0,0.0,0.0,0.0,1.0,43,Closed,>15 Days
7301189-20260518-153106,2026-05-18 15:31:06,2026-05-18,,South Branch,L5 IN Kerala 1,C963,7301189.0,Bhanu Trading,27-04-2026 1365803604 EVERYDAY DW 12x1Kg+200g Extra Fr KL IN 580.00 4 CASE FREE SHORT,BI-Stock Shortages,Pending,,,,Pending,GT Distributors,BlueWave Supply Chain,2026.0,5.0,May,2026-05,Q2,1.0,Open / Pending,Warehouse Problem | Stock Shortage | Short or not-received quantity | Owner: Warehouse/DC,Stock Shortage,Warehouse/DC,Stock Shortage,,,,,,,,4 CASE,0.0,1.0,0.0,0.0,0.0,0.0,0.0,0.0,0.0,0.0,0.0,43,Pending,>15 Days
7301189-20260518-153529,2026-05-18 15:35:29,2026-05-18,,South Branch,L5 IN Kerala 1,C963,7301189.0,Bhanu Trading,01.04.2026 1365802021 12607462 NESCAFE CLASSIC Jar 36x24g NR IN 124.00 1 CASE CASE DAMAGE RETURN ),BI-Returns,Pending,,,,Pending,GT Distributors,BlueWave Supply Chain,2026.0,5.0,May,2026-05,Q2,1.0,Open / Pending,Warehouse Problem | Product Damage | Damaged stock at receipt | Owner: Warehouse/DC,Product Damage,Warehouse/DC,Damage; Return,,,,,,,,1 CASE,0.0,0.0,1.0,0.0,0.0,0.0,0.0,0.0,0.0,0.0,0.0,43,Pending,>15 Days
7301189-20260518-153615,2026-05-18 15:36:15,2026-05-18,,South Branch,L5 IN Kerala 1,C963,7301189.0,Bhanu Trading,04-05-2026 1365803892 12602710 NESCAFE SUNRISE Dawn Jar 30x45g TN NR IN 170 1 CASE SHORT,BI-Stock Shortages,Pending,,,,Pending,GT Distributors,BlueWave Supply Chain,2026.0,5.0,May,2026-05,Q2,1.0,Open / Pending,Warehouse Problem | Stock Shortage | Short or not-received quantity | Owner: Warehouse/DC,Stock Shortage,Warehouse/DC,Stock Shortage,,,,,,,,1 CASE,0.0,1.0,0.0,0.0,0.0,0.0,0.0,0.0,0.0,0.0,0.0,43,Pending,>15 Days
7366995-20260518-173528,2026-05-18 17:35:29,2026-05-18,,South Branch,L5 IN Hyderabad 2,2032,7366995.0,Intelligent Retail Private Limited,INV No -1099851343,BI-Stock Shortages,Pending,,,,Pending,GT Distributors,Jurigari Private Limited,2026.0,5.0,May,2026-05,Q2,1.0,Open / Pending,Warehouse Problem | Stock Shortage | Short or not-received quantity | Owner: Warehouse/DC,Stock Shortage,Warehouse/DC,Stock Shortage,1099851343,,,,,,3,3 CS,0.0,1.0,0.0,0.0,0.0,0.0,0.0,0.0,0.0,0.0,0.0,43,Pending,>15 Days
601785-20260516-162918,2026-05-16 16:29:19,2026-05-16,,South Branch,L5 IN Kerala 1,2040,601785.0,Vinod Agencies,Invoice Number: 1365804601,BI-Stock Shortages,Pending,,,,Pending,GT Distributors,Johnson Enterprises,2026.0,5.0,May,2026-05,Q2,1.0,Open / Pending,Warehouse Problem | Stock Shortage | Short or not-received quantity | Owner: Warehouse/DC,Stock Shortage,Warehouse/DC,Stock Shortage,1365804601,,,12616861,KIT KAT 3F Duo 18(28x28.5g) IN,61160454A1,25; 20,,0.0,1.0,0.0,0.0,0.0,0.0,0.0,0.0,0.0,0.0,0.0,45,Pending,>15 Days
6700167-20260516-145957,2026-05-16 14:59:58,2026-05-16,,South Branch,L5 IN Andhrapradesh 2,2032,6700167.0,Laasritha Enterprises,Inv no 1099851061 INV DT 15-05-2026,BI-Stock Shortages,Pending,,,,Pending,GT Distributors,Jurigari Private Limited,2026.0,5.0,May,2026-05,Q2,1.0,Open / Pending,Warehouse Problem | Stock Excess | Excess quantity received | Owner: Warehouse/DC,Stock Excess,Warehouse/DC,Stock Shortage; Stock Excess,1099851061,,,,,61110453A7,260; 149,,0.0,1.0,0.0,1.0,0.0,0.0,0.0,0.0,0.0,0.0,0.0,45,Pending,>15 Days
6912092-20260516-175446,2026-05-16 17:54:46,2026-05-16,,South Branch,L5 IN Karnataka 3,B929,6912092.0,Intelligent Retail Private Limited,Product Code : 13678473,BI-Stock Shortages,Closed,INPRAKASMA1,2026-03-07 19:56:00,,Closed,GT Distributors,KKP Express,2026.0,5.0,May,2026-05,Q2,1.0,Closed,Other Problem | Transit Shortage | Shortage during transportation | Owner: Transporter/Logistics,Transit Shortage,Transporter/Logistics,Stock Shortage; Transit,,A226293,KA-02D-4085,13678473,MAGGI 2-MIN NDLS Masala Chain 108x52g IN,61012814AA,10,1 CS,1.0,1.0,0.0,0.0,0.0,0.0,0.0,0.0,0.0,0.0,0.0,45,Closed,>15 Days
7083698-20260516-163857,2026-05-16 16:38:58,2026-05-16,,South Branch,L5 IN Bangalore City 2,B929,7083698.0,Intelligent Retail Private Limited,"We have received ""12601933"" - 'CERELAC STG1 Rice ZS 24x300g IN', MRP-250, 1 cases shortage for Invoice# 938428572 dated 15/05/2026",BI-Stock Shortages,Closed,INPRAKASMA1,2026-03-07 19:56:00,,Closed,GT Distributors,KKP Express,2026.0,5.0,May,2026-05,Q2,1.0,Closed,Warehouse Problem | Stock Shortage | Short or not-received quantity | Owner: Warehouse/DC,Stock Shortage,Warehouse/DC,Stock Shortage,938428572,,,,,,250,1 CASES,0.0,1.0,0.0,0.0,0.0,0.0,0.0,0.0,0.0,0.0,0.0,45,Closed,>15 Days
7083699-20260516-123051,2026-05-16 12:30:51,2026-05-16,,South Branch,L5 IN Kerala 1,7793,7083699.0,RG Associates,Invoice No: 1365358209  (02/03/2026),BI-Expiry / Bad Goods,Closed,INPRAKASMA1,2026-03-07 19:56:00,,Closed,GT Distributors,Caspian Shipping & Logistics,2026.0,5.0,May,2026-05,Q2,1.0,Closed,Warehouse Problem | Expiry / Short Expiry | Expired or insufficient shelf-life stock | Owner: Warehouse/DC,Expiry / Short Expiry,Warehouse/DC,Expiry,1365358209,,,12591613,,,495,1 CASE,0.0,0.0,0.0,0.0,0.0,0.0,0.0,1.0,0.0,0.0,0.0,45,Closed,>15 Days
7087765-20260516-123908,2026-05-16 12:39:09,2026-05-16,,South Branch,L5 IN Kerala 1,C963,7087765.0,C J THOMAS & CO,"1.Pazzta cheese 96x75g Mrp 35  - 1case. Inv         .No.1365801900,.Dated 01-04-2026",BI-Stock Shortages,Pending,,,,Pending,GT Distributors,BlueWave Supply Chain,2026.0,5.0,May,2026-05,Q2,1.0,Open / Pending,Warehouse Problem | Stock Shortage | Short or not-received quantity | Owner: Warehouse/DC,Stock Shortage,Warehouse/DC,Stock Shortage,,,,,,,35; 124; 30; 40; 580,1 CASE; 2 CASE; 24 PCS,0.0,1.0,0.0,0.0,0.0,0.0,0.0,0.0,0.0,0.0,0.0,45,Pending,>15 Days
7216265-20260516-190556,2026-05-16 19:05:57,2026-05-16,,South Branch,L5 IN Andhra Pradesh NP,2032,7216265.0,Right Angle Enterprises,PURACHSE RECIEPT NO:1099851204,BI-Any other,Pending,,,,Pending,NP-Distributor,Jurigari Private Limited,2026.0,5.0,May,2026-05,Q2,1.0,Open / Pending,Warehouse Problem | Stock Shortage | Short or not-received quantity | Owner: Warehouse/DC,Stock Shortage,Warehouse/DC,Stock Shortage,,,,,,,,15 CASES,0.0,1.0,0.0,0.0,0.0,0.0,0.0,0.0,0.0,0.0,0.0,45,Pending,>15 Days
4766881-20260515-165915,2026-05-15 16:59:16,2026-05-15,,South Branch,L5 IN Hyderabad 2,2032,4766881.0,Balaji Agencies,MILKMAID 149/- 1CS SHORT RECIEVED IN INV NO 974824844 DATE 12.05.2026 VEH KA01AT5769,BI-Stock Shortages,Pending,,,,Pending,GT Distributors,KKP Express,2026.0,5.0,May,2026-05,Q2,1.0,Open / Pending,Warehouse Problem | Stock Shortage | Short or not-received quantity | Owner: Warehouse/DC,Stock Shortage,Warehouse/DC,Stock Shortage,974824844,,KA01AT5769,,,,,1 CS,0.0,1.0,0.0,0.0,0.0,0.0,0.0,0.0,0.0,0.0,0.0,46,Pending,>15 Days
5213822-20260515-192354,2026-05-15 19:23:54,2026-05-15,,South Branch,L5 IN Andhrapradesh 2,2032,5213822.0,Surya Agencies,Stock shortage -- 1 c/s,BI-Stock Shortages,Pending,,,,Pending,GT Distributors,Glovis India Private Limited,2026.0,5.0,May,2026-05,Q2,1.0,Open / Pending,Warehouse Problem | Stock Shortage | Short or not-received quantity | Owner: Warehouse/DC,Stock Shortage,Warehouse/DC,Stock Shortage,,75668,,12628829,,60972814DA,20,,0.0,1.0,0.0,0.0,0.0,0.0,0.0,0.0,0.0,0.0,0.0,46,Pending,>15 Days
6006337-20260515-174923,2026-05-15 17:49:24,2026-05-15,,South Branch,L5 IN Hyderabad 2,2032,6006337.0,Laxmi Prasanna Agencies,"CERELAC DALVEG -1 CS, MILKYBAR MOOSHA RS20-1CS DUE IN LR NO.2040684 DATED 06/05/2026 AVG TRANSPORT.",BI-Stock Shortages,Pending,,,,Pending,GT Distributors,AVG Logistics Limited,2026.0,5.0,May,2026-05,Q2,1.0,Open / Pending,Warehouse Problem | Stock Shortage | Short or not-received quantity | Owner: Warehouse/DC,Stock Shortage,Warehouse/DC,Stock Shortage,,,,,,,,1 CS,0.0,1.0,0.0,0.0,0.0,0.0,0.0,0.0,0.0,0.0,0.0,46,Pending,>15 Days
6006337-20260515-175214,2026-05-15 17:52:15,2026-05-15,,South Branch,L5 IN Hyderabad 2,2032,6006337.0,Laxmi Prasanna Agencies,LACTOGEN 3- ONE CS SHORTAGE IN INVOICE NO.1099832511 DATED 23/01/2026.TCI TRANSPORT,BI-Stock Shortages,Pending,,,,Pending,GT Distributors,TCI Supply Chain Solutions (A Divn.,2026.0,5.0,May,2026-05,Q2,1.0,Open / Pending,Warehouse Problem | Stock Shortage | Short or not-received quantity | Owner: Warehouse/DC,Stock Shortage,Warehouse/DC,Stock Shortage,,,,,,,,,0.0,1.0,0.0,0.0,0.0,0.0,0.0,0.0,0.0,0.0,0.0,46,Pending,>15 Days
601004-20260515-160719,2026-05-15 16:07:19,2026-05-15,,South Branch,L5 IN Chennai City 1,C749,601004.0,Aswin Enterprises,INVOICE NO 974823448,BI-Stock Shortages,Pending,,,,Pending,GT Distributors,Sakthi Jayavel Motors,2026.0,5.0,May,2026-05,Q2,1.0,Open / Pending,Other Problem | Transit Shortage | Shortage during transportation | Owner: Transporter/Logistics,Transit Shortage,Transporter/Logistics,Stock Shortage; Transit,974823448,,TN20AC9500,12612451,,61020454C1,30,,1.0,1.0,0.0,0.0,0.0,0.0,0.0,0.0,0.0,0.0,0.0,46,Pending,>15 Days
3101322-20260514-173128,2026-05-14 17:31:29,2026-05-14,,South Branch,L5 IN Tamil Nadu 4,B744,3101322.0,Rahamath Agencies,Invoice Number : 959179744,BI-Stock Shortages,Closed,INPRAKASMA1,2026-03-07 19:56:00,,Closed,GT Distributors,Tamilnadu Transport Company,2026.0,5.0,May,2026-05,Q2,1.0,Closed,Other Problem | Transit Shortage | Shortage during transportation | Owner: Transporter/Logistics,Transit Shortage,Transporter/Logistics,Stock Shortage; Transit,959179744,,,13688323,MAGGI 2-MINN Mas Pbg 5((23+1)x75g) N3 IN,,15,336 PCS,1.0,1.0,0.0,0.0,0.0,0.0,0.0,0.0,0.0,0.0,0.0,47,Closed,>15 Days
3101322-20260514-173629,2026-05-14 17:36:30,2026-05-14,,South Branch,L5 IN Tamil Nadu 4,B744,3101322.0,Rahamath Agencies,Invoice Number : 959179744,BI-Stock Shortages,Closed,INPRAKASMA1,2026-03-07 19:56:00,,Closed,GT Distributors,Tamilnadu Transport Company,2026.0,5.0,May,2026-05,Q2,1.0,Closed,Other Problem | Transit Shortage | Shortage during transportation | Owner: Transporter/Logistics,Transit Shortage,Transporter/Logistics,Stock Shortage; Transit,959179744,,,12584920,MILKMAID SCM EOE Tin 48x 380g N2 IN,61140451ZA,,32 PCS,1.0,1.0,0.0,0.0,0.0,0.0,0.0,0.0,0.0,0.0,0.0,47,Closed,>15 Days
3343334-20260514-114605,2026-05-14 11:46:06,2026-05-14,,South Branch,L5 IN Kerala 1,C963,3343334.0,Krishna Associates,INOICE NUMBER :1365803601,BI-Stock Shortages,Pending,,,,Pending,GT Distributors,BlueWave Supply Chain,2026.0,5.0,May,2026-05,Q2,1.0,Open / Pending,Warehouse Problem | Stock Shortage | Short or not-received quantity | Owner: Warehouse/DC,Stock Shortage,Warehouse/DC,Stock Shortage,,,,13680299,,,,1 CASE,0.0,1.0,0.0,0.0,0.0,0.0,0.0,0.0,0.0,0.0,0.0,47,Pending,>15 Days
3343334-20260514-115310,2026-05-14 11:53:11,2026-05-14,,South Branch,L5 IN Kerala 1,C963,3343334.0,Krishna Associates,INVOICE 1365803970/DATED 05/05/2026,BI-Stock Shortages,Pending,,,,Pending,GT Distributors,BlueWave Supply Chain,2026.0,5.0,May,2026-05,Q2,1.0,Open / Pending,Warehouse Problem | Stock Shortage | Short or not-received quantity | Owner: Warehouse/DC,Stock Shortage,Warehouse/DC,Stock Shortage,1365803970,,,12607462,,,,1 CASE,0.0,1.0,0.0,0.0,0.0,0.0,0.0,0.0,0.0,0.0,0.0,47,Pending,>15 Days
5962679-20260514-160023,2026-05-14 16:00:24,2026-05-14,,South Branch,L5 IN Tamil Nadu 1,B744,5962679.0,Sree Abirami Agencies,INVOICE DATE: 28.4.2026,BI-Stock Shortages,Closed,INPRAKASMA1,2026-03-07 19:56:00,,Closed,GT Distributors,KKP Express,2026.0,5.0,May,2026-05,Q2,1.0,Closed,Other Problem | Transit Shortage | Shortage during transportation | Owner: Transporter/Logistics,Transit Shortage,Transporter/Logistics,Stock Shortage; Transit,,,,12579448,LACTOGEN PRO1 BIB 24x400g INNWPB176 IN,60950453K1,,1 CASE,1.0,1.0,0.0,0.0,0.0,0.0,0.0,0.0,0.0,0.0,0.0,47,Closed,>15 Days
7083698-20260514-104512,2026-05-14 10:45:13,2026-05-14,,South Branch,L5 IN Bangalore City 2,B929,7083698.0,Intelligent Retail Private Limited,"We have received ""12619132"" - 'MILKMAID Doy Pack 64x190g IN', MRP-84, 15 Pc damage for Invoice# 938427804 dated 12/05/2026",BI-Damages,Closed,INPRAKASMA1,2026-03-07 19:56:00,,Closed,GT Distributors,KKP Express,2026.0,5.0,May,2026-05,Q2,1.0,Closed,Warehouse Problem | Product Damage | Damaged stock at receipt | Owner: Warehouse/DC,Product Damage,Warehouse/DC,Damage,938427804,,,,,,84,15 PC,0.0,0.0,1.0,0.0,0.0,0.0,0.0,0.0,0.0,0.0,0.0,47,Closed,>15 Days
7090083-20260514-133328,2026-05-14 13:33:28,2026-05-14,,South Branch,L5 IN Hyderabad 1,2032,7090083.0,SRI DATTA AGENCIES,We are billd the below Product,BI-Stock Shortages,Pending,,,,Pending,GT Distributors,AVG Logistics Limited,2026.0,5.0,May,2026-05,Q2,1.0,Open / Pending,Warehouse Problem | Stock Shortage | Short or not-received quantity | Owner: Warehouse/DC,Stock Shortage,Warehouse/DC,Stock Shortage,,,,12614433,,,95; 85,,0.0,1.0,0.0,0.0,0.0,0.0,0.0,0.0,0.0,0.0,0.0,47,Pending,>15 Days
7291479-20260514-174025,2026-05-14 17:40:26,2026-05-14,,South Branch,L5 IN Hyderabad 2,2032,7291479.0,Pay One Retail Private Limited,"We ordered NESCAFE GOLD Original Int5 for Rs.850/MRP., instead we received Rs.755/-MRP 1case.",BI-Batch Related Issues,Pending,,,,Pending,GT Distributors,Jurigari Private Limited,2026.0,5.0,May,2026-05,Q2,1.0,Open / Pending,Warehouse Problem | MRP / Price Mismatch | Billed versus received MRP mismatch | Owner: Warehouse/DC,MRP / Price Mismatch,Warehouse/DC,MRP Mismatch,1099850965,5467,AP37TC1201,12458968,NESCAFE GOLD Original Int5 12*100g N1 IN,51743657,1; 850,1 CASE,0.0,0.0,0.0,0.0,1.0,0.0,0.0,0.0,0.0,0.0,0.0,47,Pending,>15 Days
7541792-20260514-093423,2026-05-14 09:34:24,2026-05-14,,South Branch,L5 IN Andhrapradesh 2,2032,7541792.0,Jaiteja Agencies,"invioce no 1099849853 dt 09/05/26, product code 13678473, batch no 6092281AA, MAGGI 2MIN NDLS MASALA CHAIN 108*25G IN - 1 CASE (108PCS)",BI-Any other,Pending,,,,Pending,GT Distributors,Jurigari Private Limited,2026.0,5.0,May,2026-05,Q2,1.0,Open / Pending,Other Problem | Incomplete Description / Review | Product details provided but issue not stated | Owner: Needs Manual Review,Incomplete Description / Review,Needs Manual Review,Incomplete Description,,,,13678473,,6092281AA,,1 CASE; 108 PCS,0.0,0.0,0.0,0.0,0.0,0.0,0.0,0.0,0.0,0.0,0.0,47,Pending,>15 Days
7541792-20260514-093759,2026-05-14 09:38:00,2026-05-14,,South Branch,L5 IN Andhrapradesh 2,2032,7541792.0,Jaiteja Agencies,"INVOICE NO 1099849853 DT 9/5/26, PRODUCT CODE 13680087 BATCH NO 60800452CF, MAGGI 2 MINN MAS 24*300GRS 2 OFF IN Z237-377 46, 1 CASE (24PCS)",BI-Any other,Pending,,,,Pending,GT Distributors,Jurigari Private Limited,2026.0,5.0,May,2026-05,Q2,1.0,Open / Pending,Other Problem | Incomplete Description / Review | Product details provided but issue not stated | Owner: Needs Manual Review,Incomplete Description / Review,Needs Manual Review,Incomplete Description,1099849853,,,13680087,,60800452CF,,1 CASE; 24 PCS,0.0,0.0,0.0,0.0,0.0,0.0,0.0,0.0,0.0,0.0,0.0,47,Pending,>15 Days
601120-20260513-163238,2026-05-13 16:32:38,2026-05-13,,South Branch,L5 IN Andhra Pradesh NP,2032,601120.0,Gautham Enterprises,Invoice Number 1099844427,BI-Stock Shortages,Pending,,,,Pending,NP-Distributor,AVG Logistics Limited,2026.0,5.0,May,2026-05,Q2,1.0,Open / Pending,Warehouse Problem | Stock Shortage | Short or not-received quantity | Owner: Warehouse/DC,Stock Shortage,Warehouse/DC,Stock Shortage,1099844427,2031315,,14199857,,60850454P1,,,0.0,1.0,0.0,0.0,0.0,0.0,0.0,0.0,0.0,0.0,0.0,48,Pending,>15 Days
601658-20260513-095138,2026-05-13 09:51:38,2026-05-13,,South Branch,L5 IN Andhrapradesh 2,2032,601658.0,Sri Venkateswara Marketing Services,12579461 LACTOGEN PRO 1 TIN 36X200g INNWPB176 IN ONE CASE SHORTAGE IN INVOICE NO 1099849629 DATE 08/05/2026.KINDLY DO THE NEEDFUL.,BI-Stock Shortages,Pending,,,,Pending,GT Distributors,Jurigari Private Limited,2026.0,5.0,May,2026-05,Q2,1.0,Open / Pending,Warehouse Problem | Stock Shortage | Short or not-received quantity | Owner: Warehouse/DC,Stock Shortage,Warehouse/DC,Stock Shortage,1099849629,,,,,,,,0.0,1.0,0.0,0.0,0.0,0.0,0.0,0.0,0.0,0.0,0.0,48,Pending,>15 Days
601780-20260513-110506,2026-05-13 11:05:06,2026-05-13,,South Branch,L5 IN Hyderabad 1,2032,601780.0,Vijeta Enterprises,"INV NO: 1099850540, DATE:13-05-2026",BI-Stock Shortages,Pending,,,,Pending,GT Distributors,Jurigari Private Limited,2026.0,5.0,May,2026-05,Q2,1.0,Open / Pending,Warehouse Problem | Stock Shortage | Short or not-received quantity | Owner: Warehouse/DC,Stock Shortage,Warehouse/DC,Stock Shortage,1099850540,,,,NESCAFE Classic Latte Cnd 30X200ml,,75,5 CS,0.0,1.0,0.0,0.0,0.0,0.0,0.0,0.0,0.0,0.0,0.0,48,Pending,>15 Days
7459087-20260513-180410,2026-05-13 18:04:10,2026-05-13,,South Branch,L5 IN Bangalore City 2,B929,7459087.0,Sima Agency,Invoice No.938427897 Dated: 13/05/2026,BI-Stock Shortages,Closed,INPRAKASMA1,2026-03-07 19:56:00,,Closed,GT Distributors,KKP Express,2026.0,5.0,May,2026-05,Q2,1.0,Closed,Warehouse Problem | Stock Shortage | Short or not-received quantity | Owner: Warehouse/DC,Stock Shortage,Warehouse/DC,Stock Shortage; Commercial/Billing,,,,13107571,,52550453K1,299,,0.0,1.0,0.0,0.0,0.0,0.0,0.0,0.0,0.0,0.0,0.0,48,Closed,>15 Days
7459087-20260513-180534,2026-05-13 18:05:34,2026-05-13,,South Branch,L5 IN Bangalore City 2,B929,7459087.0,Sima Agency,Invoice No.938427899 Dated: 13/05/2026,BI-Stock Shortages,Closed,INPRAKASMA1,2026-03-07 19:56:00,,Closed,GT Distributors,KKP Express,2026.0,5.0,May,2026-05,Q2,1.0,Closed,Warehouse Problem | Stock Shortage | Short or not-received quantity | Owner: Warehouse/DC,Stock Shortage,Warehouse/DC,Stock Shortage; Commercial/Billing,,,,12296327,,53571530EA,97,53571530 EA,0.0,1.0,0.0,0.0,0.0,0.0,0.0,0.0,0.0,0.0,0.0,48,Closed,>15 Days
5660941-20260506-101104,2026-06-05 10:11:00,2026-06-05,,South Branch,L5 IN Bangalore City 1,B929,5660941.0,Shree Sudha Distributors,1) We have not received the ( 20 Rs) 4 cases of maggi Ntr-Ics Atta 16*55g Rurban RC3 IN,BI-Stock Shortages,Closed,INPRAKASMA1,2026-03-07 19:56:00,,Closed,GT Distributors,Lets,2026.0,5.0,May,2026-05,Q2,1.0,Closed,Warehouse Problem | Stock Shortage | Short or not-received quantity | Owner: Warehouse/DC,Stock Shortage,Warehouse/DC,Stock Shortage,,,KA52A9173,14503947,,60830455CA,,4 CASES,0.0,1.0,0.0,0.0,0.0,0.0,0.0,0.0,0.0,0.0,0.0,25,Closed,>15 Days
601632-20260506-105038,2026-06-05 10:50:00,2026-06-05,,South Branch,L5 IN Tamil Nadu 2,B744,601632.0,Shri Rams Associates,INV.NO - 959178497,BI-Stock Shortages,Closed,INPRAKASMA1,2026-03-07 19:56:00,,Closed,GT Distributors,Chakradhara Aerospace And Cargo,2026.0,5.0,May,2026-05,Q2,1.0,Closed,Other Problem | Transit Shortage | Shortage during transportation | Owner: Transporter/Logistics,Transit Shortage,Transporter/Logistics,Stock Shortage; Transit,,,,,,,,99 CS; 98 CS; 360 CS; 359 CS; 2 CS,1.0,1.0,0.0,0.0,0.0,0.0,0.0,0.0,0.0,0.0,0.0,25,Closed,>15 Days
601780-20260506-103840,2026-06-05 10:38:00,2026-06-05,,South Branch,L5 IN Hyderabad 1,2032,601780.0,Vijeta Enterprises,"Order No : 7097874562,7097885265,7097874657",BI-Transport Delays,Pending,,,,Pending,GT Distributors,Shanom Bolt Logistics Private,2026.0,5.0,May,2026-05,Q2,1.0,Open / Pending,Other Problem | Transport Delay | Delivery / logistics delay | Owner: Transporter/Logistics,Transport Delay,Transporter/Logistics,Stock Shortage; Transport Delay,,,,,,,,,0.0,1.0,0.0,0.0,0.0,0.0,0.0,0.0,0.0,0.0,0.0,25,Pending,>15 Days
601785-20260506-153523,2026-06-05 15:35:00,2026-06-05,,South Branch,L5 IN Kerala 1,2040,601785.0,Vinod Agencies,invoice number :1365803744,BI-Stock Shortages,Pending,,,,Pending,GT Distributors,BlueWave Supply Chain,2026.0,5.0,May,2026-05,Q2,1.0,Open / Pending,Warehouse Problem | Stock Excess | Excess quantity received | Owner: Warehouse/DC,Stock Excess,Warehouse/DC,Stock Shortage; Stock Excess,1365803744,,,14503923,,60989939HE,30.00; 28,1 CASE,0.0,1.0,0.0,1.0,0.0,0.0,0.0,0.0,0.0,0.0,0.0,25,Pending,>15 Days
6126390-20260506-104702,2026-06-05 10:47:00,2026-06-05,,South Branch,L5 IN Bangalore City 2,B929,6126390.0,Sri Marketing,INV NO-938426194,BI-Stock Shortages,Closed,INPRAKASMA1,2026-03-07 19:56:00,,Closed,GT Distributors,Diptab Ventures Pvt ltd,2026.0,5.0,May,2026-05,Q2,1.0,Closed,Other Problem | Transit Shortage | Shortage during transportation | Owner: Transporter/Logistics,Transit Shortage,Transporter/Logistics,Stock Shortage; Transit,938426194,,,,,,58,1 CASE,1.0,1.0,0.0,0.0,0.0,0.0,0.0,0.0,0.0,0.0,0.0,25,Closed,>15 Days
6126390-20260506-105544,2026-06-05 10:55:00,2026-06-05,,South Branch,L5 IN Bangalore City 2,0,6126390.0,Sri Marketing,INV NO-938426194         DATE 05.05.2026                   PRODUT CODE-13680087,BI-Stock Shortages,Closed,INPRAKASMA1,2026-03-07 19:56:00,,Duplicate OTR,,,2026.0,5.0,May,2026-05,Q2,1.0,Closed,Other Problem | Duplicate / Non-OTR | Duplicate or invalid OTR record | Owner: Process/System,Duplicate / Non-OTR,Process/System,Stock Shortage; Duplicate/Non-OTR,938426194,,,,,,,2 CASE,0.0,1.0,0.0,0.0,0.0,0.0,0.0,0.0,0.0,0.0,1.0,25,Closed,>15 Days
6912092-20260506-153211,2026-06-05 15:32:00,2026-06-05,,South Branch,L5 IN Karnataka 3,B929,6912092.0,Intelligent Retail Private Limited,Product Code : 12616861,BI-Stock Shortages,Closed,INPRAKASMA1,2026-03-07 19:56:00,,Closed,GT Distributors,Diptab Ventures Pvt ltd,2026.0,5.0,May,2026-05,Q2,1.0,Closed,Other Problem | Transit Shortage | Shortage during transportation | Owner: Transporter/Logistics,Transit Shortage,Transporter/Logistics,Stock Shortage; Transit,938426300; 938426299,A226870,KA-25-4403,12616861; 12553664,KIT KAT 3F Duo 18(28x28.5g) IN; MILKYBAR Mould 20(14x42g)N1 IN,61160454A1; 61070454X1,25; 40,1 CS; 2 CS,1.0,1.0,0.0,0.0,0.0,0.0,0.0,0.0,0.0,0.0,0.0,25,Closed,>15 Days
7035170-20260506-121020,2026-06-05 12:10:00,2026-06-05,,South Branch,L5 IN Chennai City 1,C749,7035170.0,Intelligent Retail Private Limited,"We have received ""12609877"" - 'CERELAC STG 4 MU Dal Veg 24x300g ZS IN', MRP-330, 1 cases shortage for Invoice# 974803194 dated 09/12/2025",BI-Stock Shortages,Pending,,,,Pending,GT Distributors,CCI Logistics Limited,2026.0,5.0,May,2026-05,Q2,1.0,Open / Pending,Warehouse Problem | Stock Shortage | Short or not-received quantity | Owner: Warehouse/DC,Stock Shortage,Warehouse/DC,Stock Shortage,974803194,,,,,,330,1 CASES,0.0,1.0,0.0,0.0,0.0,0.0,0.0,0.0,0.0,0.0,0.0,25,Pending,>15 Days
7035170-20260506-121213,2026-06-05 12:12:00,2026-06-05,,South Branch,L5 IN Chennai City 1,C749,7035170.0,Intelligent Retail Private Limited,"We have received ""12579448"" - 'LACTOGEN PRO1 BIB 24x400g INNWPB176 IN', MRP-440, 1 cases shortage for Invoice# 938400602 dated 27/12/2025",BI-Stock Shortages,Pending,,,,Pending,GT Distributors,KKP Express,2026.0,5.0,May,2026-05,Q2,1.0,Open / Pending,Warehouse Problem | Stock Shortage | Short or not-received quantity | Owner: Warehouse/DC,Stock Shortage,Warehouse/DC,Stock Shortage,938400602,,,,,,440,1 CASES,0.0,1.0,0.0,0.0,0.0,0.0,0.0,0.0,0.0,0.0,0.0,25,Pending,>15 Days
7035170-20260506-121431,2026-06-05 12:14:00,2026-06-05,,South Branch,L5 IN Chennai City 1,C749,7035170.0,Intelligent Retail Private Limited,"We have received ""12586404"" - 'MAGGI Ntr-lcs Atta 16x435g RC 2 IN', MRP-180, 1 cases shortage for Invoice# 974800507dated 08/11/2025",BI-Stock Shortages,Pending,,,,Pending,GT Distributors,Sakthi Jayavel Motors,2026.0,5.0,May,2026-05,Q2,1.0,Open / Pending,Warehouse Problem | Stock Shortage | Short or not-received quantity | Owner: Warehouse/DC,Stock Shortage,Warehouse/DC,Stock Shortage,974800507,,,,,,180,1 CASES,0.0,1.0,0.0,0.0,0.0,0.0,0.0,0.0,0.0,0.0,0.0,25,Pending,>15 Days
7035170-20260506-121622,2026-06-05 12:16:00,2026-06-05,,South Branch,L5 IN Chennai City 1,C749,7035170.0,Intelligent Retail Private Limited,"We have received ""12612134"" - 'MUNCH Brownie 18(20x37.5g) IN', MRP-30, 1 cases shortage for Invoice# 974799259 dated 22/10/2025",BI-Stock Shortages,Pending,,,,Pending,GT Distributors,Sakthi Jayavel Motors,2026.0,5.0,May,2026-05,Q2,1.0,Open / Pending,Warehouse Problem | Stock Shortage | Short or not-received quantity | Owner: Warehouse/DC,Stock Shortage,Warehouse/DC,Stock Shortage,974799259,,,,,,30,1 CASES,0.0,1.0,0.0,0.0,0.0,0.0,0.0,0.0,0.0,0.0,0.0,25,Pending,>15 Days
7291479-20260506-144003,2026-06-05 14:40:00,2026-06-05,,South Branch,L5 IN Hyderabad 2,2032,7291479.0,Pay One Retail Private Limited,We Had Received Damage Stock of Nescafe Mocha 45 MRP 1Case,BI-Damages,Pending,,,,Pending,GT Distributors,Glovis India Private Limited,2026.0,5.0,May,2026-05,Q2,1.0,Open / Pending,Warehouse Problem | Product Damage | Damaged stock at receipt | Owner: Warehouse/DC,Product Damage,Warehouse/DC,Damage,1099848492,5325,TG08U1466,14176172,,60161530MB,1; 45,1 CASE; 45 CASES,0.0,0.0,1.0,0.0,0.0,0.0,0.0,0.0,0.0,0.0,0.0,25,Pending,>15 Days
7291479-20260506-144635,2026-06-05 14:46:00,2026-06-05,,South Branch,L5 IN Hyderabad 2,2032,7291479.0,Pay One Retail Private Limited,We Ordered Nescafe Caramel Latte 4 Cases Instead Received 1 case classic latte,BI-Any other,Pending,,,,Not Related to DC,,,2026.0,5.0,May,2026-05,Q2,1.0,Open / Pending,Warehouse Problem | Wrong SKU / Product | Ordered caramel latte but classic latte received | Owner: Warehouse/DC,Wrong SKU / Product,Warehouse/DC,Wrong SKU,1099848750,75620,TS08UJ4753,12610096,,53397742AB,70,4 CASES; 1 CASE; 70 CASES,0.0,0.0,0.0,0.0,0.0,1.0,0.0,0.0,0.0,0.0,0.0,25,Pending,>15 Days
7447235-20260506-152425,2026-06-05 15:24:00,2026-06-05,,South Branch,L5 IN Tamil Nadu 4,B744,7447235.0,Silver Agencies,INVOICE NO: 959178394,BI-Stock Shortages,Closed,INPRAKASMA1,2026-03-07 19:56:00,,Closed,GT Distributors,J P Transport,2026.0,5.0,May,2026-05,Q2,1.0,Closed,Other Problem | Transit Shortage | Shortage during transportation | Owner: Transporter/Logistics,Transit Shortage,Transporter/Logistics,Stock Shortage; Transit,959178394,,,,NESCAFE GOLD BLEND 90G,,,,1.0,1.0,0.0,0.0,0.0,0.0,0.0,0.0,0.0,0.0,0.0,25,Closed,>15 Days
7485824-20260506-131313,2026-06-05 13:13:00,2026-06-05,,South Branch,L5 IN Andhrapradesh 3,C749,7485824.0,Aafiya Computers,Invoice number:974818892,BI-Stock Shortages,Pending,,,,Pending,GT Distributors,Sakthi Jayavel Motors,2026.0,5.0,May,2026-05,Q2,1.0,Open / Pending,Warehouse Problem | Stock Shortage | Short or not-received quantity | Owner: Warehouse/DC,Stock Shortage,Warehouse/DC,Stock Shortage,974818892,,,13680206,MAGGI 2-MINN Mas 24*300g N1 IN,60580452CA,58,1 CASE,0.0,1.0,0.0,0.0,0.0,0.0,0.0,0.0,0.0,0.0,0.0,25,Pending,>15 Days
3000212-20260505-120750,2026-05-05 12:07:00,2026-05-05,,South Branch,L5 IN Kerala 1,7793,3000212.0,Pallickal Agencies,"Maggi double Pack140g+10g=150g , MRP:30/- 8 pieces is sealing issue  Batch No.610704452CF these product received date:04.05.26.",BI-Sealing Issue,Closed,INPRAKASMA1,2026-03-07 19:56:00,,Closed,GT Distributors,,2026.0,5.0,May,2026-05,Q2,1.0,Closed,Warehouse Problem | MRP / Price Mismatch | Billed versus received MRP mismatch | Owner: Warehouse/DC,MRP / Price Mismatch,Warehouse/DC,MRP Mismatch; Packaging/Sealing,,,,,,,30,8 PIECES,0.0,0.0,0.0,0.0,1.0,0.0,0.0,0.0,0.0,0.0,0.0,56,Closed,>15 Days
4766881-20260505-132128,2026-05-05 13:21:00,2026-05-05,,South Branch,L5 IN Hyderabad 2,2032,4766881.0,Balaji Agencies,SUNRISE 2/- 1CS SHORT RECIEVED IN INV NO 1099849045 PRODUCT CODE 13700494 TNV DATE 04.05.2026,BI-Stock Shortages,Pending,,,,Pending,GT Distributors,Glovis India Private Limited,2026.0,5.0,May,2026-05,Q2,1.0,Open / Pending,Warehouse Problem | Stock Shortage | Short or not-received quantity | Owner: Warehouse/DC,Stock Shortage,Warehouse/DC,Stock Shortage,1099849045,,,13700494,,,,1 CS,0.0,1.0,0.0,0.0,0.0,0.0,0.0,0.0,0.0,0.0,0.0,56,Pending,>15 Days
600977-20260505-122925,2026-05-05 12:29:00,2026-05-05,,South Branch,L5 IN Kerala 4,B744,600977.0,Alankar Stores,LR NO :  8873,BI-Stock Shortages,Closed,INPRAKASMA1,2026-03-07 19:56:00,,Closed,GT Distributors,KKP Express,2026.0,5.0,May,2026-05,Q2,1.0,Closed,Other Problem | Transit Shortage | Shortage during transportation | Owner: Transporter/Logistics,Transit Shortage,Transporter/Logistics,Stock Shortage; Transit,959161300; 959163431,8873; 7649,,12610509; 12616536; 1255923,,,,2 CS; 1 CS,1.0,1.0,0.0,0.0,0.0,0.0,0.0,0.0,0.0,0.0,0.0,56,Closed,>15 Days
6077575-20260505-131032,2026-05-05 13:10:00,2026-05-05,,South Branch,L5 IN Andhra Pradesh Purina,2032,6077575.0,Blitzhaus Pet Mart.,INV 1099848489  DT 29.04.2026,BI-Damages,Pending,,,,Pending,Pet Food-Distributor,Jurigari Private Limited,2026.0,5.0,May,2026-05,Q2,1.0,Open / Pending,Warehouse Problem | Product Damage | Damaged stock at receipt | Owner: Warehouse/DC,Product Damage,Warehouse/DC,Damage,1099848489,,,12353192,,,,1 PC,0.0,0.0,1.0,0.0,0.0,0.0,0.0,0.0,0.0,0.0,0.0,56,Pending,>15 Days
7206600-20260505-112205,2026-05-05 11:22:00,2026-05-05,,South Branch,L5 IN Andhrapradesh 2,2032,7206600.0,Sriram Enterprises,AVG Logistics Limited LR No: 2026870 DT: 06-03-26 with Invoice No: 1099838642 DT: 06-03-26 1 CASE of Nestle CLASSIC 16(21x31g) IN  was Short. Please send the SKU ASAP.,BI-Stock Shortages,Pending,,,,Pending,GT Distributors,AVG Logistics Limited,2026.0,5.0,May,2026-05,Q2,1.0,Open / Pending,Warehouse Problem | Stock Shortage | Short or not-received quantity | Owner: Warehouse/DC,Stock Shortage,Warehouse/DC,Stock Shortage,1099838642,2026870,,,,,,1 CASE,0.0,1.0,0.0,0.0,0.0,0.0,0.0,0.0,0.0,0.0,0.0,56,Pending,>15 Days
7402251-20260505-165640,2026-05-05 16:56:00,2026-05-05,,South Branch,L5 IN Bangalore City 2,B929,7402251.0,Intelligent Retail Private Limited,"We have received ""13680299"" - 'AGGI 2-MINN Mas 16x450g PR Rs 4 off, MRP-87, 1 cases shortage for Invoice# 938425983 dated 05/05/2026",BI-Stock Shortages,Closed,INPRAKASMA1,2026-03-07 19:56:00,,Closed,GT Distributors,KKP Express,2026.0,5.0,May,2026-05,Q2,1.0,Closed,Other Problem | Transit Shortage | Shortage during transportation | Owner: Transporter/Logistics,Transit Shortage,Transporter/Logistics,Stock Shortage; Transit,938425983,,,,,,87,1 CASES,1.0,1.0,0.0,0.0,0.0,0.0,0.0,0.0,0.0,0.0,0.0,56,Closed,>15 Days
4409276-20260504-175129,2026-04-05 17:51:00,2026-04-05,,South Branch,L5 IN Tamil Nadu 3,B744,4409276.0,Sri Lakshman Trading Corporation,"INV.NO.959177736-DT.3/5/26-BATCH CODE.12587374/61040454A1,1CASE CHOCLATE MELTED.",BI-Damages,Closed,INPRAKASMA1,2026-03-07 19:56:00,,Closed,GT Distributors,Delhi Punjab Roadlines,2026.0,5.0,May,2026-05,Q2,1.0,Closed,Other Problem | Transit / Logistics Other | Transport-related issue without clear subtype | Owner: Transporter/Logistics,Transit / Logistics Other,Transporter/Logistics,Product Quality; Transit,,,,,,,,1 CASE; 2 CASE; 16 CASE; 7 CASE,1.0,0.0,0.0,0.0,0.0,0.0,0.0,0.0,0.0,1.0,0.0,86,Closed,>15 Days
4637644-20260504-151240,2026-04-05 15:12:00,2026-04-05,,South Branch,L5 IN Karnataka 3,B929,4637644.0,Sri Vijaya Enterprises,Product Name : CERELAC STG2 Whe App Chry 24x360g WS IN,BI-Stock Shortages,Closed,INPRAKASMA1,2026-03-07 19:56:00,,Closed,GT Distributors,KKP Express,2026.0,5.0,May,2026-05,Q2,1.0,Closed,Warehouse Problem | Stock Shortage | Short or not-received quantity | Owner: Warehouse/DC,Stock Shortage,Warehouse/DC,Stock Shortage,938425623,,,14033758,CERELAC STG2 Whe App Chry 24x360g WS IN,60990453A9,,3 CS,0.0,1.0,0.0,0.0,0.0,0.0,0.0,0.0,0.0,0.0,0.0,86,Closed,>15 Days
601780-20260504-123041,2026-04-05 12:30:00,2026-04-05,,South Branch,L5 IN Hyderabad 1,2032,601780.0,Vijeta Enterprises,"INV NO: 1099848889, DATE: 03-05-2026",BI-Stock Shortages,Pending,,,,Pending,GT Distributors,Shanom Bolt Logistics Private,2026.0,5.0,May,2026-05,Q2,1.0,Open / Pending,Warehouse Problem | Stock Shortage | Short or not-received quantity | Owner: Warehouse/DC,Stock Shortage,Warehouse/DC,Stock Shortage,1099848889,,,,,,300,2 CS,0.0,1.0,0.0,0.0,0.0,0.0,0.0,0.0,0.0,0.0,0.0,86,Pending,>15 Days
601780-20260504-124649,2026-04-05 12:46:00,2026-04-05,,South Branch,L5 IN Hyderabad 1,2032,601780.0,Vijeta Enterprises,"INV NO: 1099848889, DATE: 03-05-2026",BI-Any other,Closed,INPRAKASMA1,2026-03-07 19:56:00,,Closed,GT Distributors,Shanom Bolt Logistics Private,2026.0,5.0,May,2026-05,Q2,1.0,Closed,Other Problem | Non-Warehouse Shortage | Warehouse dispatch verified; investigate transit/distributor | Owner: Transporter/Distributor,Non-Warehouse Shortage,Transporter/Distributor,Stock Shortage,1099848889,,,,,,320; 15,12 CS; 11 CS; 1 CS; 60 CS; 59 CS,1.0,1.0,0.0,0.0,0.0,0.0,0.0,0.0,0.0,0.0,0.0,86,Closed,>15 Days
7283707-20260504-191911,2026-04-05 19:19:00,2026-04-05,,South Branch,L5 IN Karnataka 3,B929,7283707.0,Sri Maruthi Enterprises,MAGGI 15MRP-3CASE,BI-Stock Shortages,Closed,INPRAKASMA1,2026-03-07 19:56:00,,Closed,GT Distributors,Lets,2026.0,5.0,May,2026-05,Q2,1.0,Closed,Warehouse Problem | Stock Shortage | Short or not-received quantity | Owner: Warehouse/DC,Stock Shortage,Warehouse/DC,Stock Shortage,,,KA13A8872,,,,,3 CASE,0.0,1.0,0.0,0.0,0.0,0.0,0.0,0.0,0.0,0.0,0.0,86,Closed,>15 Days
4766881-20260502-110041,2026-02-05 11:00:00,2026-02-05,,South Branch,L5 IN Hyderabad 2,2032,4766881.0,Balaji Agencies,RICE VEG 290/- 4CS AND MIX FRUIT 290/- 2CS SHORT RECIEVED IN INV 1099848322 DATE 28.04.2026 VEH NO TS08UL4940,BI-Stock Shortages,Closed,INPRAKASMA1,2026-03-07 19:56:00,,Closed,GT Distributors,Glovis India Private Limited,2026.0,5.0,May,2026-05,Q2,1.0,Closed,Other Problem | Non-Warehouse Shortage | Warehouse dispatch verified; investigate transit/distributor | Owner: Transporter/Distributor,Non-Warehouse Shortage,Transporter/Distributor,Stock Shortage,1099848322,,TS08UL4940,,,,,4 CS; 2 CS,1.0,1.0,0.0,0.0,0.0,0.0,0.0,0.0,0.0,0.0,0.0,145,Closed,>15 Days
6967310-20260502-095331,2026-02-05 09:53:00,2026-02-05,,South Branch,L5 IN Kerala 2,C963,6967310.0,BSN Links,INVOICE NO-1365803719,BI-Any other,Closed,INPRAKASMA1,2026-03-07 19:56:00,,Closed,GT Distributors,BlueWave Supply Chain,2026.0,5.0,May,2026-05,Q2,1.0,Closed,Warehouse Problem | Stock Shortage | Short or not-received quantity | Owner: Warehouse/DC,Stock Shortage,Warehouse/DC,Stock Shortage,1365803719,,,,,,,5 CASE,0.0,1.0,0.0,0.0,0.0,0.0,0.0,0.0,0.0,0.0,0.0,145,Closed,>15 Days
6967310-20260502-095604,2026-02-05 09:56:00,2026-02-05,,South Branch,L5 IN Kerala 2,C963,6967310.0,BSN Links,INVOICE NO-1365803412,BI-Any other,Closed,INPRAKASMA1,2026-03-07 19:56:00,,Closed,GT Distributors,BlueWave Supply Chain,2026.0,5.0,May,2026-05,Q2,1.0,Closed,Warehouse Problem | Stock Shortage | Short or not-received quantity | Owner: Warehouse/DC,Stock Shortage,Warehouse/DC,Stock Shortage,1365803412,,,,,,,1 CASE,0.0,1.0,0.0,0.0,0.0,0.0,0.0,0.0,0.0,0.0,0.0,145,Closed,>15 Days
6967310-20260502-095755,2026-02-05 09:57:00,2026-02-05,,South Branch,L5 IN Kerala 2,C963,6967310.0,BSN Links,INVOICE NO-1365803082,BI-Stock Shortages,Closed,INPRAKASMA1,2026-03-07 19:56:00,,Closed,GT Distributors,BlueWave Supply Chain,2026.0,5.0,May,2026-05,Q2,1.0,Closed,Warehouse Problem | Stock Shortage | Short or not-received quantity | Owner: Warehouse/DC,Stock Shortage,Warehouse/DC,Stock Shortage,1365803082,,,,,,,3 CASE,0.0,1.0,0.0,0.0,0.0,0.0,0.0,0.0,0.0,0.0,0.0,145,Closed,>15 Days
6967310-20260502-100214,2026-02-05 10:02:00,2026-02-05,,South Branch,L5 IN Kerala 2,C963,6967310.0,BSN Links,INVOICE NO-1365803229,BI-Stock Shortages,Closed,INPRAKASMA1,2026-03-07 19:56:00,,Closed,GT Distributors,BlueWave Supply Chain,2026.0,5.0,May,2026-05,Q2,1.0,Closed,Warehouse Problem | Stock Shortage | Short or not-received quantity | Owner: Warehouse/DC,Stock Shortage,Warehouse/DC,Stock Shortage,1365803229,,,,,,,12 CASE,0.0,1.0,0.0,0.0,0.0,0.0,0.0,0.0,0.0,0.0,0.0,145,Closed,>15 Days
7216265-20260502-180620,2026-02-05 18:06:00,2026-02-05,,South Branch,L5 IN Andhra Pradesh NP,2032,7216265.0,Right Angle Enterprises,PURCHASE RECIEPT NO -1099848226,BI-Any other,Closed,INPRAKASMA1,2026-03-07 19:56:00,,Closed,NP-Distributor,AVG Logistics Limited,2026.0,5.0,May,2026-05,Q2,1.0,Closed,Other Problem | Non-Warehouse Stock Mismatch | Warehouse dispatch marked correct; investigate transit/distributor | Owner: Transporter/Distributor,Non-Warehouse Stock Mismatch,Transporter/Distributor,Stock Mismatch; Dispatch Verified,,,,,,,,,1.0,0.0,0.0,0.0,0.0,0.0,0.0,0.0,0.0,0.0,0.0,145,Closed,>15 Days
3000210-20260501-121337,2026-01-05 12:13:00,2026-01-05,,South Branch,L5 IN Kerala 4,0,3000210.0,Kolikara Business Corporation,"THERE IS A PROBLEM IN BILL PRINT THAT,  WE ADJUESTED A CREDIT NOTE WHILE BILLING .THE CREDIT NOTE DETAILS ARE  STILL  IN BILL PRINT  BUT  THE  RECEIVABLE  AMOUNT REMAINS THE SAME AS BILL AMOUNT.CREDIT NOTE AMOUNT IS NOT DEDUCTED.",BI-Any other,Closed,INPRAKASMA1,2026-03-07 19:56:00,,Not Related to DC,,,2026.0,5.0,May,2026-05,Q2,1.0,Closed,Other Problem | Credit Note / Billing | Commercial or invoice-processing issue | Owner: Commercial/Billing,Credit Note / Billing,Commercial/Billing,Commercial/Billing,,,,,,,,,0.0,0.0,0.0,0.0,0.0,0.0,0.0,0.0,0.0,0.0,0.0,176,Closed,>15 Days
4766881-20260501-195540,2026-01-05 19:55:00,2026-01-05,,South Branch,L5 IN Hyderabad 2,2032,4766881.0,Balaji Agencies,"C RICE 250/- 1CS, EVERDAY 1KG 625/- 1CS & MAGGI 7/- 1CS  SHORT RECIEVED IN INV NO 1099848784 DATE 01.05.2026",BI-Stock Shortages,Closed,INPRAKASMA1,2026-03-07 19:56:00,,Closed,GT Distributors,Glovis India Private Limited,2026.0,5.0,May,2026-05,Q2,1.0,Closed,Other Problem | Non-Warehouse Shortage | Warehouse dispatch verified; investigate transit/distributor | Owner: Transporter/Distributor,Non-Warehouse Shortage,Transporter/Distributor,Stock Shortage,1099848784,,,,,,,1 CS,1.0,1.0,0.0,0.0,0.0,0.0,0.0,0.0,0.0,0.0,0.0,176,Closed,>15 Days
5533884-20260501-205140,2026-01-05 20:51:00,2026-01-05,,South Branch,L5 IN Hyderabad 1,2032,5533884.0,Shri Hanuman Agencies,product code 12601933,BI-Stock Shortages,Closed,INPRAKASMA1,2026-03-07 19:56:00,,Closed,GT Distributors,Glovis India Private Limited,2026.0,5.0,May,2026-05,Q2,1.0,Closed,Other Problem | Non-Warehouse Shortage | Warehouse dispatch verified; investigate transit/distributor | Owner: Transporter/Distributor,Non-Warehouse Shortage,Transporter/Distributor,Stock Shortage,1099848794,,,12601933,,60970453A1,250,1 CASE,1.0,1.0,0.0,0.0,0.0,0.0,0.0,0.0,0.0,0.0,0.0,176,Closed,>15 Days
5802282-20260501-103338,2026-01-05 10:33:00,2026-01-05,,South Branch,L5 IN Karnataka 1,B929,5802282.0,Shri Vinayaka Agencies,MRP mismatch received stock mrp.is 92.00 but the invoice is generated with mrp.100.00,BI-Any other,Closed,INPRAKASMA1,2026-03-07 19:56:00,,Closed,GT Distributors,Diptab Ventures Pvt ltd,2026.0,5.0,May,2026-05,Q2,1.0,Closed,Warehouse Problem | MRP / Price Mismatch | Billed versus received MRP mismatch | Owner: Warehouse/DC,MRP / Price Mismatch,Warehouse/DC,MRP Mismatch,938412209,,,12559252,MAGGI 2-MIN Spicy Manchurian 24x244g IN,,,,0.0,0.0,0.0,0.0,1.0,0.0,0.0,0.0,0.0,0.0,0.0,176,Closed,>15 Days
601780-20260501-162035,2026-01-05 16:20:00,2026-01-05,,South Branch,L5 IN Hyderabad 1,2032,601780.0,Vijeta Enterprises,"INV NO : 1099848777, DATE: 01-05-2026",BI-Stock Shortages,Closed,INPRAKASMA1,2026-03-07 19:56:00,,Closed,GT Distributors,Shanom Bolt Logistics Private,2026.0,5.0,May,2026-05,Q2,1.0,Closed,Other Problem | Non-Warehouse Shortage | Warehouse dispatch verified; investigate transit/distributor | Owner: Transporter/Distributor,Non-Warehouse Shortage,Transporter/Distributor,Stock Shortage,1099848777,,,,,,149,46 CS; 9 CS; 37 CS,1.0,1.0,0.0,0.0,0.0,0.0,0.0,0.0,0.0,0.0,0.0,176,Closed,>15 Days
7099587-20260501-132500,2026-01-05 13:25:00,2026-01-05,,South Branch,L5 IN Bangalore City 1,B929,7099587.0,United Distributors,SupplierName,BI-Stock Shortages,Closed,INPRAKASMA1,2026-03-07 19:56:00,,Closed,GT Distributors,Diptab Ventures Pvt ltd,2026.0,5.0,May,2026-05,Q2,1.0,Closed,Warehouse Problem | Stock Shortage | Short or not-received quantity | Owner: Warehouse/DC,Stock Shortage,Warehouse/DC,Stock Shortage; Damage,938424973,,,12612446; 12612451,,,50; 30,1 CASE; 2 CASE; 3 CASES,0.0,1.0,1.0,0.0,0.0,0.0,0.0,0.0,0.0,0.0,0.0,176,Closed,>15 Days
2514206-20260430-111033,2026-04-30 11:10:33,2026-04-30,,South Branch,L5 IN Kerala 4,7793,2514206.0,Bismillah Enterprises,TRANSIT DAMAGE,BI-Damages,Closed,INPRAKASMA1,2026-08-06 14:17:00,,Closed,GT Distributors,Caspian Shipping & Logistics,2026.0,4.0,Apr,2026-04,Q2,1.0,Closed,Other Problem | Transit Damage | Damage during transportation | Owner: Transporter/Logistics,Transit Damage,Transporter/Logistics,Damage; Transit,1365362181,,,12623842,,60390453A1,215,13 PCS,1.0,0.0,1.0,0.0,0.0,0.0,0.0,0.0,0.0,0.0,0.0,61,Closed,>15 Days
601004-20260430-150206,2026-04-30 15:02:07,2026-04-30,,South Branch,L5 IN Chennai City 1,C749,601004.0,Aswin Enterprises,INVOICE NO 974821460,BI-Stock Shortages,Closed,INPRAKASMA1,2026-08-06 14:17:00,,Closed,GT Distributors,CCI Logistics Limited,2026.0,4.0,Apr,2026-04,Q2,1.0,Closed,Other Problem | Transit Shortage | Shortage during transportation | Owner: Transporter/Logistics,Transit Shortage,Transporter/Logistics,Stock Shortage; Transit,974821460,,TN18M5989,14445547,,60680452BA,15,8 PCS,1.0,1.0,0.0,0.0,0.0,0.0,0.0,0.0,0.0,0.0,0.0,61,Closed,>15 Days
601004-20260430-150304,2026-04-30 15:03:04,2026-04-30,,South Branch,L5 IN Chennai City 1,C749,601004.0,Aswin Enterprises,INVOICE NO 974821521,BI-Stock Shortages,Closed,INPRAKASMA1,2026-08-06 14:17:00,,Closed,GT Distributors,CCI Logistics Limited,2026.0,4.0,Apr,2026-04,Q2,1.0,Closed,Other Problem | Transit Shortage | Shortage during transportation | Owner: Transporter/Logistics,Transit Shortage,Transporter/Logistics,Stock Shortage; Transit,974821521,,,14199857,,61010454N1,5,,1.0,1.0,0.0,0.0,0.0,0.0,0.0,0.0,0.0,0.0,0.0,61,Closed,>15 Days
601233-20260430-204403,2026-04-30 20:44:03,2026-04-30,,South Branch,L5 IN Kerala 2,C963,601233.0,Krishna Agencies,"INV NO; 1365803511 DATED25/04/2026 MILKMAID BILLED BATCH 60970451ZA -41CS ,60990451ZA-31CS @MRP149/- SUPPLIED BATCH 72CS60890451ZA -72CS",BI-Batch Related Issues,Closed,INPRAKASMA1,2026-08-06 14:17:00,,Closed,GT Distributors,BlueWave Supply Chain,2026.0,4.0,Apr,2026-04,Q2,1.0,Closed,Warehouse Problem | Batch Mismatch | Billed versus received batch mismatch | Owner: Warehouse/DC,Batch Mismatch,Warehouse/DC,Batch Mismatch,1365803511,,,,,60970451ZA; 72CS60890451ZA,149,41 CS; 31 CS; 72 CS,0.0,0.0,0.0,0.0,0.0,0.0,1.0,0.0,0.0,0.0,0.0,61,Closed,>15 Days
601669-20260430-093032,2026-04-30 09:30:32,2026-04-30,,South Branch,L5 IN Karnataka 1,B929,601669.0,Srinivasa Agency,Transit Shortage,BI-Stock Shortages,Closed,INPRAKASMA1,2026-08-06 14:17:00,,Closed,GT Distributors,Diptab Ventures Pvt ltd,2026.0,4.0,Apr,2026-04,Q2,1.0,Closed,Other Problem | Transit Shortage | Shortage during transportation | Owner: Transporter/Logistics,Transit Shortage,Transporter/Logistics,Stock Shortage; Transit,938424726,A220725,,14301186,NESC Sunrise Sac 30(156x1.3g)TPBLRNR4 IN,,,2 CASES,1.0,1.0,0.0,0.0,0.0,0.0,0.0,0.0,0.0,0.0,0.0,61,Closed,>15 Days
6903453-20260430-123404,2026-04-30 12:34:05,2026-04-30,,South Branch,L5 IN Chennai Rural,C749,6903453.0,Adithya Enterprises,SR DAWN JAR 190g - 3 piece,BI-Stock Shortages,Closed,INPRAKASMA1,2026-08-06 14:17:00,,Closed,GT Distributors,Sakthi Jayavel Motors,2026.0,4.0,Apr,2026-04,Q2,1.0,Closed,Warehouse Problem | Stock Shortage | Short or not-received quantity | Owner: Warehouse/DC,Stock Shortage,Warehouse/DC,Stock Shortage,974818278,,TN49AK5302,,,,620,3 PIECE,0.0,1.0,0.0,0.0,0.0,0.0,0.0,0.0,0.0,0.0,0.0,61,Closed,>15 Days
6903453-20260430-123632,2026-04-30 12:36:33,2026-04-30,,South Branch,L5 IN Chennai Rural,C749,6903453.0,Adithya Enterprises,Biscuit 5cs for sunrise extra,BI-Stock Shortages,Closed,INPRAKASMA1,2026-08-06 14:17:00,,Closed,GT Distributors,Sakthi Jayavel Motors,2026.0,4.0,Apr,2026-04,Q2,1.0,Closed,Warehouse Problem | Stock Shortage | Short or not-received quantity | Owner: Warehouse/DC,Stock Shortage,Warehouse/DC,Stock Shortage,974821985,,TN49AK5302,,,,,5 CS,0.0,1.0,0.0,0.0,0.0,0.0,0.0,0.0,0.0,0.0,0.0,61,Closed,>15 Days
6960711-20260430-082501,2026-04-30 08:25:02,2026-04-30,,South Branch,L5 IN Andhrapradesh 4,C749,6960711.0,Tadepalli Eswararao Son,INV NO 1099848302,BI-Stock Shortages,Closed,INPRAKASMA1,2026-08-06 14:17:00,,Closed,GT Distributors,AVG Logistics Limited,2026.0,4.0,Apr,2026-04,Q2,1.0,Closed,Warehouse Problem | Stock Shortage | Short or not-received quantity | Owner: Warehouse/DC,Stock Shortage,Warehouse/DC,Stock Shortage,1099848302,2042033; DATE,,,,,,1 CASE,0.0,1.0,0.0,0.0,0.0,0.0,0.0,0.0,0.0,0.0,0.0,61,Closed,>15 Days
7417239-20260430-194659,2026-04-30 19:47:00,2026-04-30,,South Branch,L5 IN Andhrapradesh 4,2032,7417239.0,Parameshwara Agencies,inv no 1099846223 in dt 16-04-2026,BI-Promo SKUs,Closed,INPRAKASMA1,2026-03-07 19:56:00,,Closed,GT Distributors,AVG Logistics Limited,2026.0,4.0,Apr,2026-04,Q2,1.0,Closed,Warehouse Problem | Stock Shortage | Short or not-received quantity | Owner: Warehouse/DC,Stock Shortage,Warehouse/DC,Stock Shortage,1099846223,copy,,14504152,,,,5 UNITS; 5 CASES,0.0,1.0,0.0,0.0,0.0,0.0,0.0,0.0,0.0,0.0,0.0,61,Closed,>15 Days
7417239-20260430-195438,2026-04-30 19:54:38,2026-04-30,,South Branch,L5 IN Andhrapradesh 4,2032,7417239.0,Parameshwara Agencies,Product code 12608496 product name Maggi 2 minn masala 48*150g Ni in 8 Units shortage,BI-Stock Shortages,Closed,INPRAKASMA1,2026-03-07 19:56:00,,Closed,GT Distributors,Glovis India Private Limited,2026.0,4.0,Apr,2026-04,Q2,1.0,Closed,Other Problem | Transit Shortage | Shortage during transportation | Owner: Transporter/Logistics,Transit Shortage,Transporter/Logistics,Stock Shortage; Transit,1099847672,74939,TG08W0334,12608496,,,,8 UNITS,1.0,1.0,0.0,0.0,0.0,0.0,0.0,0.0,0.0,0.0,0.0,61,Closed,>15 Days
5272377-20260429-202448,2026-04-29 20:24:49,2026-04-29,,South Branch,L5 IN Andhrapradesh 3,2032,5272377.0,Sri Venkata Sai Sharan Agencies,"Sir,",BI-Stock Shortages,Pending,,,,Pending,GT Distributors,Glovis India Private Limited,2026.0,4.0,Apr,2026-04,Q2,1.0,Open / Pending,Warehouse Problem | Stock Shortage | Short or not-received quantity | Owner: Warehouse/DC,Stock Shortage,Warehouse/DC,Stock Shortage,1099848406,,,,,,,2 CASE,0.0,1.0,0.0,0.0,0.0,0.0,0.0,0.0,0.0,0.0,0.0,62,Pending,>15 Days
601550-20260429-150608,2026-04-29 15:06:08,2026-04-29,,South Branch,L5 IN Karnataka 1,B929,601550.0,Shri Vinayaka Agencies,"Inv No. 938425099 LR No. 11871 dated on 29 april 2026, 938425095 magic masala Rs.100 5cases shortage.",BI-Stock Shortages,Closed,INPRAKASMA1,2026-08-06 14:17:00,,Closed,GT Distributors,KKP Express,2026.0,4.0,Apr,2026-04,Q2,1.0,Closed,Warehouse Problem | Stock Shortage | Short or not-received quantity | Owner: Warehouse/DC,Stock Shortage,Warehouse/DC,Stock Shortage,,,,,,,,5 CASES,0.0,1.0,0.0,0.0,0.0,0.0,0.0,0.0,0.0,0.0,0.0,62,Closed,>15 Days
601780-20260429-112419,2026-04-29 11:24:20,2026-04-29,,South Branch,L5 IN Hyderabad 1,2032,601780.0,Vijeta Enterprises,"INV NO: 1099848250, DATE: 28-04-26",BI-Stock Shortages,Pending,,,,Pending,GT Distributors,AVG Logistics Limited,2026.0,4.0,Apr,2026-04,Q2,1.0,Open / Pending,Warehouse Problem | Stock Shortage | Short or not-received quantity | Owner: Warehouse/DC,Stock Shortage,Warehouse/DC,Stock Shortage,1099848250,,,,"MUNCH Maha 27(32x10.4g), MRP 5/-",,5,21 CS; 20 CS; 1 CS,0.0,1.0,0.0,0.0,0.0,0.0,0.0,0.0,0.0,0.0,0.0,62,Pending,>15 Days
6986983-20260429-102040,2026-04-29 10:20:41,2026-04-29,,South Branch,L5 IN Andhrapradesh 2,2032,6986983.0,Meenakshi Distributors,ITEM NAME  : CERELAC STG2 RICEVEG 24X300G ZS,BI-Stock Shortages,Reopened,,,,Closed,GT Distributors,Glovis India Private Limited,2026.0,4.0,Apr,2026-04,Q2,1.0,Closed,Other Problem | Non-Warehouse Shortage | Warehouse dispatch verified; investigate transit/distributor | Owner: Transporter/Distributor,Non-Warehouse Shortage,Transporter/Distributor,Stock Shortage,1099848266,74980,TS02UD4148,12607948,,60940453A1,290,2 CASES,1.0,1.0,0.0,0.0,0.0,0.0,0.0,0.0,0.0,0.0,0.0,62,Reopened,>15 Days
7209153-20260429-140126,2026-04-29 14:01:26,2026-04-29,,South Branch,L5 IN Hyderabad 2,2032,7209153.0,Vinayak Agencies,"INVOICE NO 1099847865 DATED 25.04.26 KITKAT SHAREBAG RS120 MRP 1 CASE SHOT VALUE 6581 DRIVER NAME VENKATESH MOBILE NO 6301564245, VEHICLE NO KA52A6084",BI-Stock Shortages,Pending,,,,Pending,GT Distributors,AVG Logistics Limited,2026.0,4.0,Apr,2026-04,Q2,1.0,Open / Pending,Warehouse Problem | Stock Shortage | Short or not-received quantity | Owner: Warehouse/DC,Stock Shortage,Warehouse/DC,Stock Shortage,1099847865,,KA52A6084,,,,1,1 CASE,0.0,1.0,0.0,0.0,0.0,0.0,0.0,0.0,0.0,0.0,0.0,62,Pending,>15 Days
7209153-20260429-140340,2026-04-29 14:03:40,2026-04-29,,South Branch,L5 IN Hyderabad 2,2032,7209153.0,Vinayak Agencies,"INVOICE NO 1099847736 8M RICEVEG INVIOCED 290MRP AND RECEIVED 275 MRP SHOT VALUE 310 DRIVER NAME VIKAS, NO 7981657230, VEHICLE NO TS08UL3860",BI-Stock Shortages,Pending,,,,Pending,GT Distributors,Glovis India Private Limited,2026.0,4.0,Apr,2026-04,Q2,1.0,Open / Pending,Warehouse Problem | MRP / Price Mismatch | Billed versus received MRP mismatch | Owner: Warehouse/DC,MRP / Price Mismatch,Warehouse/DC,Stock Shortage; MRP Mismatch,10998477368,,TS08UL3860,,,,,,0.0,1.0,0.0,0.0,1.0,0.0,0.0,0.0,0.0,0.0,0.0,62,Pending,>15 Days
7463388-20260429-142234,2026-04-29 14:22:35,2026-04-29,,South Branch,L5 IN Tamil Nadu 5,B744,7463388.0,Deluxe Traders,INVOICE NO:959176931,BI-Stock Shortages,Closed,INPRAKASMA1,2026-08-06 14:17:00,,Closed,GT Distributors,M S P Transports,2026.0,4.0,Apr,2026-04,Q2,1.0,Closed,Warehouse Problem | Stock Shortage | Short or not-received quantity | Owner: Warehouse/DC,Stock Shortage,Warehouse/DC,Stock Shortage,959176931,,,13776790,MILKYBAR MOOSHA,,10; 5,5 CASE,0.0,1.0,0.0,0.0,0.0,0.0,0.0,0.0,0.0,0.0,0.0,62,Closed,>15 Days
3382314-20260428-173049,2026-04-28 17:30:49,2026-04-28,,South Branch,L5 IN Andhrapradesh 4,2032,3382314.0,Sri Sai Uma Generals,INVOICE NUM : 1099799444 DATE : 26/04/2025,BI-Stock Shortages,Pending,,,,Pending,GT Distributors,Chirag Road Lines,2026.0,4.0,Apr,2026-04,Q2,1.0,Open / Pending,Warehouse Problem | Stock Shortage | Short or not-received quantity | Owner: Warehouse/DC,Stock Shortage,Warehouse/DC,Stock Shortage,1099799444,25320,,12585137; 12601932,,,,,0.0,1.0,0.0,0.0,0.0,0.0,0.0,0.0,0.0,0.0,0.0,63,Pending,>15 Days
4766881-20260428-124850,2026-04-28 12:48:51,2026-04-28,,South Branch,L5 IN Hyderabad 2,2032,4766881.0,Balaji Agencies,"CERELAC RICE 24X300G 2 CASE SHORT RECEIVED INVOICE NO.1099848151 DT.27.04.2026  LR NO.5313 TRUCK NO.AP20TB6437  JURIGARI PVT LTD., TRANSPORT",BI-Stock Shortages,Closed,INPRAKASMA1,2026-03-07 19:56:00,,Closed,GT Distributors,Jurigari Private Limited,2026.0,4.0,Apr,2026-04,Q2,1.0,Closed,Other Problem | Non-Warehouse Shortage | Warehouse dispatch verified; investigate transit/distributor | Owner: Transporter/Distributor,Non-Warehouse Shortage,Transporter/Distributor,Stock Shortage,,,,,,,,2 CASE,1.0,1.0,0.0,0.0,0.0,0.0,0.0,0.0,0.0,0.0,0.0,63,Closed,>15 Days
601517-20260428-094940,2026-04-28 09:49:41,2026-04-28,,South Branch,L5 IN Chennai City 2,C749,601517.0,Selva Kamatchi Agencies,Invoice No 974822656 Date 25/4/2026 LLR No MMA10141608 Date 26/4/2026 DUE Code No 14378939 NECAFE SUNRISE SAC 30(156X1.6G )TN NR 4 N2 IN (TWO) POLY BAG (2) VEHICLE NO TN19AW6143 DRIVER NAME M BASKER MOBILE No 9342211658,BI-Stock Shortages,Closed,INPRAKASMA1,2026-08-06 14:17:00,,Closed,GT Distributors,CCI Logistics Limited,2026.0,4.0,Apr,2026-04,Q2,1.0,Closed,Other Problem | Transit Shortage | Shortage during transportation | Owner: Transporter/Logistics,Transit Shortage,Transporter/Logistics,Stock Shortage; Transit,974822656,,TN19AW6143,,,,,,1.0,1.0,0.0,0.0,0.0,0.0,0.0,0.0,0.0,0.0,0.0,63,Closed,>15 Days
601713-20260428-185901,2026-04-28 18:59:02,2026-04-28,,South Branch,L5 IN Andhrapradesh 4,C749,601713.0,Tadikonda Koteswara Rao &Company,I AM UNABLE TO LOGIN TO THE SDS PORTAL AS I'M NOT RECEIVING THE OTP ON MY REGISTERED EMAIL ID,BI-Any other,Closed,INPRAKASMA1,2026-08-06 14:17:00,,Not Related to DC,,,2026.0,4.0,Apr,2026-04,Q2,1.0,Closed,Other Problem | System / Application Issue | SDS login OTP not received | Owner: IT/SDS Support,System / Application Issue,IT/SDS Support,System/Application; Login/OTP,,,,,,,,,0.0,0.0,0.0,0.0,0.0,0.0,0.0,0.0,0.0,0.0,0.0,63,Closed,>15 Days
601738-20260428-122807,2026-04-28 12:28:08,2026-04-28,,South Branch,L5 IN Tamil Nadu 2,B744,601738.0,V.G.Rajamani Agencies (P) LTD,INV NO:959176859 DATED 27.04.2026,BI-Any other,Closed,INPRAKASMA1,2026-08-06 14:17:00,,Closed,GT Distributors,M S P Transports,2026.0,4.0,Apr,2026-04,Q2,1.0,Closed,Warehouse Problem | Stock Excess | Excess quantity received | Owner: Warehouse/DC,Stock Excess,Warehouse/DC,Stock Shortage; Stock Excess,959176859,,,12614453,,61050454X1,220; 95,3 CASES,0.0,1.0,0.0,1.0,0.0,0.0,0.0,0.0,0.0,0.0,0.0,63,Closed,>15 Days
601738-20260428-123350,2026-04-28 12:33:51,2026-04-28,,South Branch,L5 IN Tamil Nadu 2,B744,601738.0,V.G.Rajamani Agencies (P) LTD,INV NO:959176722 DATED 26.04.2026,BI-Damages,Closed,INPRAKASMA1,2026-08-06 14:17:00,,Closed,GT Distributors,KKP Express,2026.0,4.0,Apr,2026-04,Q2,1.0,Closed,Warehouse Problem | Product Damage | Damaged stock at receipt | Owner: Warehouse/DC,Product Damage,Warehouse/DC,Damage,959176722,,,14176172; 12567336,,60161530MB; 60621530MA,45,1 CASE,0.0,0.0,1.0,0.0,0.0,0.0,0.0,0.0,0.0,0.0,0.0,63,Closed,>15 Days
601780-20260428-121510,2026-04-28 12:15:10,2026-04-28,,South Branch,L5 IN Hyderabad 1,2032,601780.0,Vijeta Enterprises,"INV NO : 1099848277, DATE: 28-04-2026",BI-Stock Shortages,Pending,,,,Pending,GT Distributors,Jurigari Private Limited,2026.0,4.0,Apr,2026-04,Q2,1.0,Open / Pending,Warehouse Problem | Stock Shortage | Short or not-received quantity | Owner: Warehouse/DC,Stock Shortage,Warehouse/DC,Stock Shortage,1099848277,,,,"MAGGI PAZZTA Masala 48x139g, MRP 68/-; MAGGI Ntr-lcs Oats Millets 24x298g, MRP 140/-; NESTLE SLIM Skmd Milk TBrik 12x1L, MRP 97/-",,68; 140; 97,5 CS; 4 CS; 1 CS; 51 CS; 49 CS; 2 CS; 3 CS,0.0,1.0,0.0,0.0,0.0,0.0,0.0,0.0,0.0,0.0,0.0,63,Pending,>15 Days
6077575-20260428-133438,2026-04-28 13:34:39,2026-04-28,,South Branch,L5 IN Andhra Pradesh Purina,2032,6077575.0,Blitzhaus Pet Mart.,"inv 1099843727 dt 02.04.2026,",BI-Damages,Closed,INPRAKASMA1,2026-03-07 19:56:00,,Closed,Pet Food-Distributor,TCI Supply Chain Solutions (A Divn.,2026.0,4.0,Apr,2026-04,Q2,1.0,Closed,Other Problem | Transit Damage | Damage during transportation | Owner: Transporter/Logistics,Transit Damage,Transporter/Logistics,Damage; Transit,1099843727,,,125818385,,,,1 PC,1.0,0.0,1.0,0.0,0.0,0.0,0.0,0.0,0.0,0.0,0.0,63,Closed,>15 Days
6077575-20260428-133609,2026-04-28 13:36:10,2026-04-28,,South Branch,L5 IN Andhra Pradesh Purina,2032,6077575.0,Blitzhaus Pet Mart.,inv 1099845046 dt 09.04.2026,BI-Damages,Closed,INPRAKASMA1,2026-03-07 19:56:00,,Closed,Pet Food-Distributor,Shanom Bolt Logistics Private,2026.0,4.0,Apr,2026-04,Q2,1.0,Closed,Other Problem | Transit Damage | Damage during transportation | Owner: Transporter/Logistics,Transit Damage,Transporter/Logistics,Damage; Transit,1099845046,,,12353192,,,,1 PC,1.0,0.0,1.0,0.0,0.0,0.0,0.0,0.0,0.0,0.0,0.0,63,Closed,>15 Days
6077575-20260428-133757,2026-04-28 13:37:58,2026-04-28,,South Branch,L5 IN Andhra Pradesh Purina,2032,6077575.0,Blitzhaus Pet Mart.,INV 1099845837 DT 14.04.2026,BI-Damages,Closed,INPRAKASMA1,2026-03-07 19:56:00,,Closed,Pet Food-Distributor,Shanom Bolt Logistics Private,2026.0,4.0,Apr,2026-04,Q2,1.0,Closed,Other Problem | Transit Damage | Damage during transportation | Owner: Transporter/Logistics,Transit Damage,Transporter/Logistics,Damage; Transit,1099845837,,,12400230; 12353192,,,,1 PC; 3 PC,1.0,0.0,1.0,0.0,0.0,0.0,0.0,0.0,0.0,0.0,0.0,63,Closed,>15 Days
6077575-20260428-134006,2026-04-28 13:40:07,2026-04-28,,South Branch,L5 IN Andhra Pradesh Purina,2032,6077575.0,Blitzhaus Pet Mart.,INV 1099847752 DT 25.04.2026,BI-Damages,Closed,INPRAKASMA1,2026-03-07 19:56:00,,Closed,Pet Food-Distributor,Glovis India Private Limited,2026.0,4.0,Apr,2026-04,Q2,1.0,Closed,Other Problem | Transit Damage | Damage during transportation | Owner: Transporter/Logistics,Transit Damage,Transporter/Logistics,Damage; Transit,1099847752,,,12353192,,,,7 PC; 9 PC,1.0,0.0,1.0,0.0,0.0,0.0,0.0,0.0,0.0,0.0,0.0,63,Closed,>15 Days
6204243-20260428-183709,2026-04-28 18:37:10,2026-04-28,,South Branch,L5 IN Karnataka Purina,B929,6204243.0,GM VENTURES,Damaged goods received from CFA,BI-Damages,Closed,INPRAKASMA1,2026-08-06 14:17:00,,Closed,Pet Food-Distributor,KKP Express,2026.0,4.0,Apr,2026-04,Q2,1.0,Closed,Other Problem | Transit Damage | Damage during transportation | Owner: Transporter/Logistics,Transit Damage,Transporter/Logistics,Damage; Transit,938424546,,KA01B0603,,Suparcoat adult chicken 20kg  -1 bag,,,,1.0,0.0,1.0,0.0,0.0,0.0,0.0,0.0,0.0,0.0,0.0,63,Closed,>15 Days
6217756-20260428-173738,2026-04-28 17:37:39,2026-04-28,,South Branch,L5 IN Andhra Pradesh NP,2032,6217756.0,Shreenath Agencies,Received an Order to Shreenath on 28/04/2026,BI-Expiry / Bad Goods,Closed,INPRAKASMA1,2026-03-07 19:56:00,,Closed,NP-Distributor,Shanom Bolt Logistics Private,2026.0,4.0,Apr,2026-04,Q2,1.0,Closed,Warehouse Problem | Expiry / Short Expiry | Expired or insufficient shelf-life stock | Owner: Warehouse/DC,Expiry / Short Expiry,Warehouse/DC,Expiry; Commercial/Billing,10998482253,,,,,,,1 CASE,1.0,0.0,0.0,0.0,0.0,0.0,0.0,1.0,0.0,0.0,0.0,63,Closed,>15 Days
6824058-20260428-124743,2026-04-28 12:47:44,2026-04-28,,South Branch,L5 IN Karnataka 1,B929,6824058.0,Aarav Associates,"Dear Team,",BI-Any other,Closed,INPRAKASMA1,2026-08-06 14:17:00,,Closed,GT Distributors,Diptab Ventures Pvt ltd,2026.0,4.0,Apr,2026-04,Q2,1.0,Closed,Warehouse Problem | Expiry / Short Expiry | Expired or insufficient shelf-life stock | Owner: Warehouse/DC,Expiry / Short Expiry,Warehouse/DC,Expiry; Return,938423924,,,,NESTLE Munch Cereal 32x120g IN,6047T246DA,70,1 CASE,0.0,0.0,0.0,0.0,0.0,0.0,0.0,1.0,0.0,0.0,0.0,63,Closed,>15 Days
6824058-20260428-130400,2026-04-28 13:04:01,2026-04-28,,South Branch,L5 IN Karnataka 1,B929,6824058.0,Aarav Associates,"Dear Team,",BI-Any other,Closed,INPRAKASMA1,2026-08-06 14:17:00,,Not Related to DC,,,2026.0,4.0,Apr,2026-04,Q2,1.0,Closed,Other Problem | Return / Replacement | Return or replacement request | Owner: Customer Service/Commercial,Return / Replacement,Customer Service/Commercial,Return,938424371,,,,NAN PRE HMF DSH001 6(51x1g) IN,53510017L1,2670,1 CASE,0.0,0.0,0.0,0.0,0.0,0.0,0.0,0.0,0.0,0.0,0.0,63,Closed,>15 Days
6824058-20260428-130623,2026-04-28 13:06:23,2026-04-28,,South Branch,L5 IN Karnataka 1,B929,6824058.0,Aarav Associates,"Dear Team,",BI-Any other,Closed,INPRAKASMA1,2026-08-06 14:17:00,,Not Related to DC,,,2026.0,4.0,Apr,2026-04,Q2,1.0,Closed,Other Problem | Return / Replacement | Return or replacement request | Owner: Customer Service/Commercial,Return / Replacement,Customer Service/Commercial,Return,938424370,,,,NAN PRE HMF DSH001 6(51x1g) IN,53510017L1,2670,1 CASE,0.0,0.0,0.0,0.0,0.0,0.0,0.0,0.0,0.0,0.0,0.0,63,Closed,>15 Days
6824058-20260428-131520,2026-04-28 13:15:20,2026-04-28,,South Branch,L5 IN Karnataka 1,B929,6824058.0,Aarav Associates,"Dear Team,",BI-Any other,Closed,INPRAKASMA1,2026-08-06 14:17:00,,Not Related to DC,,,2026.0,4.0,Apr,2026-04,Q2,1.0,Closed,Warehouse Problem | Expiry / Short Expiry | Expired or insufficient shelf-life stock | Owner: Warehouse/DC,Expiry / Short Expiry,Warehouse/DC,Expiry; Return,938424373,,,,CERELAC STA3 Whe Ri MixVeg 24x300g ZS IN,60820451DA,290,1 CASE,0.0,0.0,0.0,0.0,0.0,0.0,0.0,1.0,0.0,0.0,0.0,63,Closed,>15 Days
6852868-20260428-163605,2026-04-28 16:36:05,2026-04-28,,South Branch,L5 IN Andhra Pradesh NP,2032,6852868.0,18MILES,The stock for Order ID: 4083514531- Invoice No: 1099842467- Nescafe Gold Original Rs. 1450 SKU has been invoiced for Rs. 1450 but stocks received for Rs. 1290. This has been repeated 3rd time. The 2 cases have been returned but credit note is still pending. Kindly issue credit note for 2 cases returned,BI-Returns,Closed,INPRAKASMA1,2026-03-07 19:56:00,,Closed,NP-Distributor,TCI Supply Chain Solutions (A Divn.,2026.0,4.0,Apr,2026-04,Q2,1.0,Closed,Other Problem | Credit Note / Billing | Commercial or invoice-processing issue | Owner: Commercial/Billing,Credit Note / Billing,Commercial/Billing,Commercial/Billing; Return,1099842467,,,,,,,2 CASES,1.0,0.0,0.0,0.0,0.0,0.0,0.0,0.0,0.0,0.0,0.0,63,Closed,>15 Days
6852868-20260428-164006,2026-04-28 16:40:07,2026-04-28,,South Branch,L5 IN Andhra Pradesh NP,2032,6852868.0,18MILES,"Damage and wet cartons of chocolate- Kitkat Rs. 25 SKU received. 5Cases were returned due to rain damage. The credit note is to be issued for the returned 5 Cases.Order ID: 4077104955, Invoice No.: 1099847548",BI-Damages,Closed,INPRAKASMA1,2026-03-07 19:56:00,,Closed,NP-Distributor,Jurigari Private Limited,2026.0,4.0,Apr,2026-04,Q2,1.0,Closed,Other Problem | Transit Damage | Damage during transportation | Owner: Transporter/Logistics,Transit Damage,Transporter/Logistics,Damage; Commercial/Billing; Return; Transit,,,,,,,,5 CASES,1.0,0.0,1.0,0.0,0.0,0.0,0.0,0.0,0.0,0.0,0.0,63,Closed,>15 Days
7083698-20260428-104644,2026-04-28 10:46:45,2026-04-28,,South Branch,L5 IN Bangalore City 2,B929,7083698.0,Intelligent Retail Private Limited,"We have received ""13757661"" - 'POLO Big Roll Jar12((68+4)x13.5g)4UFr IN', MRP-5, 1 cases shortage for Invoice# 938424270 dated 25/04/2026",BI-Stock Shortages,Closed,INPRAKASMA1,2026-08-06 14:17:00,,Closed,GT Distributors,KKP Express,2026.0,4.0,Apr,2026-04,Q2,1.0,Closed,Warehouse Problem | Stock Shortage | Short or not-received quantity | Owner: Warehouse/DC,Stock Shortage,Warehouse/DC,Stock Shortage,938424270,,,,,,5,1 CASES,0.0,1.0,0.0,0.0,0.0,0.0,0.0,0.0,0.0,0.0,0.0,63,Closed,>15 Days
7083698-20260428-104744,2026-04-28 10:47:45,2026-04-28,,South Branch,L5 IN Bangalore City 2,B929,7083698.0,Intelligent Retail Private Limited,"We have received ""14176172"" - 'NESCAFE Mocha 30x180ml NR IN', MRP-45, 2 cases shortage for Invoice# 938424273 dated 25/04/2026",BI-Stock Shortages,Closed,INPRAKASMA1,2026-08-06 14:17:00,,Closed,GT Distributors,KKP Express,2026.0,4.0,Apr,2026-04,Q2,1.0,Closed,Warehouse Problem | Stock Shortage | Short or not-received quantity | Owner: Warehouse/DC,Stock Shortage,Warehouse/DC,Stock Shortage,938424273,,,,,,45,2 CASES,0.0,1.0,0.0,0.0,0.0,0.0,0.0,0.0,0.0,0.0,0.0,63,Closed,>15 Days
724111-20260428-111839,2026-04-28 11:18:40,2026-04-28,,South Branch,L5 IN Karnataka 2,B929,724111.0,Munavalli Associates,TOM KET 480G 115/- INVOICED STOCK ...RECIVED TOM KET 480G  108 /-  LR NO:305934 INVOICE NO: 938424096,BI-Batch Related Issues,Closed,INPRAKASMA1,2026-08-06 14:17:00,,Closed,GT Distributors,Delhi Punjab Roadlines,2026.0,4.0,Apr,2026-04,Q2,1.0,Closed,Warehouse Problem | Batch Mismatch | Billed versus received batch mismatch | Owner: Warehouse/DC,Batch Mismatch,Warehouse/DC,Batch Mismatch,938424096,305934,,,,,,,0.0,0.0,0.0,0.0,0.0,0.0,1.0,0.0,0.0,0.0,0.0,63,Closed,>15 Days
6903453-20260427-124433,2026-04-27 12:44:34,2026-04-27,,South Branch,L5 IN Chennai Rural,C749,6903453.0,Adithya Enterprises,CERELAC STG2 Whe App Chry 24x360g WS IN,BI-Stock Shortages,Closed,INPRAKASMA1,2026-08-06 14:17:00,,Closed,GT Distributors,CCI Logistics Limited,2026.0,4.0,Apr,2026-04,Q2,1.0,Closed,Warehouse Problem | Stock Shortage | Short or not-received quantity | Owner: Warehouse/DC,Stock Shortage,Warehouse/DC,Stock Shortage,974822697,,TN09BW4079,,,60800453A7,299,1 CS,0.0,1.0,0.0,0.0,0.0,0.0,0.0,0.0,0.0,0.0,0.0,64,Closed,>15 Days
7083062-20260427-170809,2026-04-27 17:08:09,2026-04-27,,South Branch,L5 IN Karnataka 3,B929,7083062.0,Sri Venkateshwara Distributors,Product code 14199858,BI-Any other,Closed,INPRAKASMA1,2026-08-06 14:17:00,,Closed,GT Distributors,,2026.0,4.0,Apr,2026-04,Q2,1.0,Closed,Warehouse Problem | Stock Shortage | Short or not-received quantity | Owner: Warehouse/DC,Stock Shortage,Warehouse/DC,Stock Shortage,,,,14199858,,61050454P1,,,0.0,1.0,0.0,0.0,0.0,0.0,0.0,0.0,0.0,0.0,0.0,64,Closed,>15 Days
3068405-20260425-111248,2026-04-25 11:12:48,2026-04-25,,South Branch,L5 IN Karnataka 3,B929,3068405.0,D V Janardhana Setty & Son,RECEIVED 1 CASE OF MAGGI SAUCE NONG 485 GM SHORTAGE,BI-Stock Shortages,Closed,INPRAKASMA1,2026-08-06 14:17:00,,Closed,GT Distributors,Diptab Ventures Pvt ltd,2026.0,4.0,Apr,2026-04,Q2,1.0,Closed,Other Problem | Transit Shortage | Shortage during transportation | Owner: Transporter/Logistics,Transit Shortage,Transporter/Logistics,Stock Shortage; Transit,938423947,,,12595301,,,,1 CASE,1.0,1.0,0.0,0.0,0.0,0.0,0.0,0.0,0.0,0.0,0.0,66,Closed,>15 Days
601366-20260425-115607,2026-04-25 11:56:08,2026-04-25,,South Branch,L5 IN Karnataka 1,B929,601366.0,Pai Traders,MRP CHANGES IN RECEIVED STOCK AND INVOICED STOCK,BI-Batch Related Issues,Closed,INPRAKASMA1,2026-08-06 14:17:00,,Closed,GT Distributors,Bharath Transport Company,2026.0,4.0,Apr,2026-04,Q2,1.0,Closed,Warehouse Problem | MRP / Price Mismatch | Billed versus received MRP mismatch | Owner: Warehouse/DC,MRP / Price Mismatch,Warehouse/DC,MRP Mismatch,938396684,,,,,,445; 320,1 CASE,0.0,0.0,0.0,0.0,1.0,0.0,0.0,0.0,0.0,0.0,0.0,66,Closed,>15 Days
601366-20260425-121036,2026-04-25 12:10:36,2026-04-25,,South Branch,L5 IN Karnataka 1,B929,601366.0,Pai Traders,MRP CHANGES IN INVOICED QTY AND RECEIVED QTY,BI-Batch Related Issues,Closed,INPRAKASMA1,2026-08-06 14:17:00,,Closed,GT Distributors,Diptab Ventures Pvt ltd,2026.0,4.0,Apr,2026-04,Q2,1.0,Closed,Warehouse Problem | MRP / Price Mismatch | Billed versus received MRP mismatch | Owner: Warehouse/DC,MRP / Price Mismatch,Warehouse/DC,MRP Mismatch,938408743,,,,,,178; 159,1 CASE,0.0,0.0,0.0,0.0,1.0,0.0,0.0,0.0,0.0,0.0,0.0,66,Closed,>15 Days
601366-20260425-121214,2026-04-25 12:12:14,2026-04-25,,South Branch,L5 IN Karnataka 1,B929,601366.0,Pai Traders,MRP CHANGES IN INVOICED QTY AND RECEIVED QTY,BI-Batch Related Issues,Closed,INPRAKASMA1,2026-08-06 14:17:00,,Closed,GT Distributors,AVG Logistics Limited,2026.0,4.0,Apr,2026-04,Q2,1.0,Closed,Warehouse Problem | MRP / Price Mismatch | Billed versus received MRP mismatch | Owner: Warehouse/DC,MRP / Price Mismatch,Warehouse/DC,MRP Mismatch,938409482,,,,,,20; 10,1 CASE,0.0,0.0,0.0,0.0,1.0,0.0,0.0,0.0,0.0,0.0,0.0,66,Closed,>15 Days
601780-20260425-145140,2026-04-25 14:51:40,2026-04-25,,South Branch,L5 IN Hyderabad 1,2032,601780.0,Vijeta Enterprises,"INV NO: 1099847738, DATE:25-04-26",BI-Stock Shortages,Pending,,,,Pending,GT Distributors,Glovis India Private Limited,2026.0,4.0,Apr,2026-04,Q2,1.0,Open / Pending,Warehouse Problem | Stock Shortage | Short or not-received quantity | Owner: Warehouse/DC,Stock Shortage,Warehouse/DC,Stock Shortage,1099847738,,,,"NESTLE SLIM Skmd Milk TBrik 12x1L, MRP-97/-",,97,15 CS,0.0,1.0,0.0,0.0,0.0,0.0,0.0,0.0,0.0,0.0,0.0,66,Pending,>15 Days
601780-20260425-145804,2026-04-25 14:58:04,2026-04-25,,South Branch,L5 IN Hyderabad 1,2032,601780.0,Vijeta Enterprises,"INV NO :1099847740, DATE: 25-04-26",BI-Stock Shortages,Pending,,,,Pending,GT Distributors,Glovis India Private Limited,2026.0,4.0,Apr,2026-04,Q2,1.0,Open / Pending,Warehouse Problem | Stock Shortage | Short or not-received quantity | Owner: Warehouse/DC,Stock Shortage,Warehouse/DC,Stock Shortage,1099847740,,,,"NESCAFE Clas Black Roast Jar 24x90g, MRP 520/-; NESTLE SLIM Skmd Milk TBrik 12x1L, MRP 97/-; MAGGI Ntr-lcs Atta 24x290g,MRP 108/-",,520; 97; 108,5 CS; 2 CS; 1 CS; 25 CS; 36 CS; 35 CS,0.0,1.0,0.0,0.0,0.0,0.0,0.0,0.0,0.0,0.0,0.0,66,Pending,>15 Days
601780-20260425-150244,2026-04-25 15:02:44,2026-04-25,,South Branch,L5 IN Hyderabad 1,2032,601780.0,Vijeta Enterprises,"INV NO :1099847714, DATE: 25-04-26",BI-Stock Shortages,Pending,,,,Pending,GT Distributors,Glovis India Private Limited,2026.0,4.0,Apr,2026-04,Q2,1.0,Open / Pending,Warehouse Problem | Expiry / Short Expiry | Expired or insufficient shelf-life stock | Owner: Warehouse/DC,Expiry / Short Expiry,Warehouse/DC,Expiry,1099847714,,,,"LACTOGEN PRO 2 BIB 24x200g, MRP 235/-",,235,1 CS,0.0,0.0,0.0,0.0,0.0,0.0,0.0,1.0,0.0,0.0,0.0,66,Pending,>15 Days
6912092-20260425-152651,2026-04-25 15:26:51,2026-04-25,,South Branch,L5 IN Karnataka 3,B929,6912092.0,Intelligent Retail Private Limited,Product Code : 12359021,BI-Stock Shortages,Closed,INPRAKASMA1,2026-08-06 14:17:00,,Closed,GT Distributors,Lets,2026.0,4.0,Apr,2026-04,Q2,1.0,Closed,Other Problem | Transit Shortage | Shortage during transportation | Owner: Transporter/Logistics,Transit Shortage,Transporter/Logistics,Stock Shortage; Transit,,A214208,KA-25C-4403,12359021,SUNRISE EXTRA Sachet 12(5x200g) PR MB IN,61030452VA,1246,2 CS,1.0,1.0,0.0,0.0,0.0,0.0,0.0,0.0,0.0,0.0,0.0,66,Closed,>15 Days
7012481-20260425-165405,2026-04-25 16:54:06,2026-04-25,,South Branch,L5 IN Hyderabad 1,2032,7012481.0,S V Enterprises,INV-1099847422,BI-Stock Shortages,Closed,INPRAKASMA1,2026-03-07 19:56:00,,Closed,GT Distributors,Glovis India Private Limited,2026.0,4.0,Apr,2026-04,Q2,1.0,Closed,Other Problem | Non-Warehouse Shortage | Warehouse dispatch verified; investigate transit/distributor | Owner: Transporter/Distributor,Non-Warehouse Shortage,Transporter/Distributor,Stock Shortage,1099847422,,AP37TC1201,,,,,1 CASE,1.0,1.0,0.0,0.0,0.0,0.0,0.0,0.0,0.0,0.0,0.0,66,Closed,>15 Days
7016001-20260425-140222,2026-04-25 14:02:23,2026-04-25,,South Branch,L5 IN Tamil Nadu 4,B744,7016001.0,Crescent Agencies,IN:NO:959176403 IN:DATE:24/04/2026,BI-Damages,Closed,INPRAKASMA1,2026-08-06 14:17:00,,Closed,GT Distributors,Tamilnadu Transport Company,2026.0,4.0,Apr,2026-04,Q2,1.0,Closed,Warehouse Problem | Product Damage | Damaged stock at receipt | Owner: Warehouse/DC,Product Damage,Warehouse/DC,Damage,,,,12601916; 14397512,CERELAC STG1Ragi Apple ZS24x300g IN MRP :300; CERELAC STG1 Wht App Carrot24x330gZS IN,,300; 260,2 PCS; 1 PC,0.0,0.0,1.0,0.0,0.0,0.0,0.0,0.0,0.0,0.0,0.0,66,Closed,>15 Days
7366995-20260425-121647,2026-04-25 12:16:48,2026-04-25,,South Branch,L5 IN Hyderabad 2,2032,7366995.0,Intelligent Retail Private Limited,INV NUMBER- 1099847476,BI-Stock Shortages,Closed,INPRAKASMA1,2026-03-07 19:56:00,,Closed,GT Distributors,Glovis India Private Limited,2026.0,4.0,Apr,2026-04,Q2,1.0,Closed,Other Problem | Non-Warehouse Shortage | Warehouse dispatch verified; investigate transit/distributor | Owner: Transporter/Distributor,Non-Warehouse Shortage,Transporter/Distributor,Stock Shortage,1099847476,DETAILS,TS08UH1247,,,,,1 CASE,1.0,1.0,0.0,0.0,0.0,0.0,0.0,0.0,0.0,0.0,0.0,66,Closed,>15 Days
7447235-20260425-114712,2026-04-25 11:47:12,2026-04-25,,South Branch,L5 IN Tamil Nadu 4,B744,7447235.0,Silver Agencies,INVOICE NO: 959176239,BI-Stock Shortages,Closed,INPRAKASMA1,2026-08-06 14:17:00,,Closed,GT Distributors,J P Transport,2026.0,4.0,Apr,2026-04,Q2,1.0,Closed,Other Problem | Transit Shortage | Shortage during transportation | Owner: Transporter/Logistics,Transit Shortage,Transporter/Logistics,Stock Shortage; Transit,959176239,,,,MAGGI CHKN 76G,,,,1.0,1.0,0.0,0.0,0.0,0.0,0.0,0.0,0.0,0.0,0.0,66,Closed,>15 Days
7466101-20260425-135952,2026-04-25 13:59:52,2026-04-25,,South Branch,L5 IN Bangalore City 2,B929,7466101.0,Prime Marketing,"We have received 1 cs shortage of Sunrise 5 RS in shipment, Inv Number - 938415944 dated : 20 March",BI-Stock Shortages,Reopened,,,,Closed,GT Distributors,Diptab Ventures Pvt ltd,2026.0,4.0,Apr,2026-04,Q2,1.0,Closed,Other Problem | Transit Shortage | Shortage during transportation | Owner: Transporter/Logistics,Transit Shortage,Transporter/Logistics,Stock Shortage; Transit,938415944,,,,,,,1 CS,1.0,1.0,0.0,0.0,0.0,0.0,0.0,0.0,0.0,0.0,0.0,66,Reopened,>15 Days
600985-20260424-132434,2026-04-24 13:24:34,2026-04-24,,South Branch,L5 IN Hyderabad 2,2032,600985.0,Amrutha Enterprises,Invoice Number ; 1099847193,BI-Damages,Closed,INPRAKASMA1,2026-03-07 19:56:00,,Closed,GT Distributors,Jurigari Private Limited,2026.0,4.0,Apr,2026-04,Q2,1.0,Closed,Other Problem | Transit Damage | Damage during transportation | Owner: Transporter/Logistics,Transit Damage,Transporter/Logistics,Damage; Transit,1099847193,5246,,,CERELAC STG1 Wht App Carrot 24x330gZS IN  MRP 260 /-  1 PC  Damage,,260,1 PC,1.0,0.0,1.0,0.0,0.0,0.0,0.0,0.0,0.0,0.0,0.0,67,Closed,>15 Days
601713-20260424-180856,2026-04-24 18:08:57,2026-04-24,,South Branch,L5 IN Andhrapradesh 4,D915,601713.0,Tadikonda Koteswara Rao &Company,I AM UNABLE TO LOGIN TO THE SDS PORTAL AS I'M NOT RECEIVING THE OTP ON MY REGISTERED EMAIL ID,BI-Any other,Closed,INPRAKASMA1,2026-08-06 14:17:00,,Not Related to DC,,,2026.0,4.0,Apr,2026-04,Q2,1.0,Closed,Other Problem | System / Application Issue | SDS login OTP not received | Owner: IT/SDS Support,System / Application Issue,IT/SDS Support,System/Application; Login/OTP,,,,,,,,,0.0,0.0,0.0,0.0,0.0,0.0,0.0,0.0,0.0,0.0,0.0,67,Closed,>15 Days
601738-20260424-130545,2026-04-24 13:05:46,2026-04-24,,South Branch,L5 IN Tamil Nadu 2,B744,601738.0,V.G.Rajamani Agencies (P) LTD,INV NO: 959176144 DATED 23.04.2026,BI-Any other,Closed,INPRAKASMA1,2026-08-06 14:17:00,,Closed,GT Distributors,KKP Express,2026.0,4.0,Apr,2026-04,Q2,1.0,Closed,Warehouse Problem | Stock Excess | Excess quantity received | Owner: Warehouse/DC,Stock Excess,Warehouse/DC,Stock Shortage; Stock Excess,959176144,,,12595301; 12601761,,60970455HB; 60810451FA,113,1 CASE,0.0,1.0,0.0,1.0,0.0,0.0,0.0,0.0,0.0,0.0,0.0,67,Closed,>15 Days
6077584-20260424-132423,2026-04-24 13:24:24,2026-04-24,,South Branch,L5 IN Karnataka 1,B929,6077584.0,S L V Enterprises,"1Cs milkmaid damaged during transits ,",BI-Damages,Closed,INPRAKASMA1,2026-08-06 14:17:00,,Closed,GT Distributors,Diptab Ventures Pvt ltd,2026.0,4.0,Apr,2026-04,Q2,1.0,Closed,Other Problem | Transit Damage | Damage during transportation | Owner: Transporter/Logistics,Transit Damage,Transporter/Logistics,Damage; Transit,,,,,,,,1 CS,1.0,0.0,1.0,0.0,0.0,0.0,0.0,0.0,0.0,0.0,0.0,67,Closed,>15 Days
6960711-20260424-140645,2026-04-24 14:06:45,2026-04-24,,South Branch,L5 IN Andhrapradesh 4,C749,6960711.0,Tadepalli Eswararao Son,INV NO 1099846612,BI-Any other,Closed,INPRAKASMA1,2026-08-06 14:17:00,,Closed,GT Distributors,Glovis India Private Limited,2026.0,4.0,Apr,2026-04,Q2,1.0,Closed,Warehouse Problem | Expiry / Short Expiry | Near-expiry stock with June 2026 expiry | Owner: Warehouse/DC,Expiry / Short Expiry,Warehouse/DC,Expiry,1099846612,,,,,,450,,0.0,0.0,0.0,0.0,0.0,0.0,0.0,1.0,0.0,0.0,0.0,67,Closed,>15 Days
4766881-20260423-155354,2026-04-23 15:53:54,2026-04-23,,South Branch,L5 IN Hyderabad 2,2032,4766881.0,Balaji Agencies,"invoice No.1099847480 dt 23.04.2026 Maggi Noodles 24x300g code 13680087 MRP 58/-  30c/s short received from C&F L.R No. 5266 transport JURIGARI PVT LTD., Truck NO. TS12UC2942",BI-Stock Shortages,Closed,INPRAKASMA1,2026-03-07 19:56:00,,Closed,GT Distributors,Jurigari Private Limited,2026.0,4.0,Apr,2026-04,Q2,1.0,Closed,Other Problem | Non-Warehouse Shortage | Warehouse dispatch verified; investigate transit/distributor | Owner: Transporter/Distributor,Non-Warehouse Shortage,Transporter/Distributor,Stock Shortage; MRP Mismatch,,,,,,,58,,1.0,1.0,0.0,0.0,1.0,0.0,0.0,0.0,0.0,0.0,0.0,68,Closed,>15 Days
601086-20260423-122907,2026-04-23 12:29:07,2026-04-23,,South Branch,L5 IN Chennai Rural,C749,601086.0,Deva Trading Company,In a sealed case of maggi 75g--- 10found shortage in the outlet by name  MATHI STORE vide bill no 43164 dt 16.04.26 in Batch No.60670452BA . Outlet has sent  photos of the shortages which was forwarded to Sales Officer. request to issue a credit note for the same,BI-Any other,Closed,INPRAKASMA1,2026-08-06 14:17:00,,Closed,GT Distributors,Not Related to DC,2026.0,4.0,Apr,2026-04,Q2,1.0,Closed,Warehouse Problem | Stock Shortage | Short or not-received quantity | Owner: Warehouse/DC,Stock Shortage,Warehouse/DC,Stock Shortage; Commercial/Billing,,,,,,,,,0.0,1.0,0.0,0.0,0.0,0.0,0.0,0.0,0.0,0.0,0.0,68,Closed,>15 Days
601086-20260423-123552,2026-04-23 12:35:52,2026-04-23,,South Branch,L5 IN Chennai Rural,C749,601086.0,Deva Trading Company,In a sealed case of SUNRISE SAC1.6G--- 468 found shortage in the outlet by name  MATHINA STORE vide bill no 43163 dt 16.4.26 in Batch No.610104529A . Outlet has sent  photos of the shortages which was forwarded to Sales Officer. request to issue a credit note for the same,BI-Any other,Closed,INPRAKASMA1,2026-08-06 14:17:00,,Closed,GT Distributors,Not Related to DC,2026.0,4.0,Apr,2026-04,Q2,1.0,Closed,Warehouse Problem | Stock Shortage | Short or not-received quantity | Owner: Warehouse/DC,Stock Shortage,Warehouse/DC,Stock Shortage; Commercial/Billing,,,,,,,,,0.0,1.0,0.0,0.0,0.0,0.0,0.0,0.0,0.0,0.0,0.0,68,Closed,>15 Days
601550-20260423-145158,2026-04-23 14:51:58,2026-04-23,,South Branch,L5 IN Karnataka 1,B929,601550.0,Shri Vinayaka Agencies,sunrise 5Rs. 442 pcs,BI-Stock Shortages,Closed,INPRAKASMA1,2026-08-06 14:17:00,,Closed,GT Distributors,Not Related to DC,2026.0,4.0,Apr,2026-04,Q2,1.0,Closed,Warehouse Problem | Stock Shortage | Short or not-received quantity | Owner: Warehouse/DC,Stock Shortage,Warehouse/DC,Stock Shortage,,,,,,,160; 39,442 PCS; 48 PCS; 2 PCS; 1 PC; 92 PCS,0.0,1.0,0.0,0.0,0.0,0.0,0.0,0.0,0.0,0.0,0.0,68,Closed,>15 Days
601713-20260423-124059,2026-04-23 12:40:59,2026-04-23,,South Branch,L5 IN Andhrapradesh 4,D915,601713.0,Tadikonda Koteswara Rao &Company,I AM UNABLE TO LOGIN TO THE SDS PORTAL AS I'M NOT RECEIVING THE OTP ON MY REGISTERED EMAIL ID,BI-Any other,Closed,INPRAKASMA1,2026-08-06 14:17:00,,Not Related to DC,,,2026.0,4.0,Apr,2026-04,Q2,1.0,Closed,Other Problem | System / Application Issue | SDS login OTP not received | Owner: IT/SDS Support,System / Application Issue,IT/SDS Support,System/Application; Login/OTP,,,,,,,,,0.0,0.0,0.0,0.0,0.0,0.0,0.0,0.0,0.0,0.0,0.0,68,Closed,>15 Days
601713-20260423-200046,2026-04-23 20:00:46,2026-04-23,,South Branch,L5 IN Andhrapradesh 4,D915,601713.0,Tadikonda Koteswara Rao &Company,I AM UNABLE TO LOGIN TO THE SDS PORTAL AS I'M NOT RECEIVING THE OTP ON MY REGISTERED EMAIL ID,BI-Any other,Closed,INPRAKASMA1,2026-08-06 14:17:00,,Not Related to DC,,,2026.0,4.0,Apr,2026-04,Q2,1.0,Closed,Other Problem | System / Application Issue | SDS login OTP not received | Owner: IT/SDS Support,System / Application Issue,IT/SDS Support,System/Application; Login/OTP,,,,,,,,,0.0,0.0,0.0,0.0,0.0,0.0,0.0,0.0,0.0,0.0,0.0,68,Closed,>15 Days
6248455-20260423-203759,2026-04-23 20:37:59,2026-04-23,,South Branch,L5 IN Karnataka 2,B929,6248455.0,Sasnur Traders,Invoiced 10 cases of rice veg MRP  290 batch no :- 60650453A1,BI-Batch Related Issues,Closed,INPRAKASMA1,2026-08-06 14:17:00,,Closed,GT Distributors,Diptab Ventures Pvt ltd,2026.0,4.0,Apr,2026-04,Q2,1.0,Closed,Warehouse Problem | MRP / Price Mismatch | Billed versus received MRP mismatch | Owner: Warehouse/DC,MRP / Price Mismatch,Warehouse/DC,MRP Mismatch,938423531,,,,,,290; 275,10 CASES; 6 CASES; 4 CASES,0.0,0.0,0.0,0.0,1.0,0.0,0.0,0.0,0.0,0.0,0.0,68,Closed,>15 Days
6022573-20260422-104205,2026-04-22 10:42:06,2026-04-22,,South Branch,L5 IN Kerala 1,C963,6022573.0,Yuvan Trading,Inv No:1365802296 Dated:07/04/2026,BI-Stock Shortages,Closed,INPRAKASMA1,2026-08-06 14:17:00,,Closed,GT Distributors,BlueWave Supply Chain,2026.0,4.0,Apr,2026-04,Q2,1.0,Closed,Warehouse Problem | Stock Shortage | Short or not-received quantity | Owner: Warehouse/DC,Stock Shortage,Warehouse/DC,Stock Shortage,1365802296,,KL04S7949,,,,,1 CASE,0.0,1.0,0.0,0.0,0.0,0.0,0.0,0.0,0.0,0.0,0.0,69,Closed,>15 Days
6022573-20260422-104623,2026-04-22 10:46:23,2026-04-22,,South Branch,L5 IN Kerala 1,C963,6022573.0,Yuvan Trading,Inv No.1365802790 Dated:16/04/2026,BI-Stock Shortages,Closed,INPRAKASMA1,2026-08-06 14:17:00,,Closed,GT Distributors,BlueWave Supply Chain,2026.0,4.0,Apr,2026-04,Q2,1.0,Closed,Warehouse Problem | Stock Shortage | Short or not-received quantity | Owner: Warehouse/DC,Stock Shortage,Warehouse/DC,Stock Shortage,,,,,,,,1 CASE,0.0,1.0,0.0,0.0,0.0,0.0,0.0,0.0,0.0,0.0,0.0,69,Closed,>15 Days
7256641-20260422-162520,2026-04-22 16:25:21,2026-04-22,,South Branch,L5 IN Chennai City 2,C749,7256641.0,Rathna Agencies,INV 974822047,BI-Stock Shortages,Closed,INPRAKASMA1,2026-08-06 14:17:00,,Closed,GT Distributors,Sakthi Jayavel Motors,2026.0,4.0,Apr,2026-04,Q2,1.0,Closed,Warehouse Problem | Stock Shortage | Short or not-received quantity | Owner: Warehouse/DC,Stock Shortage,Warehouse/DC,Stock Shortage,974822047,,,,,,,2 CS,0.0,1.0,0.0,0.0,0.0,0.0,0.0,0.0,0.0,0.0,0.0,69,Closed,>15 Days
4409276-20260421-201216,2026-04-21 20:12:17,2026-04-21,,South Branch,L5 IN Tamil Nadu 3,B744,4409276.0,Sri Lakshman Trading Corporation,INV.NO.959175471-20/4/26-PRODUCT CODE/BATCH-14102109-6005C711AA,BI-Damages,Closed,INPRAKASMA1,2026-08-06 14:17:00,,Closed,GT Distributors,Indian Express Cargo,2026.0,4.0,Apr,2026-04,Q2,1.0,Closed,Other Problem | Product Quality | Product condition / contamination issue | Owner: Product Quality,Product Quality,Product Quality,Product Quality,,,,,,14102109; 14378778; 13758152; 12617902; 13737115; 12956336,,,0.0,0.0,0.0,0.0,0.0,0.0,0.0,0.0,0.0,1.0,0.0,70,Closed,>15 Days
4409276-20260421-201546,2026-04-21 20:15:46,2026-04-21,,South Branch,L5 IN Tamil Nadu 3,B744,4409276.0,Sri Lakshman Trading Corporation,INV.NO.959175476-20/4/26,BI-Any other,Closed,INPRAKASMA1,2026-08-06 14:17:00,,Closed,GT Distributors,Indian Express Cargo,2026.0,4.0,Apr,2026-04,Q2,1.0,Closed,Other Problem | Product Quality | Product condition / contamination issue | Owner: Product Quality,Product Quality,Product Quality,Product Quality,,,,,,13718181; 14504152; 106061580; 12956336,,,0.0,0.0,0.0,0.0,0.0,0.0,0.0,0.0,0.0,1.0,0.0,70,Closed,>15 Days
4766881-20260421-154908,2026-04-21 15:49:08,2026-04-21,,South Branch,L5 IN Hyderabad 2,2032,4766881.0,Balaji Agencies,T KETUP 159/- 1CS SHORTRECIEVED IN INV NO 1099846905 DATE 20.04.2026 PRODUCT CODE12599497,BI-Stock Shortages,Closed,INPRAKASMA1,2026-03-07 19:56:00,,Closed,GT Distributors,Jurigari Private Limited,2026.0,4.0,Apr,2026-04,Q2,1.0,Closed,Other Problem | Non-Warehouse Shortage | Warehouse dispatch verified; investigate transit/distributor | Owner: Transporter/Distributor,Non-Warehouse Shortage,Transporter/Distributor,Stock Shortage,1099846905,,,12599497,,,,1 CS,1.0,1.0,0.0,0.0,0.0,0.0,0.0,0.0,0.0,0.0,0.0,70,Closed,>15 Days
601738-20260421-164659,2026-04-21 16:47:00,2026-04-21,,South Branch,L5 IN Tamil Nadu 2,B744,601738.0,V.G.Rajamani Agencies (P) LTD,INV NO: 959175164 DATED 18.04.2026,BI-Any other,Closed,INPRAKASMA1,2026-08-06 14:17:00,,Closed,GT Distributors,KKP Express,2026.0,4.0,Apr,2026-04,Q2,1.0,Closed,Warehouse Problem | Expiry / Short Expiry | Expired or insufficient shelf-life stock | Owner: Warehouse/DC,Expiry / Short Expiry,Warehouse/DC,Expiry; Commercial/Billing,959175164,,,12726758,,53590452LA,,20 CASES,0.0,0.0,0.0,0.0,0.0,0.0,0.0,1.0,0.0,0.0,0.0,70,Closed,>15 Days
6775174-20260421-124546,2026-04-21 12:45:46,2026-04-21,,South Branch,L5 IN Kerala 1,C963,6775174.0,Libra Consumables Private Limited,MILKYBAR MOOSHA 12(15X40.5G) MRP RS 20/-x1cs short,BI-Stock Shortages,Pending,,,,Pending,GT Distributors,,2026.0,4.0,Apr,2026-04,Q2,1.0,Open / Pending,Warehouse Problem | Stock Shortage | Short or not-received quantity | Owner: Warehouse/DC,Stock Shortage,Warehouse/DC,Stock Shortage,,,,13776709,,60820454F1,20,1 CS,0.0,1.0,0.0,0.0,0.0,0.0,0.0,0.0,0.0,0.0,0.0,70,Pending,>15 Days
6912092-20260421-153837,2026-04-21 15:38:37,2026-04-21,,South Branch,L5 IN Karnataka 3,B929,6912092.0,Intelligent Retail Private Limited,Product Code : 12595301,BI-Stock Shortages,Closed,INPRAKASMA1,2026-08-06 14:17:00,,Closed,GT Distributors,Diptab Ventures Pvt ltd,2026.0,4.0,Apr,2026-04,Q2,1.0,Closed,Other Problem | Transit Shortage | Shortage during transportation | Owner: Transporter/Logistics,Transit Shortage,Transporter/Logistics,Stock Shortage; Transit,938423352,A220961,,12595301,MAGGI Sauce NONG 24x485g N1 IN,52520455HAG,120,1 CS,1.0,1.0,0.0,0.0,0.0,0.0,0.0,0.0,0.0,0.0,0.0,70,Closed,>15 Days
7083698-20260421-101618,2026-04-21 10:16:18,2026-04-21,,South Branch,L5 IN Bangalore City 2,B929,7083698.0,Intelligent Retail Private Limited,"We have received ""12956336"" - 'MUNCH Maxx 12(24x38.5g) N1 IN', MRP-20, 2 cases shortage for Invoice# 938422677 dated 18/04/2026",BI-Stock Shortages,Closed,INPRAKASMA1,2026-08-06 14:17:00,,Closed,GT Distributors,Diptab Ventures Pvt ltd,2026.0,4.0,Apr,2026-04,Q2,1.0,Closed,Other Problem | Transit Shortage | Shortage during transportation | Owner: Transporter/Logistics,Transit Shortage,Transporter/Logistics,Stock Shortage; Transit,938422677,,,,,,20; 58,2 CASES; 1 CASES,1.0,1.0,0.0,0.0,0.0,0.0,0.0,0.0,0.0,0.0,0.0,70,Closed,>15 Days
7093228-20260421-152453,2026-04-21 15:24:54,2026-04-21,,South Branch,L5 IN Kerala 2,C963,7093228.0,Kottaram Business Corporation,Invoice no:1365803087,BI-Stock Shortages,Closed,INPRAKASMA1,2026-08-06 14:17:00,,Closed,GT Distributors,BlueWave Supply Chain,2026.0,4.0,Apr,2026-04,Q2,1.0,Closed,Warehouse Problem | Stock Shortage | Short or not-received quantity | Owner: Warehouse/DC,Stock Shortage,Warehouse/DC,Stock Shortage,1365803087,,,,,,,2 CS; 3 CS; 16 CS,0.0,1.0,0.0,0.0,0.0,0.0,0.0,0.0,0.0,0.0,0.0,70,Closed,>15 Days
7206600-20260421-115313,2026-04-21 11:53:13,2026-04-21,,South Branch,L5 IN Andhrapradesh 2,2032,7206600.0,Sriram Enterprises,LR No: S74876 GLOVIS India PVT LTD. Dt: 19-04-2026 with Invoice No: 1099846713 DT: 19-04-2026 1 case of 12556491-NAN LO-LAC 24x200g IN was short and 1 excess case was returned to the driver. Please send the shortage case ASAP.,BI-Stock Shortages,Pending,,,,Pending,GT Distributors,Glovis India Private Limited,2026.0,4.0,Apr,2026-04,Q2,1.0,Open / Pending,Warehouse Problem | Stock Excess | Excess quantity received | Owner: Warehouse/DC,Stock Excess,Warehouse/DC,Stock Shortage; Stock Excess; Return,1099846713,S74876,,,,,,1 CASE,0.0,1.0,0.0,1.0,0.0,0.0,0.0,0.0,0.0,0.0,0.0,70,Pending,>15 Days
7206600-20260421-115809,2026-04-21 11:58:10,2026-04-21,,South Branch,L5 IN Andhrapradesh 2,2032,7206600.0,Sriram Enterprises,106061580-Luxor Uniflo Ball Pen 5Units Set 18EA was invoice free for 14504152-Milkybarchoo Jar6(100x11g)PR Pen FR IN but we received only 3EA remaining 15EA are short. Please send them ASAP.,BI-Stock Shortages,Pending,,,,Pending,GT Distributors,,2026.0,4.0,Apr,2026-04,Q2,1.0,Open / Pending,Warehouse Problem | Stock Shortage | Short or not-received quantity | Owner: Warehouse/DC,Stock Shortage,Warehouse/DC,Stock Shortage,,,,,,,,5 UNITS; 18 EA; 3 EA; 15 EA,0.0,1.0,0.0,0.0,0.0,0.0,0.0,0.0,0.0,0.0,0.0,70,Pending,>15 Days
7402251-20260421-105257,2026-04-21 10:52:58,2026-04-21,,South Branch,L5 IN Bangalore City 2,B929,7402251.0,Intelligent Retail Private Limited,"We have received ""14445547"" - 'MAGGI 2-MINN Masala 96x70g N2 IN', MRP-15, 20160 Pc damage for Invoice# 938422962 dated 20/04/2026",BI-Damages,Closed,INPRAKASMA1,2026-08-06 14:17:00,,Closed,GT Distributors,KKP Express,2026.0,4.0,Apr,2026-04,Q2,1.0,Closed,Warehouse Problem | Product Damage | Damaged stock at receipt | Owner: Warehouse/DC,Product Damage,Warehouse/DC,Damage; Commercial/Billing,938422962,,,,,,15,20160 PC,0.0,0.0,1.0,0.0,0.0,0.0,0.0,0.0,0.0,0.0,0.0,70,Closed,>15 Days
7541792-20260421-123343,2026-04-21 12:33:43,2026-04-21,,South Branch,L5 IN Andhrapradesh 2,2032,7541792.0,Jaiteja Agencies,"product code 12584920, b code60940451za,",BI-Stock Shortages,Closed,INPRAKASMA1,2026-03-07 19:56:00,,Closed,GT Distributors,Transit Shortage,2026.0,4.0,Apr,2026-04,Q2,1.0,Closed,Other Problem | Transit Shortage | Shortage during transportation | Owner: Transporter/Logistics,Transit Shortage,Transporter/Logistics,Stock Shortage; Transit,,,,12584920; 12585176,,,,1 CASE; 24 PCS,1.0,1.0,0.0,0.0,0.0,0.0,0.0,0.0,0.0,0.0,0.0,70,Closed,>15 Days
7586580-20260421-122611,2026-04-21 12:26:11,2026-04-21,,South Branch,L5 IN Kerala 2,C963,7586580.0,Sabari Distribution Private Limited,Distributor Code Godown Name Product Code Product Description Batch MRP Saleable Stock Saleable Stock Value,BI-Stock Shortages,Closed,INPRAKASMA1,2026-08-06 14:17:00,,Closed,GT Distributors,,2026.0,4.0,Apr,2026-04,Q2,1.0,Closed,Warehouse Problem | Stock Shortage | Short or not-received quantity | Owner: Warehouse/DC,Stock Shortage,Warehouse/DC,Stock Shortage; Damage,,,,PRODUCT,,,,,0.0,1.0,1.0,0.0,0.0,0.0,0.0,0.0,0.0,0.0,0.0,70,Closed,>15 Days
5622725-20260420-123519,2026-04-20 12:35:20,2026-04-20,,South Branch,L5 IN Andhrapradesh 3,2032,5622725.0,Sri Uma Maheswara Agencies,LR NUMBER : 74847,BI-Batch Related Issues,Pending,,,,Pending,GT Distributors,Glovis India Private Limited,2026.0,4.0,Apr,2026-04,Q2,1.0,Open / Pending,Warehouse Problem | Batch Mismatch | Billed versus received batch mismatch | Owner: Warehouse/DC,Batch Mismatch,Warehouse/DC,Batch Mismatch,1099846359,74847,,12584920,MILKMAID 48*380GMS WE HAVE GOT STOCK OF M.R.P : 145/- BUT IN INVOICE IT IS M.R.P : 149/-,,,8 CASES,0.0,0.0,0.0,0.0,0.0,0.0,1.0,0.0,0.0,0.0,0.0,71,Pending,>15 Days
5987453-20260420-125105,2026-04-20 12:51:06,2026-04-20,,South Branch,L5 IN Tamil Nadu 3,B744,5987453.0,Sri Murugan Agencies,PRODUCT NAME - MAGGI  NTR-ICS OATS MILLETS 24X298G IN,BI-Stock Shortages,Closed,INPRAKASMA1,2026-08-06 14:17:00,,Closed,GT Distributors,KKP Express,2026.0,4.0,Apr,2026-04,Q2,1.0,Closed,Other Problem | Transit Shortage | Shortage during transportation | Owner: Transporter/Logistics,Transit Shortage,Transporter/Logistics,Stock Shortage; Transit,959175130,,,,MAGGI  NTR-ICS OATS MILLETS 24X298G IN,60890455KA,140,1 CASE,1.0,1.0,0.0,0.0,0.0,0.0,0.0,0.0,0.0,0.0,0.0,71,Closed,>15 Days
601707-20260420-122416,2026-04-20 12:24:16,2026-04-20,,South Branch,L5 IN Hyderabad 1,2032,601707.0,Synergy Enterprises,INV DT 01/04/2026 INV NUM 1099843906,BI-Stock Shortages,Closed,INPRAKASMA1,2026-03-07 19:56:00,,Closed,GT Distributors,Jurigari Private Limited,2026.0,4.0,Apr,2026-04,Q2,1.0,Closed,Other Problem | Non-Warehouse Shortage | Warehouse dispatch verified; investigate transit/distributor | Owner: Transporter/Distributor,Non-Warehouse Shortage,Transporter/Distributor,Stock Shortage,1099843906,,,,,,30,15 CS,1.0,1.0,0.0,0.0,0.0,0.0,0.0,0.0,0.0,0.0,0.0,71,Closed,>15 Days
601707-20260420-122638,2026-04-20 12:26:39,2026-04-20,,South Branch,L5 IN Hyderabad 1,2032,601707.0,Synergy Enterprises,INV NUM 1099844867  INV DT 08/04/2026,BI-Stock Shortages,Closed,INPRAKASMA1,2026-03-07 19:56:00,,Closed,GT Distributors,Glovis India Private Limited,2026.0,4.0,Apr,2026-04,Q2,1.0,Closed,Other Problem | Non-Warehouse Shortage | Warehouse dispatch verified; investigate transit/distributor | Owner: Transporter/Distributor,Non-Warehouse Shortage,Transporter/Distributor,Stock Shortage,1099844867,,,,,,25,1 CS,1.0,1.0,0.0,0.0,0.0,0.0,0.0,0.0,0.0,0.0,0.0,71,Closed,>15 Days
601707-20260420-123521,2026-04-20 12:35:22,2026-04-20,,South Branch,L5 IN Hyderabad 1,2032,601707.0,Synergy Enterprises,INV NUM  1099846189   INV DT 16/04/2026,BI-Stock Shortages,Closed,INPRAKASMA1,2026-03-07 19:56:00,,Closed,GT Distributors,Jurigari Private Limited,2026.0,4.0,Apr,2026-04,Q2,1.0,Closed,Other Problem | Non-Warehouse Shortage | Warehouse dispatch verified; investigate transit/distributor | Owner: Transporter/Distributor,Non-Warehouse Shortage,Transporter/Distributor,Stock Shortage,1099846189,,,,,,755; 399; 149,2 CS; 1 EA; 4 CS,1.0,1.0,0.0,0.0,0.0,0.0,0.0,0.0,0.0,0.0,0.0,71,Closed,>15 Days
601707-20260420-123841,2026-04-20 12:38:42,2026-04-20,,South Branch,L5 IN Hyderabad 1,2032,601707.0,Synergy Enterprises,INV NUM 1099840384   INV DT 14/03/2026,BI-Stock Shortages,Closed,INPRAKASMA1,2026-03-07 19:56:00,,Closed,GT Distributors,Glovis India Private Limited,2026.0,4.0,Apr,2026-04,Q2,1.0,Closed,Other Problem | Transit Shortage | Shortage during transportation | Owner: Transporter/Logistics,Transit Shortage,Transporter/Logistics,Stock Shortage; Transit,1099840384,,,,,,108,1 CS,1.0,1.0,0.0,0.0,0.0,0.0,0.0,0.0,0.0,0.0,0.0,71,Closed,>15 Days
601780-20260420-124746,2026-04-20 12:47:47,2026-04-20,,South Branch,L5 IN Hyderabad 1,2032,601780.0,Vijeta Enterprises,"INV NO: 1099846758, DATE: 19-04-26",BI-Stock Shortages,Pending,,,,Pending,GT Distributors,Jurigari Private Limited,2026.0,4.0,Apr,2026-04,Q2,1.0,Open / Pending,Warehouse Problem | Stock Shortage | Short or not-received quantity | Owner: Warehouse/DC,Stock Shortage,Warehouse/DC,Stock Shortage,1099846758,,,,"MAGGI 2-MINN Masala 96x95g, MRP20/-",,20,6 CS; 5 CS; 1 CS,0.0,1.0,0.0,0.0,0.0,0.0,0.0,0.0,0.0,0.0,0.0,71,Pending,>15 Days
6824058-20260420-121358,2026-04-20 12:13:58,2026-04-20,,South Branch,L5 IN Karnataka 1,B929,6824058.0,Aarav Associates,"Dear Team,",BI-Stock Shortages,Closed,INPRAKASMA1,2026-08-06 14:17:00,,Closed,GT Distributors,KKP Express,2026.0,4.0,Apr,2026-04,Q2,1.0,Closed,Warehouse Problem | Stock Shortage | Short or not-received quantity | Owner: Warehouse/DC,Stock Shortage,Warehouse/DC,Stock Shortage,938421259,,,,MAGGI 2-MINN Masala 96x75g N2 IN,60730455TA,15,1 CASE,0.0,1.0,0.0,0.0,0.0,0.0,0.0,0.0,0.0,0.0,0.0,71,Closed,>15 Days
6824058-20260420-123644,2026-04-20 12:36:44,2026-04-20,,South Branch,L5 IN Karnataka 1,B929,6824058.0,Aarav Associates,"Dear Team,",BI-Any other,Closed,INPRAKASMA1,2026-08-06 14:17:00,,Not Related to DC,,,2026.0,4.0,Apr,2026-04,Q2,1.0,Closed,Warehouse Problem | Expiry / Short Expiry | Expired or insufficient shelf-life stock | Owner: Warehouse/DC,Expiry / Short Expiry,Warehouse/DC,Expiry; Return,938422378,,,,MAGGI Cuppa Chili Ndls 48x70g N2,60760451AA,55,1 CASE,0.0,0.0,0.0,0.0,0.0,0.0,0.0,1.0,0.0,0.0,0.0,71,Closed,>15 Days
6824058-20260420-123744,2026-04-20 12:37:45,2026-04-20,,South Branch,L5 IN Karnataka 1,B929,6824058.0,Aarav Associates,"Dear Team,",BI-Any other,Closed,INPRAKASMA1,2026-08-06 14:17:00,,Not Related to DC,,,2026.0,4.0,Apr,2026-04,Q2,1.0,Closed,Warehouse Problem | Expiry / Short Expiry | Expired or insufficient shelf-life stock | Owner: Warehouse/DC,Expiry / Short Expiry,Warehouse/DC,Expiry; Return,938422378,,,,MAGGI Tomato Ketchup 12x960g IN,60360455HB,159,1 CASE,0.0,0.0,0.0,0.0,0.0,0.0,0.0,1.0,0.0,0.0,0.0,71,Closed,>15 Days
6824058-20260420-123833,2026-04-20 12:38:33,2026-04-20,,South Branch,L5 IN Karnataka 1,B929,6824058.0,Aarav Associates,"Dear Team,",BI-Any other,Closed,INPRAKASMA1,2026-08-06 14:17:00,,Not Related to DC,,,2026.0,4.0,Apr,2026-04,Q2,1.0,Closed,Warehouse Problem | Expiry / Short Expiry | Expired or insufficient shelf-life stock | Owner: Warehouse/DC,Expiry / Short Expiry,Warehouse/DC,Expiry; Return,938422378,,,,MAGGI HOT & SWEET 12x1Kg N1 IN,60660455HA,178,1 CASE,0.0,0.0,0.0,0.0,0.0,0.0,0.0,1.0,0.0,0.0,0.0,71,Closed,>15 Days
6824058-20260420-123908,2026-04-20 12:39:09,2026-04-20,,South Branch,L5 IN Karnataka 1,B929,6824058.0,Aarav Associates,"Dear Team,",BI-Any other,Closed,INPRAKASMA1,2026-08-06 14:17:00,,Not Related to DC,,,2026.0,4.0,Apr,2026-04,Q2,1.0,Closed,Warehouse Problem | Expiry / Short Expiry | Expired or insufficient shelf-life stock | Owner: Warehouse/DC,Expiry / Short Expiry,Warehouse/DC,Expiry; Return,938422378,,,,MAGGI Ntr-lcs Atta 16x435g RC 2 IN,60310455CB,168,1 CASE,0.0,0.0,0.0,0.0,0.0,0.0,0.0,1.0,0.0,0.0,0.0,71,Closed,>15 Days
6824058-20260420-123947,2026-04-20 12:39:47,2026-04-20,,South Branch,L5 IN Karnataka 1,B929,6824058.0,Aarav Associates,"Dear Team,",BI-Any other,Closed,INPRAKASMA1,2026-08-06 14:17:00,,Not Related to DC,,,2026.0,4.0,Apr,2026-04,Q2,1.0,Closed,Warehouse Problem | Expiry / Short Expiry | Expired or insufficient shelf-life stock | Owner: Warehouse/DC,Expiry / Short Expiry,Warehouse/DC,Expiry; Return,938422379,,,,KIT KAT 18x1F Sharebag 64x133.2g,60850454A1,120,1 CASE,0.0,0.0,0.0,0.0,0.0,0.0,0.0,1.0,0.0,0.0,0.0,71,Closed,>15 Days
6824058-20260420-124029,2026-04-20 12:40:30,2026-04-20,,South Branch,L5 IN Karnataka 1,B929,6824058.0,Aarav Associates,"Dear Team,",BI-Any other,Closed,INPRAKASMA1,2026-08-06 14:17:00,,Not Related to DC,,,2026.0,4.0,Apr,2026-04,Q2,1.0,Closed,Warehouse Problem | Expiry / Short Expiry | Expired or insufficient shelf-life stock | Owner: Warehouse/DC,Expiry / Short Expiry,Warehouse/DC,Expiry; Return,938422379,,,,MILKYBAR CHOO Strawberry Sbg 64(9x11g)IN,60670454L1,50,1 CASE,0.0,0.0,0.0,0.0,0.0,0.0,0.0,1.0,0.0,0.0,0.0,71,Closed,>15 Days
7453826-20260420-123003,2026-04-20 12:30:04,2026-04-20,,South Branch,L5 IN Kerala 1,C963,7453826.0,Aswini Medicines,There has been constant delays in the transportation of goods from DC and this has been an issue that has been ongoing for a month.,BI-Transport Delays,Closed,INPRAKASMA1,2026-08-06 14:17:00,,Not Related to DC,,,2026.0,4.0,Apr,2026-04,Q2,1.0,Closed,Other Problem | Transport Delay | Delivery / logistics delay | Owner: Transporter/Logistics,Transport Delay,Transporter/Logistics,Transport Delay,,,,,,,,,0.0,0.0,0.0,0.0,0.0,0.0,0.0,0.0,0.0,0.0,0.0,71,Closed,>15 Days
7566631-20260420-113028,2026-04-20 11:30:29,2026-04-20,,South Branch,L5 IN Kerala 2,B744,7566631.0,Sabari Distribution Private Limited,7566631 1365802552 11-04-2026 12585137 LACTOGEN PRO 4 BIB 24x400g INJE091 IN 60690453K1 450 1 0 1 Cases Shortage,BI-Stock Shortages,Closed,INPRAKASMA1,2026-08-06 14:17:00,,Closed,GT Distributors,BlueWave Supply Chain,2026.0,4.0,Apr,2026-04,Q2,1.0,Closed,Warehouse Problem | Stock Shortage | Short or not-received quantity | Owner: Warehouse/DC,Stock Shortage,Warehouse/DC,Stock Shortage,,,,,,,,1 CASES,0.0,1.0,0.0,0.0,0.0,0.0,0.0,0.0,0.0,0.0,0.0,71,Closed,>15 Days
6969839-20260419-112937,2026-04-19 11:29:38,2026-04-19,,South Branch,L5 IN Karnataka 2,B929,6969839.0,Itagi Associates,Maggi 300gm invoice 46 cls recevied 44 c/s shortage 2c/s.,BI-Stock Shortages,Closed,INPRAKASMA1,2026-08-06 14:17:00,,Closed,GT Distributors,KKP Express,2026.0,4.0,Apr,2026-04,Q2,1.0,Closed,Other Problem | Transit Shortage | Shortage during transportation | Owner: Transporter/Logistics,Transit Shortage,Transporter/Logistics,Stock Shortage; Transit,,,,,,,,,1.0,1.0,0.0,0.0,0.0,0.0,0.0,0.0,0.0,0.0,0.0,72,Closed,>15 Days
3388216-20260418-141542,2026-04-18 14:15:42,2026-04-18,,South Branch,L5 IN Kerala NP,B744,3388216.0,Narayanan & Co,Date : 04/03/2026,BI-Stock Shortages,Closed,INPRAKASMA1,2026-08-06 14:17:00,,Closed,NP-Distributor,KKP Express,2026.0,4.0,Apr,2026-04,Q2,1.0,Closed,Other Problem | Transit Shortage | Shortage during transportation | Owner: Transporter/Logistics,Transit Shortage,Transporter/Logistics,Stock Shortage; Transit,959164452,,,12508385,Nescafe Sunrise Premix 1Kg,,,10 CASE; 2 CASE,1.0,1.0,0.0,0.0,0.0,0.0,0.0,0.0,0.0,0.0,0.0,73,Closed,>15 Days
5881290-20260418-131446,2026-04-18 13:14:47,2026-04-18,,South Branch,L5 IN Andhrapradesh 4,C749,5881290.0,Lakshmi Enterprises,inv no: 1099846164,BI-Stock Shortages,Closed,INPRAKASMA1,2026-08-06 14:17:00,,Closed,GT Distributors,AVG Logistics Limited,2026.0,4.0,Apr,2026-04,Q2,1.0,Closed,Warehouse Problem | Stock Shortage | Short or not-received quantity | Owner: Warehouse/DC,Stock Shortage,Warehouse/DC,Stock Shortage,1099846164,,,,,,,,0.0,1.0,0.0,0.0,0.0,0.0,0.0,0.0,0.0,0.0,0.0,73,Closed,>15 Days
600985-20260418-142943,2026-04-18 14:29:43,2026-04-18,,South Branch,L5 IN Hyderabad 2,2032,600985.0,Amrutha Enterprises,Invoice Number ; 1099846026,BI-Damages,Closed,INPRAKASMA1,2026-03-07 19:56:00,,Closed,GT Distributors,Jurigari Private Limited,2026.0,4.0,Apr,2026-04,Q2,1.0,Closed,Other Problem | Transit Damage | Damage during transportation | Owner: Transporter/Logistics,Transit Damage,Transporter/Logistics,Damage; Transit,1099846026,5147,AP39UY,,LACTOGEN PRO1 BIB 24x400g INNWPB176 IN  MRP 450/- 1 Pc  damages,,450,1 PC,1.0,0.0,1.0,0.0,0.0,0.0,0.0,0.0,0.0,0.0,0.0,73,Closed,>15 Days
601620-20260418-115740,2026-04-18 11:57:40,2026-04-18,,South Branch,L5 IN Andhrapradesh 3,2032,601620.0,Sri Padmavathi Venkata Ramana Traders,"TODAY IN  INV NO 1099846393 MILKMAID SCM EOE Tin 48x380g N2 IN  149 RS 3CS SHORTAGE,",BI-Stock Shortages,Pending,,,,Pending,GT Distributors,AVG Logistics Limited,2026.0,4.0,Apr,2026-04,Q2,1.0,Open / Pending,Warehouse Problem | Stock Excess | Excess quantity received | Owner: Warehouse/DC,Stock Excess,Warehouse/DC,Stock Shortage; Stock Excess,1099846393,2041892,,,,,,3 CS,0.0,1.0,0.0,1.0,0.0,0.0,0.0,0.0,0.0,0.0,0.0,73,Pending,>15 Days
601773-20260418-164238,2026-04-18 16:42:38,2026-04-18,,South Branch,L5 IN Hyderabad 2,2032,601773.0,Vijayalaxmi Agencies,"Dear Sir,  Inv.No. 1099846285, dated on 16.04.2026, Inv.No. 1099846288, dated on 16.04.2026, Shortages P Code : 12595302 -Sauce 12x970gms : 2 C/s , P Code : 12610096 - NC Caramel Latte 30x200ML : 1 C/s, P Code : 12610097 - NC Cappuccino 60x170ML : 1 C/s, P Code : 12599497 - T Ket 12x960gms : 3 C/s, P Code 12601765 -  H&S 12x1Kg : 1 C/s, P Code : 12603852 - Tom Ket 24x480gms: 1 C/s, P Code ; 12610096 - NC Caramel Latte 30x200ML : 8 C/s, P Code : 12622649 - EVD Ghee 16x1Lts : 1 C/s , Tot: 18 C/s.",BI-Stock Shortages,Pending,,,,Pending,GT Distributors,Glovis India Private Limited,2026.0,4.0,Apr,2026-04,Q2,1.0,Open / Pending,Warehouse Problem | Stock Shortage | Short or not-received quantity | Owner: Warehouse/DC,Stock Shortage,Warehouse/DC,Stock Shortage,,,,,,,,,0.0,1.0,0.0,0.0,0.0,0.0,0.0,0.0,0.0,0.0,0.0,73,Pending,>15 Days
601773-20260418-164737,2026-04-18 16:47:38,2026-04-18,,South Branch,L5 IN Hyderabad 2,2032,601773.0,Vijayalaxmi Agencies,"Dear Sir,  Invoice No. : 1099846283, dated on 16.04.2026, Pack Code : 12584920 - Milkmaid 48x380gms invoiced : 27 C/s , MRP ; 149.00, Batch Code : 60930451ZA, But we have received MRP ; 145.00, Batch Code : 60890451ZA. Total : 27 C/s",BI-Batch Related Issues,Pending,,,,Pending,GT Distributors,Glovis India Private Limited,2026.0,4.0,Apr,2026-04,Q2,1.0,Open / Pending,Warehouse Problem | MRP / Price Mismatch | Billed versus received MRP mismatch | Owner: Warehouse/DC,MRP / Price Mismatch,Warehouse/DC,MRP Mismatch,,,,,,60930451ZA; 60890451ZA,149.00; 145.00,,0.0,0.0,0.0,0.0,1.0,0.0,0.0,0.0,0.0,0.0,0.0,73,Pending,>15 Days
601780-20260418-105330,2026-04-18 10:53:30,2026-04-18,,South Branch,L5 IN Hyderabad 1,2032,601780.0,Vijeta Enterprises,"INV NO :1099846443, DATE: 18-04-2026",BI-Stock Shortages,Pending,,,,Pending,GT Distributors,Shanom Bolt Logistics Private,2026.0,4.0,Apr,2026-04,Q2,1.0,Open / Pending,Warehouse Problem | Stock Shortage | Short or not-received quantity | Owner: Warehouse/DC,Stock Shortage,Warehouse/DC,Stock Shortage,1099846443,,,,"MAGGI HOT & SWEET 12x1Kg, MRP 178/-",,178,206 CS; 205 CS; 1 CS,0.0,1.0,0.0,0.0,0.0,0.0,0.0,0.0,0.0,0.0,0.0,73,Pending,>15 Days
6912092-20260418-121038,2026-04-18 12:10:38,2026-04-18,,South Branch,L5 IN Karnataka 3,B929,6912092.0,Intelligent Retail Private Limited,Product Code : 13757661,BI-Stock Shortages,Closed,INPRAKASMA1,2026-08-06 14:17:00,,Closed,GT Distributors,KKP Express,2026.0,4.0,Apr,2026-04,Q2,1.0,Closed,Other Problem | Transit Shortage | Shortage during transportation | Owner: Transporter/Logistics,Transit Shortage,Transporter/Logistics,Stock Shortage; Transit,938422657,12429,KA-02D-4085,13757661,POLO Big Roll Jar12((68+4)x13.5g)4UFr IN,60671519FA,5,1 CS,1.0,1.0,0.0,0.0,0.0,0.0,0.0,0.0,0.0,0.0,0.0,73,Closed,>15 Days
7093228-20260418-122930,2026-04-18 12:29:31,2026-04-18,,South Branch,L5 IN Kerala 2,C963,7093228.0,Kottaram Business Corporation,Invoice no: 1365802947 Date:17/04/2026,BI-Stock Shortages,Closed,INPRAKASMA1,2026-08-06 14:17:00,,Closed,GT Distributors,BlueWave Supply Chain,2026.0,4.0,Apr,2026-04,Q2,1.0,Closed,Warehouse Problem | Stock Shortage | Short or not-received quantity | Owner: Warehouse/DC,Stock Shortage,Warehouse/DC,Stock Shortage,1365802947,,,,,,,2 CS,0.0,1.0,0.0,0.0,0.0,0.0,0.0,0.0,0.0,0.0,0.0,73,Closed,>15 Days
4409276-20260417-132928,2026-04-17 13:29:28,2026-04-17,,South Branch,L5 IN Tamil Nadu 3,B744,4409276.0,Sri Lakshman Trading Corporation,INV.NO.959174525,BI-Stock Shortages,Closed,INPRAKASMA1,2026-08-06 14:17:00,,Closed,GT Distributors,Delhi Punjab Roadlines,2026.0,4.0,Apr,2026-04,Q2,1.0,Closed,Warehouse Problem | Stock Shortage | Short or not-received quantity | Owner: Warehouse/DC,Stock Shortage,Warehouse/DC,Stock Shortage,,,,,,,,1 CASE,0.0,1.0,0.0,0.0,0.0,0.0,0.0,0.0,0.0,0.0,0.0,74,Closed,>15 Days
601526-20260417-105054,2026-04-17 10:50:55,2026-04-17,,South Branch,L5 IN Tamil Nadu 3,B744,601526.0,Shamma Traders,INVOICE DATE 04/04/2026,BI-Stock Shortages,Closed,INPRAKASMA1,2026-08-06 14:17:00,,Closed,GT Distributors,KKP Express,2026.0,4.0,Apr,2026-04,Q2,1.0,Closed,Other Problem | Transit Shortage | Shortage during transportation | Owner: Transporter/Logistics,Transit Shortage,Transporter/Logistics,Stock Shortage; Transit,959172012,,,12531641,,,,12531641 NO; 1 CASE,1.0,1.0,0.0,0.0,0.0,0.0,0.0,0.0,0.0,0.0,0.0,74,Closed,>15 Days
601713-20260417-115552,2026-04-17 11:55:53,2026-04-17,,South Branch,L5 IN Andhrapradesh 4,C749,601713.0,Tadikonda Koteswara Rao &Company,MILKYBAR CHOO JAR 6(100*11G) PEN FREE OFFER (LUXOR UNIFLO BALL PEN) 24PCS SHORTAGE FROM HYD DC..,BI-Stock Shortages,Closed,INPRAKASMA1,2026-08-06 14:17:00,,Closed,GT Distributors,AVG Logistics Limited,2026.0,4.0,Apr,2026-04,Q2,1.0,Closed,Warehouse Problem | Stock Shortage | Short or not-received quantity | Owner: Warehouse/DC,Stock Shortage,Warehouse/DC,Stock Shortage,,,,,,,,24 PCS,0.0,1.0,0.0,0.0,0.0,0.0,0.0,0.0,0.0,0.0,0.0,74,Closed,>15 Days
601713-20260417-175142,2026-04-17 17:51:42,2026-04-17,,South Branch,L5 IN Andhrapradesh 4,C749,601713.0,Tadikonda Koteswara Rao &Company,MILKYBAR CHOO JAR 6(100*11G) PEN FREE INVOICE 23 CS BUT 23 SETS PEN SHORTAGE FROM HYD DC...,BI-Stock Shortages,Closed,INPRAKASMA1,2026-08-06 14:17:00,,Closed,GT Distributors,Jurigari Private Limited,2026.0,4.0,Apr,2026-04,Q2,1.0,Closed,Warehouse Problem | Stock Shortage | Short or not-received quantity | Owner: Warehouse/DC,Stock Shortage,Warehouse/DC,Stock Shortage,,,,,,,,23 CS,0.0,1.0,0.0,0.0,0.0,0.0,0.0,0.0,0.0,0.0,0.0,74,Closed,>15 Days
6089280-20260417-114544,2026-04-17 11:45:45,2026-04-17,,South Branch,L5 IN Tamil Nadu 3,B744,6089280.0,Madhu Traders,Invoice No: 959174663,BI-Damages,Closed,INPRAKASMA1,2026-08-06 14:17:00,,Closed,GT Distributors,KKP Express,2026.0,4.0,Apr,2026-04,Q2,1.0,Closed,Other Problem | Transit Damage | Damage during transportation | Owner: Transporter/Logistics,Transit Damage,Transporter/Logistics,Damage; Transit,959174663,,,14445547,maggie 2-Minn Masala 95*75g,,,,1.0,0.0,1.0,0.0,0.0,0.0,0.0,0.0,0.0,0.0,0.0,74,Closed,>15 Days
6171788-20260417-152042,2026-04-17 15:20:43,2026-04-17,,South Branch,L5 IN Kerala 4,B744,6171788.0,Winline Distributors,TRANSIT SHORTAGE IN THE LOAD,BI-Stock Shortages,Closed,INPRAKASMA1,2026-08-06 14:17:00,,Closed,GT Distributors,KKP Express,2026.0,4.0,Apr,2026-04,Q2,1.0,Closed,Other Problem | Transit Shortage | Shortage during transportation | Owner: Transporter/Logistics,Transit Shortage,Transporter/Logistics,Stock Shortage; Transit,959174540,,TN36BT9920,12602984,MAGGI Chicken LS Bouillon 24(24x18g) N2,,,2 CASES,1.0,1.0,0.0,0.0,0.0,0.0,0.0,0.0,0.0,0.0,0.0,74,Closed,>15 Days
6700167-20260417-183847,2026-04-17 18:38:48,2026-04-17,,South Branch,L5 IN Andhrapradesh 2,2032,6700167.0,Laasritha Enterprises,INV NO 1099846324 INV DT 17-04-2026 1)MAGGI 2-MINN Masala 16x450g N1 IN  MRP 87/- BATCH 60839939BB,BI-Damages,Pending,,,,Pending,GT Distributors,Jurigari Private Limited,2026.0,4.0,Apr,2026-04,Q2,1.0,Open / Pending,Warehouse Problem | Stock Excess | Excess quantity received | Owner: Warehouse/DC,Stock Excess,Warehouse/DC,Stock Shortage; Damage; Stock Excess,1099846324,,,,,60839939BB; 60889939CA,87; 58,3 CASES; 2 CASES,0.0,1.0,1.0,1.0,0.0,0.0,0.0,0.0,0.0,0.0,0.0,74,Pending,>15 Days
6960711-20260417-210501,2026-04-17 21:05:02,2026-04-17,,South Branch,L5 IN Andhrapradesh 4,C749,6960711.0,Tadepalli Eswararao Son,INV NO1099846177,BI-Stock Shortages,Closed,INPRAKASMA1,2026-08-06 14:17:00,,Closed,GT Distributors,AVG Logistics Limited,2026.0,4.0,Apr,2026-04,Q2,1.0,Closed,Warehouse Problem | Stock Shortage | Short or not-received quantity | Owner: Warehouse/DC,Stock Shortage,Warehouse/DC,Stock Shortage,1099846177; 1099846178,,,,,,,5 UNITS,0.0,1.0,0.0,0.0,0.0,0.0,0.0,0.0,0.0,0.0,0.0,74,Closed,>15 Days
7012481-20260417-110728,2026-04-17 11:07:29,2026-04-17,,South Branch,L5 IN Hyderabad 1,2032,7012481.0,S V Enterprises,"Proposal generated on 14/04/2026 bearing no.s-DCM26040000068978,DCM26040000068979,DCM26040000068980 has still not been processed",BI-Transport Delays,Closed,INPRAKASMA1,2026-03-07 19:56:00,,Not Related to DC,,,2026.0,4.0,Apr,2026-04,Q2,1.0,Closed,Other Problem | Transport Delay | Delivery / logistics delay | Owner: Transporter/Logistics,Transport Delay,Transporter/Logistics,Transport Delay,,,,,,,,,0.0,0.0,0.0,0.0,0.0,0.0,0.0,0.0,0.0,0.0,0.0,74,Closed,>15 Days
5881290-20260416-115248,2026-04-16 11:52:49,2026-04-16,,South Branch,L5 IN Andhrapradesh 4,C749,5881290.0,Lakshmi Enterprises,inv no: 1099844536,BI-Batch Related Issues,Closed,INPRAKASMA1,2026-08-06 14:17:00,,Closed,GT Distributors,Jurigari Private Limited,2026.0,4.0,Apr,2026-04,Q2,1.0,Closed,Warehouse Problem | Expiry / Short Expiry | Expired or insufficient shelf-life stock | Owner: Warehouse/DC,Expiry / Short Expiry,Warehouse/DC,Expiry,1099844536,,,,,52760455KA,130,130 NO; 3 CASES,0.0,0.0,0.0,0.0,0.0,0.0,0.0,1.0,0.0,0.0,0.0,75,Closed,>15 Days
601738-20260416-154130,2026-04-16 15:41:31,2026-04-16,,South Branch,L5 IN Tamil Nadu 2,B744,601738.0,V.G.Rajamani Agencies (P) LTD,INV NO:959173974 DATED 15.04.2026,BI-Stock Shortages,Closed,INPRAKASMA1,2026-08-06 14:17:00,,Closed,GT Distributors,J P Transport,2026.0,4.0,Apr,2026-04,Q2,1.0,Closed,Warehouse Problem | Stock Shortage | Short or not-received quantity | Owner: Warehouse/DC,Stock Shortage,Warehouse/DC,Stock Shortage,959173974,,,13678304,,60732814BA,,2 CASES,0.0,1.0,0.0,0.0,0.0,0.0,0.0,0.0,0.0,0.0,0.0,75,Closed,>15 Days
601738-20260416-154426,2026-04-16 15:44:26,2026-04-16,,South Branch,L5 IN Tamil Nadu 2,B744,601738.0,V.G.Rajamani Agencies (P) LTD,INVOICE NO: 959173974 DATED 15.04.2026,BI-Any other,Closed,INPRAKASMA1,2026-08-06 14:17:00,,Closed,GT Distributors,J P Transport,2026.0,4.0,Apr,2026-04,Q2,1.0,Closed,Warehouse Problem | Expiry / Short Expiry | Expired or insufficient shelf-life stock | Owner: Warehouse/DC,Expiry / Short Expiry,Warehouse/DC,Expiry; Commercial/Billing,959173974,,,12569960,,52890455KA,,1 CASE,0.0,0.0,0.0,0.0,0.0,0.0,0.0,1.0,0.0,0.0,0.0,75,Closed,>15 Days
601738-20260416-154635,2026-04-16 15:46:35,2026-04-16,,South Branch,L5 IN Tamil Nadu 2,B744,601738.0,V.G.Rajamani Agencies (P) LTD,INV NO:959173972 DATED 15.04.2026,BI-Excess Against Invoice Quantity,Closed,INPRAKASMA1,2026-08-06 14:17:00,,Closed,GT Distributors,J P Transport,2026.0,4.0,Apr,2026-04,Q2,1.0,Closed,Warehouse Problem | Stock Excess | Excess quantity received | Owner: Warehouse/DC,Stock Excess,Warehouse/DC,Stock Excess,959173972,,,12614824,,609304517A,,1 CASE,0.0,0.0,0.0,1.0,0.0,0.0,0.0,0.0,0.0,0.0,0.0,75,Closed,>15 Days
6043092-20260416-122715,2026-04-16 12:27:16,2026-04-16,,South Branch,L5 IN Andhrapradesh 2,2032,6043092.0,Sri Rajeswari Traders,INV NO:1099846027,BI-Stock Shortages,Pending,,,,Pending,GT Distributors,Jurigari Private Limited,2026.0,4.0,Apr,2026-04,Q2,1.0,Open / Pending,Warehouse Problem | Stock Shortage | Short or not-received quantity | Owner: Warehouse/DC,Stock Shortage,Warehouse/DC,Stock Shortage,1099846027,,,13463319,NESCAFE SUNRISE DAWN JAR 15*190G TN IN,,,,0.0,1.0,0.0,0.0,0.0,0.0,0.0,0.0,0.0,0.0,0.0,75,Pending,>15 Days
6967310-20260416-124001,2026-04-16 12:40:01,2026-04-16,,South Branch,L5 IN Kerala 2,C963,6967310.0,BSN Links,INVOICE NO-1365802615,BI-Any other,Closed,INPRAKASMA1,2026-08-06 14:17:00,,Closed,GT Distributors,BlueWave Supply Chain,2026.0,4.0,Apr,2026-04,Q2,1.0,Closed,Warehouse Problem | Stock Shortage | Short or not-received quantity | Owner: Warehouse/DC,Stock Shortage,Warehouse/DC,Stock Shortage,1365802615,,,,,,,1 CASE,0.0,1.0,0.0,0.0,0.0,0.0,0.0,0.0,0.0,0.0,0.0,75,Closed,>15 Days
6967310-20260416-124408,2026-04-16 12:44:08,2026-04-16,,South Branch,L5 IN Kerala 2,C963,6967310.0,BSN Links,INVOICE NO-1365802615,BI-Stock Shortages,Closed,INPRAKASMA1,2026-08-06 14:17:00,,Duplicate,,,2026.0,4.0,Apr,2026-04,Q2,1.0,Closed,Warehouse Problem | Stock Shortage | Short or not-received quantity | Owner: Warehouse/DC,Stock Shortage,Warehouse/DC,Stock Shortage,1365802615,,,,,,,1 CASE,0.0,1.0,0.0,0.0,0.0,0.0,0.0,0.0,0.0,0.0,0.0,75,Closed,>15 Days
6967310-20260416-124824,2026-04-16 12:48:24,2026-04-16,,South Branch,L5 IN Kerala 2,C963,6967310.0,BSN Links,INVOICE NO-1365802419,BI-Stock Shortages,Closed,INPRAKASMA1,2026-08-06 14:17:00,,Closed,GT Distributors,Johnson Enterprises,2026.0,4.0,Apr,2026-04,Q2,1.0,Closed,Warehouse Problem | Stock Shortage | Short or not-received quantity | Owner: Warehouse/DC,Stock Shortage,Warehouse/DC,Stock Shortage,1365802419,,,,,,,1 CASE,0.0,1.0,0.0,0.0,0.0,0.0,0.0,0.0,0.0,0.0,0.0,75,Closed,>15 Days
6967310-20260416-125341,2026-04-16 12:53:41,2026-04-16,,South Branch,L5 IN Kerala 2,C963,6967310.0,BSN Links,INVOICE NO-1365801845,BI-Stock Shortages,Closed,INPRAKASMA1,2026-08-06 14:17:00,,Closed,GT Distributors,Global Trade Solutions,2026.0,4.0,Apr,2026-04,Q2,1.0,Closed,Warehouse Problem | Stock Shortage | Short or not-received quantity | Owner: Warehouse/DC,Stock Shortage,Warehouse/DC,Stock Shortage,1365801845,,,,,,,12 CASE,0.0,1.0,0.0,0.0,0.0,0.0,0.0,0.0,0.0,0.0,0.0,75,Closed,>15 Days
6973481-20260416-111911,2026-04-16 11:19:12,2026-04-16,,South Branch,L5 IN Kerala 1,C963,6973481.0,A S Associates,Milkmaid doy pack 64*190g 1CS,BI-Stock Shortages,Pending,,,,Pending,GT Distributors,Global Trade Solutions,2026.0,4.0,Apr,2026-04,Q2,1.0,Open / Pending,Warehouse Problem | Stock Shortage | Short or not-received quantity | Owner: Warehouse/DC,Stock Shortage,Warehouse/DC,Stock Shortage,,,,,,,,1 CS; 2 CS,0.0,1.0,0.0,0.0,0.0,0.0,0.0,0.0,0.0,0.0,0.0,75,Pending,>15 Days
6975857-20260416-183655,2026-04-16 18:36:55,2026-04-16,,South Branch,L5 IN Hyderabad 2,2032,6975857.0,Sri Raghavendra Foods,Dear Team,BI-Stock Shortages,Closed,INPRAKASMA1,2026-03-07 19:56:00,,Closed,GT Distributors,Jurigari Private Limited,2026.0,4.0,Apr,2026-04,Q2,1.0,Closed,Other Problem | Transit Shortage | Shortage during transportation | Owner: Transporter/Logistics,Transit Shortage,Transporter/Logistics,Stock Shortage; Transit,1099846158,,TS08UL7785,12893346,,,,1 CASE,1.0,1.0,0.0,0.0,0.0,0.0,0.0,0.0,0.0,0.0,0.0,75,Closed,>15 Days
7083698-20260416-171029,2026-04-16 17:10:30,2026-04-16,,South Branch,L5 IN Bangalore City 2,B929,7083698.0,Intelligent Retail Private Limited,"We have received ""12628829"" - 'MAGGI 2-MINN Masala 96x95g NR IN', MRP-20, 4  pieces shortage for Invoice# 938422116 dated 15/04/2026",BI-Stock Shortages,Closed,INPRAKASMA1,2026-08-06 14:17:00,,Closed,GT Distributors,Diptab Ventures Pvt ltd,2026.0,4.0,Apr,2026-04,Q2,1.0,Closed,Warehouse Problem | Stock Shortage | Short or not-received quantity | Owner: Warehouse/DC,Stock Shortage,Warehouse/DC,Stock Shortage,938422116,,,,,,20,4 PIECES,0.0,1.0,0.0,0.0,0.0,0.0,0.0,0.0,0.0,0.0,0.0,75,Closed,>15 Days
7347613-20260416-144056,2026-04-16 14:40:57,2026-04-16,,South Branch,L5 IN Karnataka 1,B929,7347613.0,I J ENTERPRISES,RECIEVED DAMAGE STOCK,BI-Damages,Closed,INPRAKASMA1,2026-08-06 14:17:00,,Closed,GT Distributors,Diptab Ventures Pvt ltd,2026.0,4.0,Apr,2026-04,Q2,1.0,Closed,Other Problem | Transit Damage | Damage during transportation | Owner: Transporter/Logistics,Transit Damage,Transporter/Logistics,Damage; Transit,938422040,,,13762638,NESCAFE GOLD BLEND INT5 12X100G,51753657,755,1 CASE,1.0,0.0,1.0,0.0,0.0,0.0,0.0,0.0,0.0,0.0,0.0,75,Closed,>15 Days
7453826-20260416-152351,2026-04-16 15:23:52,2026-04-16,,South Branch,L5 IN Kerala 1,C963,7453826.0,Aswini Medicines,DAMAGED DURING TRANSPORT FROM DC,BI-Damages,Closed,INPRAKASMA1,2026-08-06 14:17:00,,Closed,GT Distributors,,2026.0,4.0,Apr,2026-04,Q2,1.0,Closed,Warehouse Problem | Product Damage | Damaged stock at receipt | Owner: Warehouse/DC,Product Damage,Warehouse/DC,Damage,,,,,,,,3 NOS,0.0,0.0,1.0,0.0,0.0,0.0,0.0,0.0,0.0,0.0,0.0,75,Closed,>15 Days
7530594-20260416-122212,2026-04-16 12:22:13,2026-04-16,,South Branch,L5 IN Hyderabad 1,2032,7530594.0,Mahalaxmi Agencies,Invoice no : 1099845493,BI-Any other,Closed,INPRAKASMA1,2026-03-07 19:56:00,,Closed,GT Distributors,Jurigari Private Limited,2026.0,4.0,Apr,2026-04,Q2,1.0,Closed,Other Problem | Transit Shortage | Shortage during transportation | Owner: Transporter/Logistics,Transit Shortage,Transporter/Logistics,Stock Shortage; Wrong SKU; Return; Transit,1099845493,,,13632235,Lactogen pro 2 BIB 24 X 400 gm - 1 case Not Received,,,1 CASE,1.0,1.0,0.0,0.0,0.0,1.0,0.0,0.0,0.0,0.0,0.0,75,Closed,>15 Days
4637644-20260415-184210,2026-04-15 18:42:10,2026-04-15,,South Branch,L5 IN Karnataka 3,B929,4637644.0,Sri Vijaya Enterprises,Product Name : MAGGI 2-MINN Mas 16x450g PR Rs 4 Off IN,BI-Stock Shortages,Closed,INPRAKASMA1,2026-08-06 14:17:00,,Closed,GT Distributors,Diptab Ventures Pvt ltd,2026.0,4.0,Apr,2026-04,Q2,1.0,Closed,Other Problem | Transit Shortage | Shortage during transportation | Owner: Transporter/Logistics,Transit Shortage,Transporter/Logistics,Stock Shortage; Transit,938421676,,,13680299,MAGGI 2-MINN Mas 16x450g PR Rs 4 Off IN,60899939BA,,64 CS; 1 CS,1.0,1.0,0.0,0.0,0.0,0.0,0.0,0.0,0.0,0.0,0.0,76,Closed,>15 Days
601014-20260415-171515,2026-04-15 17:15:16,2026-04-15,,South Branch,L5 IN Andhrapradesh 2,2032,601014.0,B Yemmaji Rao Sons,INV NO.1099845721 DATE 12/04/2026,BI-Stock Shortages,Closed,INPRAKASMA1,2026-03-07 19:56:00,,Closed,GT Distributors,Glovis India Private Limited,2026.0,4.0,Apr,2026-04,Q2,1.0,Closed,Warehouse Problem | Expiry / Short Expiry | Expired or insufficient shelf-life stock | Owner: Warehouse/DC,Expiry / Short Expiry,Warehouse/DC,MRP Mismatch; Expiry,,,,,,,290; 280,3 CASES; 1 CASE,1.0,0.0,0.0,0.0,1.0,0.0,0.0,1.0,0.0,0.0,0.0,76,Closed,>15 Days
601014-20260415-171830,2026-04-15 17:18:31,2026-04-15,,South Branch,L5 IN Andhrapradesh 2,2032,601014.0,B Yemmaji Rao Sons,INV NO.1099845888 DATE 14/04/2026,BI-Stock Shortages,Closed,INPRAKASMA1,2026-03-07 19:56:00,,Closed,GT Distributors,Jurigari Private Limited,2026.0,4.0,Apr,2026-04,Q2,1.0,Closed,Warehouse Problem | MRP / Price Mismatch | Billed versus received MRP mismatch | Owner: Warehouse/DC,MRP / Price Mismatch,Warehouse/DC,MRP Mismatch,,,,,,,275; 285,1 CASE,1.0,0.0,0.0,0.0,1.0,0.0,0.0,0.0,0.0,0.0,0.0,76,Closed,>15 Days
6077583-20260415-175013,2026-04-15 17:50:14,2026-04-15,,South Branch,L5 IN Chennai City 2,C749,6077583.0,Umakanth Enterprise,PRODUCT CODE  -12359021,BI-Stock Shortages,Closed,INPRAKASMA1,2026-08-06 14:17:00,,Closed,GT Distributors,CCI Logistics Limited,2026.0,4.0,Apr,2026-04,Q2,1.0,Closed,Warehouse Problem | Stock Shortage | Short or not-received quantity | Owner: Warehouse/DC,Stock Shortage,Warehouse/DC,Stock Shortage,974820980,,,12359021,SUNRISE EXTRA Sachet 12(5x200g),60310452VA,1246,1 NO,0.0,1.0,0.0,0.0,0.0,0.0,0.0,0.0,0.0,0.0,0.0,76,Closed,>15 Days
6999039-20260415-124530,2026-04-15 12:45:30,2026-04-15,,South Branch,L5 IN Tamil Nadu 1,B744,6999039.0,A S Distributor,INV NO:959173316,BI-Stock Shortages,Closed,INPRAKASMA1,2026-08-06 14:17:00,,Closed,GT Distributors,KKP Express,2026.0,4.0,Apr,2026-04,Q2,1.0,Closed,Other Problem | Transit Shortage | Shortage during transportation | Owner: Transporter/Logistics,Transit Shortage,Transporter/Logistics,Stock Shortage; Transit,959173316,10199,,14328933,KK 2F MINI JAR6((58+2)*13.2G ),,10,1 CASE,1.0,1.0,0.0,0.0,0.0,0.0,0.0,0.0,0.0,0.0,0.0,76,Closed,>15 Days
6999039-20260415-124835,2026-04-15 12:48:35,2026-04-15,,South Branch,L5 IN Tamil Nadu 1,B744,6999039.0,A S Distributor,INV NO:959173317,BI-Stock Shortages,Closed,INPRAKASMA1,2026-08-06 14:17:00,,Closed,GT Distributors,KKP Express,2026.0,4.0,Apr,2026-04,Q2,1.0,Closed,Other Problem | Transit Shortage | Shortage during transportation | Owner: Transporter/Logistics,Transit Shortage,Transporter/Logistics,Stock Shortage; Transit,959173317,10199,,13680087,MAGGI MASALA 16*450GM,,87,87 CASE; 1 CASE,1.0,1.0,0.0,0.0,0.0,0.0,0.0,0.0,0.0,0.0,0.0,76,Closed,>15 Days
7291479-20260415-120141,2026-04-15 12:01:41,2026-04-15,,South Branch,L5 IN Hyderabad 2,2032,7291479.0,Pay One Retail Private Limited,We had Received 1 case Shortage of Product- maggi tom ket,BI-Stock Shortages,Closed,INPRAKASMA1,2026-03-07 19:56:00,,Closed,GT Distributors,Jurigari Private Limited,2026.0,4.0,Apr,2026-04,Q2,1.0,Closed,Other Problem | Non-Warehouse Shortage | Warehouse dispatch verified; investigate transit/distributor | Owner: Transporter/Distributor,Non-Warehouse Shortage,Transporter/Distributor,Stock Shortage,1099846032,5144,,12603833,MAGGI Tom Ket 24x190g N1 IN,60760455HA,70,1 CASE; 70 CASES,1.0,1.0,0.0,0.0,0.0,0.0,0.0,0.0,0.0,0.0,0.0,76,Closed,>15 Days
7437394-20260415-131652,2026-04-15 13:16:53,2026-04-15,,South Branch,L5 IN Tamil Nadu 1,B744,7437394.0,Jai Agencies,TRANSIT DAMAGE,BI-Damages,Closed,INPRAKASMA1,2026-08-06 14:17:00,,Closed,GT Distributors,J P Transport,2026.0,4.0,Apr,2026-04,Q2,1.0,Closed,Other Problem | Transit Damage | Damage during transportation | Owner: Transporter/Logistics,Transit Damage,Transporter/Logistics,Damage; Transit,959173867,TN76; NAME,,12567336,NESTLE MILO RTD,,45,1 CASE,1.0,0.0,1.0,0.0,0.0,0.0,0.0,0.0,0.0,0.0,0.0,76,Closed,>15 Days
601208-20260414-153318,2026-04-14 15:33:18,2026-04-14,,South Branch,L5 IN Kerala 1,C963,601208.0,Kalathil Agencies,"With refrence to invoice no 1365801231,dated 21/03/2026.",BI-Stock Shortages,Closed,INPRAKASMA1,2026-08-06 14:17:00,,Closed,GT Distributors,Global Trade Solutions,2026.0,4.0,Apr,2026-04,Q2,1.0,Closed,Warehouse Problem | Stock Shortage | Short or not-received quantity | Owner: Warehouse/DC,Stock Shortage,Warehouse/DC,Stock Shortage,1365801231,,,,,,,9 CASE,0.0,1.0,0.0,0.0,0.0,0.0,0.0,0.0,0.0,0.0,0.0,77,Closed,>15 Days
601780-20260414-173127,2026-04-14 17:31:28,2026-04-14,,South Branch,L5 IN Hyderabad 1,2032,601780.0,Vijeta Enterprises,INVOICE NO-1099845939    DATE- 14-04-2026,BI-Stock Shortages,Pending,,,,Pending,GT Distributors,Jurigari Private Limited,2026.0,4.0,Apr,2026-04,Q2,1.0,Open / Pending,Warehouse Problem | MRP / Price Mismatch | Billed versus received MRP mismatch | Owner: Warehouse/DC,MRP / Price Mismatch,Warehouse/DC,Stock Shortage; MRP Mismatch,1099845939,,,12570942,,60780451AA,55,0 CS,0.0,1.0,0.0,0.0,1.0,0.0,0.0,0.0,0.0,0.0,0.0,77,Pending,>15 Days
6700167-20260414-130448,2026-04-14 13:04:49,2026-04-14,,South Branch,L5 IN Andhrapradesh 2,2032,6700167.0,Laasritha Enterprises,INV NO 1099845591 INV DT 11-04-2026 NESCAFE Sunrise Dawn Jar 15x190g TN IN 53630452DA MRPB 620/- 1 CASE SHORT NESCAFE Sunrise Dawn Jar 30X45G 170/- 1 CASE EXCESS DRIVER NAME SRINIVAS CELL NO 9848412482,BI-Stock Shortages,Pending,,,,Pending,GT Distributors,Chirag Road Lines,2026.0,4.0,Apr,2026-04,Q2,1.0,Open / Pending,Warehouse Problem | Stock Excess | Excess quantity received | Owner: Warehouse/DC,Stock Excess,Warehouse/DC,Stock Shortage; Stock Excess,1099845591,,,,,,,1 CASE,0.0,1.0,0.0,1.0,0.0,0.0,0.0,0.0,0.0,0.0,0.0,77,Pending,>15 Days
7099587-20260414-125322,2026-04-14 12:53:22,2026-04-14,,South Branch,L5 IN Bangalore City 1,B929,7099587.0,United Distributors,11/11/2024-938339513,BI-Stock Shortages,Closed,INPRAKASMA1,2026-08-06 14:17:00,,Closed,GT Distributors,AVG Logistics Limited,2026.0,4.0,Apr,2026-04,Q2,1.0,Closed,Other Problem | Transit Shortage | Shortage during transportation | Owner: Transporter/Logistics,Transit Shortage,Transporter/Logistics,Stock Shortage; Transit,,,,,,,,,1.0,1.0,0.0,0.0,0.0,0.0,0.0,0.0,0.0,0.0,0.0,77,Closed,>15 Days
3000212-20260413-155931,2026-04-13 15:59:31,2026-04-13,,South Branch,L5 IN Kerala 1,7793,3000212.0,Pallickal Agencies,The Received load contain stock Kitkat Gooey Salted Crml 10(6x112g) product code:12621098 Batch code:5326417615 this product is melted and is not saleable.,BI-Damages,Closed,INPRAKASMA1,2026-08-06 14:17:00,,Closed,GT Distributors,,2026.0,4.0,Apr,2026-04,Q2,1.0,Closed,Other Problem | Product Quality | Product condition / contamination issue | Owner: Product Quality,Product Quality,Product Quality,Product Quality,,,,12621098,,5326417615,,,0.0,0.0,0.0,0.0,0.0,0.0,0.0,0.0,0.0,1.0,0.0,78,Closed,>15 Days
3000212-20260413-161852,2026-04-13 16:18:52,2026-04-13,,South Branch,L5 IN Kerala 1,7793,3000212.0,Pallickal Agencies,The Received load contain stock Kitkat Gooey Salted Crml 10(6x112g) product code:12621098 Batch code:5326417615 this product is melted and is not saleable.,BI-Damages,Closed,INPRAKASMA1,2026-08-06 14:17:00,,Duplicate,,,2026.0,4.0,Apr,2026-04,Q2,1.0,Closed,Other Problem | Product Quality | Product condition / contamination issue | Owner: Product Quality,Product Quality,Product Quality,Product Quality,,,,12621098,,5326417615,,,0.0,0.0,0.0,0.0,0.0,0.0,0.0,0.0,0.0,1.0,0.0,78,Closed,>15 Days
3000212-20260413-164011,2026-04-13 16:40:12,2026-04-13,,South Branch,L5 IN Kerala 1,7793,3000212.0,Pallickal Agencies,We did not order 7 cases of 1 kg coconut milk powder; therefore it is not selling in the market.,BI-Any other,Closed,INPRAKASMA1,2026-08-06 14:17:00,,Not Related to DC,,,2026.0,4.0,Apr,2026-04,Q2,1.0,Closed,Other Problem | Order Generation / Sales Issue | Unordered stock generated and supplied | Owner: Sales/ASM,Order Generation / Sales Issue,Sales/ASM,Order Generation; Commercial,,,,,,,,7 CASES,0.0,0.0,0.0,0.0,0.0,0.0,0.0,0.0,0.0,0.0,0.0,78,Closed,>15 Days
5651903-20260413-120424,2026-04-13 12:04:25,2026-04-13,,South Branch,L5 IN Chennai City 2,C749,5651903.0,Thangam Dhalls,On 8th April we received stock via invoice 974820250 .After unloading the stock we found Nestle tape on ceralac cases have been  removed and White tape used instead to seal the case..when we opened 3 such cases we found three missing pcs.,BI-Stock Shortages,Closed,INPRAKASMA1,2026-08-06 14:17:00,,Closed,GT Distributors,CCI Logistics Limited,2026.0,4.0,Apr,2026-04,Q2,1.0,Closed,Warehouse Problem | Stock Shortage | Short or not-received quantity | Owner: Warehouse/DC,Stock Shortage,Warehouse/DC,Stock Shortage,974820250,,,,,,290; 775,1 PCS,0.0,1.0,0.0,0.0,0.0,0.0,0.0,0.0,0.0,0.0,0.0,78,Closed,>15 Days
601785-20260413-121807,2026-04-13 12:18:07,2026-04-13,,South Branch,L5 IN Kerala 1,C963,601785.0,Vinod Agencies,INVOICE NUMBER: 1365802070,BI-Stock Shortages,Pending,,,,Pending,GT Distributors,BlueWave Supply Chain,2026.0,4.0,Apr,2026-04,Q2,1.0,Open / Pending,Warehouse Problem | Stock Shortage | Short or not-received quantity | Owner: Warehouse/DC,Stock Shortage,Warehouse/DC,Stock Shortage,1365802070,,,12458982; 12607462; 12608496,,53603657; 60440452CB; 60650452CF,,,0.0,1.0,0.0,0.0,0.0,0.0,0.0,0.0,0.0,0.0,0.0,78,Pending,>15 Days
6912092-20260413-115145,2026-04-13 11:51:45,2026-04-13,,South Branch,L5 IN Karnataka 3,B929,6912092.0,Intelligent Retail Private Limited,Product Code : 14445547,BI-Stock Shortages,Closed,INPRAKASMA1,2026-08-06 14:17:00,,Closed,GT Distributors,Diptab Ventures Pvt ltd,2026.0,4.0,Apr,2026-04,Q2,1.0,Closed,Other Problem | Transit Shortage | Shortage during transportation | Owner: Transporter/Logistics,Transit Shortage,Transporter/Logistics,Stock Shortage; Transit,938420995,A209464,KA-25C-4403,14445547,MAGGI 2-MINN Masala 96x75g N2 IN,60720455TB,15,1 CS,1.0,1.0,0.0,0.0,0.0,0.0,0.0,0.0,0.0,0.0,0.0,78,Closed,>15 Days
7083698-20260413-162401,2026-04-13 16:24:02,2026-04-13,,South Branch,L5 IN Bangalore City 2,B929,7083698.0,Intelligent Retail Private Limited,"We have received ""14378778"" - 'MUNCH Twin Bar 24(24x19.8g) NR IN', MRP-10, 2 cases shortage for Invoice# 938421338 dated 12/04/2026",BI-Stock Shortages,Closed,INPRAKASMA1,2026-08-06 14:17:00,,Closed,GT Distributors,KKP Express,2026.0,4.0,Apr,2026-04,Q2,1.0,Closed,Warehouse Problem | Stock Shortage | Short or not-received quantity | Owner: Warehouse/DC,Stock Shortage,Warehouse/DC,Stock Shortage,938421338,,,,,,10,2 CASES,0.0,1.0,0.0,0.0,0.0,0.0,0.0,0.0,0.0,0.0,0.0,78,Closed,>15 Days
7291479-20260413-105208,2026-04-13 10:52:08,2026-04-13,,South Branch,L5 IN Hyderabad 2,2032,7291479.0,Pay One Retail Private Limited,We ordered Maggi 450g 6 Cases But Received 1 case 15 MRP,BI-Batch Related Issues,Closed,INPRAKASMA1,2026-03-07 19:56:00,,Closed,GT Distributors,Jurigari Private Limited,2026.0,4.0,Apr,2026-04,Q2,1.0,Closed,Warehouse Problem | Batch Mismatch | Billed versus received batch mismatch | Owner: Warehouse/DC,Batch Mismatch,Warehouse/DC,Batch Mismatch,1099845582,5108,TS09UC8343,13680372,MAGGI 2-MINN Masala 16x450g N1 IN,60829939BA,87,6 CASES; 1 CASE; 87 CASES,1.0,0.0,0.0,0.0,0.0,0.0,1.0,0.0,0.0,0.0,0.0,78,Closed,>15 Days
7366995-20260413-162947,2026-04-13 16:29:47,2026-04-13,,South Branch,L5 IN Hyderabad 2,2032,7366995.0,Intelligent Retail Private Limited,INV NO : 1099845311,BI-Stock Shortages,Closed,INPRAKASMA1,2026-03-07 19:56:00,,Closed,GT Distributors,Jurigari Private Limited,2026.0,4.0,Apr,2026-04,Q2,1.0,Closed,Other Problem | Non-Warehouse Shortage | Warehouse dispatch verified; investigate transit/distributor | Owner: Transporter/Distributor,Non-Warehouse Shortage,Transporter/Distributor,Stock Shortage; MRP Mismatch,1099845311,,,,,,,1 CASE,1.0,1.0,0.0,0.0,1.0,0.0,0.0,0.0,0.0,0.0,0.0,78,Closed,>15 Days
7459087-20260413-164100,2026-04-13 16:41:01,2026-04-13,,South Branch,L5 IN Bangalore City 2,B929,7459087.0,Sima Agency,Invoice No.938421358 Dated: 12/04/2026,BI-Stock Shortages,Closed,INPRAKASMA1,2026-08-06 14:17:00,,Closed,GT Distributors,Diptab Ventures Pvt ltd,2026.0,4.0,Apr,2026-04,Q2,1.0,Closed,Other Problem | Transit Shortage | Shortage during transportation | Owner: Transporter/Logistics,Transit Shortage,Transporter/Logistics,Stock Shortage; Transit,,,,14445547,,60859939AA,15,,1.0,1.0,0.0,0.0,0.0,0.0,0.0,0.0,0.0,0.0,0.0,78,Closed,>15 Days
7459087-20260413-164303,2026-04-13 16:43:04,2026-04-13,,South Branch,L5 IN Bangalore City 2,B929,7459087.0,Sima Agency,Invoice No.938421358 Dated: 12/04/2026,BI-Stock Shortages,Closed,INPRAKASMA1,2026-08-06 14:17:00,,Closed,GT Distributors,Diptab Ventures Pvt ltd,2026.0,4.0,Apr,2026-04,Q2,1.0,Closed,Other Problem | Transit Shortage | Shortage during transportation | Owner: Transporter/Logistics,Transit Shortage,Transporter/Logistics,Stock Shortage; Transit,,,,14505767,,60580452DA,870,,1.0,1.0,0.0,0.0,0.0,0.0,0.0,0.0,0.0,0.0,0.0,78,Closed,>15 Days
7459087-20260413-164329,2026-04-13 16:43:29,2026-04-13,,South Branch,L5 IN Bangalore City 2,B929,7459087.0,Sima Agency,Invoice No.938421358 Dated: 12/04/2026,BI-Stock Shortages,Closed,INPRAKASMA1,2026-08-06 14:17:00,,Closed,GT Distributors,Diptab Ventures Pvt ltd,2026.0,4.0,Apr,2026-04,Q2,1.0,Closed,Warehouse Problem | Stock Shortage | Short or not-received quantity | Owner: Warehouse/DC,Stock Shortage,Warehouse/DC,Stock Shortage; Commercial/Billing,,,,12615615,,53460453J1,570,,0.0,1.0,0.0,0.0,0.0,0.0,0.0,0.0,0.0,0.0,0.0,78,Closed,>15 Days
5670356-20260406-163702,2026-06-04 16:37:00,2026-06-04,,South Branch,L5 IN Tamil Nadu 1,B744,5670356.0,MM Agencies,Invoice Number-959172332,BI-Stock Shortages,Closed,INPRAKASMA1,2026-08-06 14:17:00,,Closed,GT Distributors,KKP Express,2026.0,4.0,Apr,2026-04,Q2,1.0,Closed,Warehouse Problem | Promo / Free Goods Missing | Promotional or free item not received | Owner: Warehouse/DC,Promo / Free Goods Missing,Warehouse/DC,Promo Missing,959172332,,,14504152,MILKYBAR CHOO Jar 6(100x11g)PR Pen Fr IN,60800454UE,500,500 CASES; 16 CS,0.0,0.0,0.0,0.0,0.0,0.0,0.0,0.0,1.0,0.0,0.0,26,Closed,>15 Days
5881290-20260406-185618,2026-06-04 18:56:00,2026-06-04,,South Branch,L5 IN Andhrapradesh 4,C749,5881290.0,Lakshmi Enterprises,INV NO: 1099843945,BI-Batch Related Issues,Closed,INPRAKASMA1,2026-08-06 14:17:00,,Closed,GT Distributors,TCI Supply Chain Solutions (A Divn.,2026.0,4.0,Apr,2026-04,Q2,1.0,Closed,Warehouse Problem | Expiry / Short Expiry | Expired or insufficient shelf-life stock | Owner: Warehouse/DC,Expiry / Short Expiry,Warehouse/DC,Expiry,1099843945,,,,,608028141A; 530128141A,220,,0.0,0.0,0.0,0.0,0.0,0.0,0.0,1.0,0.0,0.0,0.0,26,Closed,>15 Days
601440-20260406-122308,2026-06-04 12:23:00,2026-06-04,,South Branch,L5 IN Andhrapradesh 3,C749,601440.0,Ramya Agenices,SUB:Stock short,BI-Stock Shortages,Closed,INPRAKASMA1,2026-08-06 14:17:00,,Closed,GT Distributors,CCI Logistics Limited,2026.0,4.0,Apr,2026-04,Q2,1.0,Closed,Other Problem | Transit Shortage | Shortage during transportation | Owner: Transporter/Logistics,Transit Shortage,Transporter/Logistics,Stock Shortage; Transit,974816721; 974815439; 974805014; 974817214,,,,,,10; 1260; 325,,1.0,1.0,0.0,0.0,0.0,0.0,0.0,0.0,0.0,0.0,0.0,26,Closed,>15 Days
601669-20260406-205202,2026-06-04 20:52:00,2026-06-04,,South Branch,L5 IN Karnataka 1,B929,601669.0,Srinivasa Agency,TRANSIT SHORTAGES,BI-Stock Shortages,Closed,INPRAKASMA1,2026-08-06 14:17:00,,Closed,GT Distributors,Diptab Ventures Pvt ltd,2026.0,4.0,Apr,2026-04,Q2,1.0,Closed,Other Problem | Transit Shortage | Shortage during transportation | Owner: Transporter/Logistics,Transit Shortage,Transporter/Logistics,Stock Shortage; Transit,938419853,A209437,,12359021,SUNRISE EXTRA Sachet 12(5x200g) PR MB IN,,,4 CASES; 1 CASE,1.0,1.0,0.0,0.0,0.0,0.0,0.0,0.0,0.0,0.0,0.0,26,Closed,>15 Days
6248455-20260406-135141,2026-06-04 13:51:00,2026-06-04,,South Branch,L5 IN Karnataka 2,B929,6248455.0,Sasnur Traders,1 pcs of Maggie 300gm damaged during transit,BI-Damages,Closed,INPRAKASMA1,2026-08-06 14:17:00,,Closed,GT Distributors,Lets,2026.0,4.0,Apr,2026-04,Q2,1.0,Closed,Other Problem | Transit Damage | Damage during transportation | Owner: Transporter/Logistics,Transit Damage,Transporter/Logistics,Damage; Transit,,,,,,,58,1 PCS,1.0,0.0,1.0,0.0,0.0,0.0,0.0,0.0,0.0,0.0,0.0,26,Closed,>15 Days
7012481-20260406-141247,2026-06-04 14:12:00,2026-06-04,,South Branch,L5 IN Hyderabad 1,2032,7012481.0,S V Enterprises,INV-1099844383,BI-Stock Shortages,Closed,INPRAKASMA1,2026-03-07 19:56:00,,Closed,GT Distributors,TCI Supply Chain Solutions (A Divn.,2026.0,4.0,Apr,2026-04,Q2,1.0,Closed,Other Problem | Non-Warehouse Shortage | Warehouse dispatch verified; investigate transit/distributor | Owner: Transporter/Distributor,Non-Warehouse Shortage,Transporter/Distributor,Stock Shortage,1099844383,,TS12UC9398,,,,330; 265,2 CASE; 1 CASE,1.0,1.0,0.0,0.0,0.0,0.0,0.0,0.0,0.0,0.0,0.0,26,Closed,>15 Days
7402251-20260406-160005,2026-06-04 16:00:00,2026-06-04,,South Branch,L5 IN Bangalore City 2,B929,7402251.0,Intelligent Retail Private Limited,"We have received ""12570941"" - 'AGGI Cuppa Chili Ndls 48x70g N2, MRP-55, 1 cases shortage for Invoice# 938419845 dated 06/04/2026",BI-Stock Shortages,Closed,INPRAKASMA1,2026-08-06 14:17:00,,Closed,GT Distributors,KKP Express,2026.0,4.0,Apr,2026-04,Q2,1.0,Closed,Other Problem | Transit Shortage | Shortage during transportation | Owner: Transporter/Logistics,Transit Shortage,Transporter/Logistics,Stock Shortage; Transit,938419845,,,,,,55,1 CASES,1.0,1.0,0.0,0.0,0.0,0.0,0.0,0.0,0.0,0.0,0.0,26,Closed,>15 Days
7459087-20260406-181552,2026-06-04 18:15:00,2026-06-04,,South Branch,L5 IN Bangalore City 2,B929,7459087.0,Sima Agency,Invoice No.938419780 Dated: 05/04/2026,BI-Any other,Closed,INPRAKASMA1,2026-08-06 14:17:00,,Closed,GT Distributors,KKP Express,2026.0,4.0,Apr,2026-04,Q2,1.0,Closed,Warehouse Problem | MRP / Price Mismatch | Billed versus received MRP mismatch | Owner: Warehouse/DC,MRP / Price Mismatch,Warehouse/DC,MRP Mismatch; Return,,,,12526099,,523703764T,85,,0.0,0.0,0.0,0.0,1.0,0.0,0.0,0.0,0.0,0.0,0.0,26,Closed,>15 Days
7469478-20260406-114128,2026-06-04 11:41:00,2026-06-04,,South Branch,L5 IN Andhrapradesh 2,2032,7469478.0,Jyothi Agencies,"Invoice No : 1099844004,  Date : 03/04/2026 ,",BI-Stock Shortages,Closed,INPRAKASMA1,2026-03-07 19:56:00,,Closed,GT Distributors,AVG Logistics Limited,2026.0,4.0,Apr,2026-04,Q2,1.0,Closed,Other Problem | Non-Warehouse Shortage | Warehouse dispatch verified; investigate transit/distributor | Owner: Transporter/Distributor,Non-Warehouse Shortage,Transporter/Distributor,Stock Shortage,1099844004,,,,,,,2 CASE; 1 CASE,1.0,1.0,0.0,0.0,0.0,0.0,0.0,0.0,0.0,0.0,0.0,26,Closed,>15 Days
1996721-20260404-150823,2026-04-04 15:08:00,2026-04-04,,South Branch,L5 IN Tamil Nadu 5,B744,1996721.0,R P Agency,PRODUCT CODE : 13757661,BI-Stock Shortages,Closed,INPRAKASMA1,2026-08-06 14:17:00,,Closed,GT Distributors,Chakradhara Aerospace And Cargo,2026.0,4.0,Apr,2026-04,Q2,1.0,Closed,Warehouse Problem | Stock Shortage | Short or not-received quantity | Owner: Warehouse/DC,Stock Shortage,Warehouse/DC,Stock Shortage,959171842,,,13757661,POLO BIG ROLL JAR 12((68+4)X13.5G)4UFr IN,60621519FA,5,1 CS,0.0,1.0,0.0,0.0,0.0,0.0,0.0,0.0,0.0,0.0,0.0,87,Closed,>15 Days
3595640-20260404-145727,2026-04-04 14:57:00,2026-04-04,,South Branch,L5 IN Tamil Nadu 4,B929,3595640.0,Shivani Traders,Product Description-  MRP - 87  MAGGI 2 MINN Mas 24*450g PR Rs 4 off IN - 4 CS Shortages,BI-Stock Shortages,Closed,INPRAKASMA1,2026-08-06 14:17:00,,Closed,GT Distributors,Lets,2026.0,4.0,Apr,2026-04,Q2,1.0,Closed,Other Problem | Transit Shortage | Shortage during transportation | Owner: Transporter/Logistics,Transit Shortage,Transporter/Logistics,Stock Shortage; Transit,,,KA53-1510,19023010,MRP - 87  MAGGI 2 MINN Mas 24*450g PR Rs 4 off IN - 4 CS Shortages,,87,4 CS,1.0,1.0,0.0,0.0,0.0,0.0,0.0,0.0,0.0,0.0,0.0,87,Closed,>15 Days
5144802-20260404-113758,2026-04-04 11:37:00,2026-04-04,,South Branch,L5 IN Tamil Nadu 1,B744,5144802.0,Jayasoundar Agency,"As per Inv no.959171336, shortage 2 cases of  12628829 MAGGI 2-MINN Masala 96x95g NR IN.",BI-Stock Shortages,Closed,INPRAKASMA1,2026-08-06 14:17:00,,Closed,GT Distributors,Chakradhara Aerospace And Cargo,2026.0,4.0,Apr,2026-04,Q2,1.0,Closed,Warehouse Problem | Stock Shortage | Short or not-received quantity | Owner: Warehouse/DC,Stock Shortage,Warehouse/DC,Stock Shortage,,,,,,,,2 CASES,0.0,1.0,0.0,0.0,0.0,0.0,0.0,0.0,0.0,0.0,0.0,87,Closed,>15 Days
5533884-20260404-192238,2026-04-04 19:22:00,2026-04-04,,South Branch,L5 IN Hyderabad 1,2032,5533884.0,Shri Hanuman Agencies,product code 12616941,BI-Stock Shortages,Closed,INPRAKASMA1,2026-03-07 19:56:00,,Closed,GT Distributors,Jurigari Private Limited,2026.0,4.0,Apr,2026-04,Q2,1.0,Closed,Other Problem | Non-Warehouse Shortage | Warehouse dispatch verified; investigate transit/distributor | Owner: Transporter/Distributor,Non-Warehouse Shortage,Transporter/Distributor,Stock Shortage,1099843962,,,12616941,,60767742AA,50,8 CASE,1.0,1.0,0.0,0.0,0.0,0.0,0.0,0.0,0.0,0.0,0.0,87,Closed,>15 Days
601738-20260404-133316,2026-04-04 13:33:00,2026-04-04,,South Branch,L5 IN Tamil Nadu 2,B744,601738.0,V.G.Rajamani Agencies (P) LTD,INV NO:959172130 DATED 04.04.2026,BI-Expiry / Bad Goods,Closed,INPRAKASMA1,2026-08-06 14:17:00,,Closed,GT Distributors,KKP Express,2026.0,4.0,Apr,2026-04,Q2,1.0,Closed,Warehouse Problem | Expiry / Short Expiry | Expired or insufficient shelf-life stock | Owner: Warehouse/DC,Expiry / Short Expiry,Warehouse/DC,Expiry,959172130,,,12426635,,60430451DK; 52760451DK,390,1 CASE,0.0,0.0,0.0,0.0,0.0,0.0,0.0,1.0,0.0,0.0,0.0,87,Closed,>15 Days
6824058-20260404-114351,2026-04-04 11:43:00,2026-04-04,,South Branch,L5 IN Karnataka 1,B929,6824058.0,Aarav Associates,"Dear Team,",BI-Stock Shortages,Closed,INPRAKASMA1,2026-08-06 14:17:00,,Closed,GT Distributors,AVG Logistics Limited,2026.0,4.0,Apr,2026-04,Q2,1.0,Closed,Warehouse Problem | Stock Shortage | Short or not-received quantity | Owner: Warehouse/DC,Stock Shortage,Warehouse/DC,Stock Shortage,938418663,,,,MUNCH Maxx 12(24x42g) PR Iphone IN,60080454N1,20,1 CASE,0.0,1.0,0.0,0.0,0.0,0.0,0.0,0.0,0.0,0.0,0.0,87,Closed,>15 Days
6875547-20260404-135025,2026-04-04 13:50:00,2026-04-04,,South Branch,L5 IN Chennai City 2,C749,6875547.0,GVR Agencies,Product code -14445547 Recived 1cas short  against invoice no-974818979,BI-Stock Shortages,Closed,INPRAKASMA1,2026-08-06 14:17:00,,Closed,GT Distributors,CCI Logistics Limited,2026.0,4.0,Apr,2026-04,Q2,1.0,Closed,Warehouse Problem | Stock Shortage | Short or not-received quantity | Owner: Warehouse/DC,Stock Shortage,Warehouse/DC,Stock Shortage,974818979,,,14445547,,,,,0.0,1.0,0.0,0.0,0.0,0.0,0.0,0.0,0.0,0.0,0.0,87,Closed,>15 Days
6875547-20260404-135351,2026-04-04 13:53:00,2026-04-04,,South Branch,L5 IN Chennai City 2,C749,6875547.0,GVR Agencies,"Product code 12359021,25 biscuts short against invoice number-974814581",BI-Stock Shortages,Reopened,,,,Reopened,GT Distributors,Sakthi Jayavel Motors,2026.0,4.0,Apr,2026-04,Q2,1.0,Open / Pending,Warehouse Problem | Stock Shortage | Short or not-received quantity | Owner: Warehouse/DC,Stock Shortage,Warehouse/DC,Stock Shortage,974814581,,,12359021,,,,,0.0,1.0,0.0,0.0,0.0,0.0,0.0,0.0,0.0,0.0,0.0,87,Reopened,>15 Days
7265306-20260404-132700,2026-04-04 13:27:00,2026-04-04,,South Branch,L5 IN Bangalore City 2,B929,7265306.0,V Enterprises,invoice number-938410982,BI-Batch Related Issues,Closed,INPRAKASMA1,2026-08-06 14:17:00,,Closed,GT Distributors,Unity 3PL Services Pvt Ltd,2026.0,4.0,Apr,2026-04,Q2,1.0,Closed,Warehouse Problem | MRP / Price Mismatch | Billed versus received MRP mismatch | Owner: Warehouse/DC,MRP / Price Mismatch,Warehouse/DC,MRP Mismatch; Commercial/Billing,938410982,,,,,52900454UF; 5307045783,80; 70,,0.0,0.0,0.0,0.0,1.0,0.0,0.0,0.0,0.0,0.0,0.0,87,Closed,>15 Days
5257100-20260403-115419,2026-03-04 11:54:00,2026-03-04,,South Branch,L5 IN Karnataka NP,B929,5257100.0,Shri Vinayaka Agencies Vending,INVOICE NUMBER : 938419125,BI-Stock Shortages,Closed,INPRAKASMA1,2026-08-06 14:17:00,,Closed,NP-Distributor,Diptab Ventures Pvt ltd,2026.0,4.0,Apr,2026-04,Q2,1.0,Closed,Warehouse Problem | Stock Shortage | Short or not-received quantity | Owner: Warehouse/DC,Stock Shortage,Warehouse/DC,Stock Shortage,938419125,,,12312522,,,444,5 CASES; 3 CASE,0.0,1.0,0.0,0.0,0.0,0.0,0.0,0.0,0.0,0.0,0.0,118,Closed,>15 Days
600991-20260403-103530,2026-03-04 10:35:00,2026-03-04,,South Branch,L5 IN Tamil Nadu 3,B744,600991.0,Annapoorni Agencies,INV NO: 959171470 DATE: 02.04.2026  BATCH CODE: 60730451YA MRR 84 MILKMAID DOY PACK ONE CASE,BI-Damages,Closed,INPRAKASMA1,2026-08-06 14:17:00,,Closed,GT Distributors,Indian Express Cargo,2026.0,4.0,Apr,2026-04,Q2,1.0,Closed,Warehouse Problem | Product Damage | Damaged stock at receipt | Owner: Warehouse/DC,Product Damage,Warehouse/DC,Damage,959171470,,,,,60730451YA,,,0.0,0.0,1.0,0.0,0.0,0.0,0.0,0.0,0.0,0.0,0.0,118,Closed,>15 Days
601476-20260403-160256,2026-03-04 16:02:00,2026-03-04,,South Branch,L5 IN Karnataka 3,B929,601476.0,S M M Agencies,INV NO: 938415216 DATE:16.03.2026      ,BI-Any other,Closed,INPRAKASMA1,2026-08-06 14:17:00,,Closed,GT Distributors,KKP Express,2026.0,4.0,Apr,2026-04,Q2,1.0,Closed,Warehouse Problem | MRP / Price Mismatch | Billed versus received MRP mismatch | Owner: Warehouse/DC,MRP / Price Mismatch,Warehouse/DC,MRP Mismatch,938415216,,,12610095,,60167742AA,75; 70,2 CASE,0.0,0.0,0.0,0.0,1.0,0.0,0.0,0.0,0.0,0.0,0.0,118,Closed,>15 Days
601773-20260403-151600,2026-03-04 15:16:00,2026-03-04,,South Branch,L5 IN Hyderabad 2,2032,601773.0,Vijayalaxmi Agencies,"SIR,",BI-Promo SKUs,Pending,,,,Pending,GT Distributors,Jurigari Private Limited,2026.0,4.0,Apr,2026-04,Q2,1.0,Open / Pending,Warehouse Problem | Stock Shortage | Short or not-received quantity | Owner: Warehouse/DC,Stock Shortage,Warehouse/DC,Stock Shortage,,,,,,,,,0.0,1.0,0.0,0.0,0.0,0.0,0.0,0.0,0.0,0.0,0.0,118,Pending,>15 Days
601785-20260403-121046,2026-03-04 12:10:00,2026-03-04,,South Branch,L5 IN Kerala 1,C963,601785.0,Vinod Agencies,invoice number : 1365801367,BI-Stock Shortages,Pending,,,,Pending,GT Distributors,Global Trade Solutions,2026.0,4.0,Apr,2026-04,Q2,1.0,Open / Pending,Warehouse Problem | Stock Shortage | Short or not-received quantity | Owner: Warehouse/DC,Stock Shortage,Warehouse/DC,Stock Shortage,1365801367,,,14378859,,60600451NA,,2 EA,0.0,1.0,0.0,0.0,0.0,0.0,0.0,0.0,0.0,0.0,0.0,118,Pending,>15 Days
7256641-20260403-111917,2026-03-04 11:19:00,2026-03-04,,South Branch,L5 IN Chennai City 2,C749,7256641.0,Rathna Agencies,Product Code :  13776709,BI-Stock Shortages,Closed,INPRAKASMA1,2026-08-06 14:17:00,,Closed,GT Distributors,,2026.0,4.0,Apr,2026-04,Q2,1.0,Closed,Warehouse Problem | Stock Shortage | Short or not-received quantity | Owner: Warehouse/DC,Stock Shortage,Warehouse/DC,Stock Shortage,,,,13776709,MILKYBAR Moosha Ctln 12(15x40.5g) IN,60650454F1,20,1 CASE,0.0,1.0,0.0,0.0,0.0,0.0,0.0,0.0,0.0,0.0,0.0,118,Closed,>15 Days
7369977-20260403-171134,2026-03-04 17:11:00,2026-03-04,,South Branch,L5 IN Hyderabad 2,2032,7369977.0,Sri Sudharshana Traders,in the invoice no:1099843521 dated on 1/4/2026 we received 50 cases of maggi 16x450g of  with the batch code:60829939BA  in that few packets are damaged in the cottons.,BI-Damages,Closed,INPRAKASMA1,2026-03-07 19:56:00,,Closed,GT Distributors,TCI Supply Chain Solutions (A Divn.,2026.0,4.0,Apr,2026-04,Q2,1.0,Closed,Other Problem | Transit Damage | Damage during transportation | Owner: Transporter/Logistics,Transit Damage,Transporter/Logistics,Damage; Transit,1099843521,,,,,60829939BA,,50 CASES,1.0,0.0,1.0,0.0,0.0,0.0,0.0,0.0,0.0,0.0,0.0,118,Closed,>15 Days
5533884-20260402-205739,2026-02-04 20:57:00,2026-02-04,,South Branch,L5 IN Hyderabad 1,2032,5533884.0,Shri Hanuman Agencies,product code 14033996,BI-Stock Shortages,Closed,INPRAKASMA1,2026-03-07 19:56:00,,Closed,GT Distributors,AVG Logistics Limited,2026.0,4.0,Apr,2026-04,Q2,1.0,Closed,Other Problem | Non-Warehouse Shortage | Warehouse dispatch verified; investigate transit/distributor | Owner: Transporter/Distributor,Non-Warehouse Shortage,Transporter/Distributor,Stock Shortage,1099843388,,,14033996,,60500455AA,5,3 CASE,1.0,1.0,0.0,0.0,0.0,0.0,0.0,0.0,0.0,0.0,0.0,146,Closed,>15 Days
601383-20260402-105418,2026-02-04 10:54:00,2026-02-04,,South Branch,L5 IN Karnataka 2,B929,601383.0,Pavan Agencies,NEAR EXPIRY STOCK RECEIVED,BI-Batch Related Issues,Closed,INPRAKASMA1,2026-08-06 14:17:00,,Closed,GT Distributors,Bharath Transport Company,2026.0,4.0,Apr,2026-04,Q2,1.0,Closed,Warehouse Problem | Expiry / Short Expiry | Expired or insufficient shelf-life stock | Owner: Warehouse/DC,Expiry / Short Expiry,Warehouse/DC,Expiry; Commercial/Billing,,,,,- KIT KAT DELIGHTS Multipack 48x150g IN,,,290 CASES; 1 CASES,0.0,0.0,0.0,0.0,0.0,0.0,0.0,1.0,0.0,0.0,0.0,146,Closed,>15 Days
601383-20260402-105833,2026-02-04 10:58:00,2026-02-04,,South Branch,L5 IN Karnataka 2,B929,601383.0,Pavan Agencies,NEAR EXPIRY STOCK RECEIVED,BI-Batch Related Issues,Closed,INPRAKASMA1,2026-08-06 14:17:00,,Closed,GT Distributors,Diptab Ventures Pvt ltd,2026.0,4.0,Apr,2026-04,Q2,1.0,Closed,Warehouse Problem | Expiry / Short Expiry | Expired or insufficient shelf-life stock | Owner: Warehouse/DC,Expiry / Short Expiry,Warehouse/DC,Expiry; Commercial/Billing,,,,,-NAN LO-LAC IF BIB 24x200g INNE003 IN,,,375 CASES; 1 CASES,0.0,0.0,0.0,0.0,0.0,0.0,0.0,1.0,0.0,0.0,0.0,146,Closed,>15 Days
601383-20260402-110820,2026-02-04 11:08:00,2026-02-04,,South Branch,L5 IN Karnataka 2,B929,601383.0,Pavan Agencies,MISSMATCH OF MRP STOCKS,BI-Any other,Closed,INPRAKASMA1,2026-08-06 14:17:00,,Closed,GT Distributors,Delhi Punjab Roadlines,2026.0,4.0,Apr,2026-04,Q2,1.0,Closed,Warehouse Problem | MRP / Price Mismatch | Billed versus received MRP mismatch | Owner: Warehouse/DC,MRP / Price Mismatch,Warehouse/DC,MRP Mismatch; Commercial/Billing,,,,,-NESTLE NESTOGEN1 BIB24x400gINNN004-1NRIN,,,299 CASES; 1 CASES,0.0,0.0,0.0,0.0,1.0,0.0,0.0,0.0,0.0,0.0,0.0,146,Closed,>15 Days
601780-20260402-134258,2026-02-04 13:42:00,2026-02-04,,South Branch,L5 IN Hyderabad 1,2032,601780.0,Vijeta Enterprises,"Inv No: 1099843454, Date : 02-04-2026",BI-Stock Shortages,Closed,INPRAKASMA1,2026-03-07 19:56:00,,Closed,GT Distributors,TCI Supply Chain Solutions (A Divn.,2026.0,4.0,Apr,2026-04,Q2,1.0,Closed,Warehouse Problem | MRP / Price Mismatch | Billed versus received MRP mismatch | Owner: Warehouse/DC,MRP / Price Mismatch,Warehouse/DC,MRP Mismatch,1099843454,,,,,,113; 108; 122,3 CS; 19 CS; 11 CS; 5 CS,1.0,0.0,0.0,0.0,1.0,0.0,0.0,0.0,0.0,0.0,0.0,146,Closed,>15 Days
6935414-20260401-130452,2026-01-04 13:04:00,2026-01-04,,South Branch,L5 IN Andhrapradesh 2,2032,6935414.0,Sai Raju Enterprises,LR No : 74645,BI-Stock Shortages,Closed,INPRAKASMA1,2026-03-07 19:56:00,,Closed,GT Distributors,Glovis India Private Limited,2026.0,4.0,Apr,2026-04,Q2,1.0,Closed,Other Problem | Non-Warehouse Shortage | Warehouse dispatch verified; investigate transit/distributor | Owner: Transporter/Distributor,Non-Warehouse Shortage,Transporter/Distributor,Stock Shortage,1099843109,74645,,12628829,,60440451PA,,12 PCS; 1 PC,1.0,1.0,0.0,0.0,0.0,0.0,0.0,0.0,0.0,0.0,0.0,177,Closed,>15 Days
6958240-20260401-120255,2026-01-04 12:02:00,2026-01-04,,South Branch,L5 IN Tamil Nadu 1,B744,6958240.0,Ramya Agency,KKP ENTERPRISES,BI-Damages,Closed,INPRAKASMA1,2026-08-06 14:17:00,,Closed,GT Distributors,KKP Express,2026.0,4.0,Apr,2026-04,Q2,1.0,Closed,Other Problem | Transit Damage | Damage during transportation | Owner: Transporter/Logistics,Transit Damage,Transporter/Logistics,Damage; Transit,959165216,,,13679901; 13680372,,60560455TB; 60290452CA,,6 CASES,1.0,0.0,1.0,0.0,0.0,0.0,0.0,0.0,0.0,0.0,0.0,177,Closed,>15 Days
5622725-20260331-114604,2026-03-31 11:46:05,2026-03-31,,South Branch,L5 IN Andhrapradesh 3,2032,5622725.0,Sri Uma Maheswara Agencies,LR NUMBER : 0485,BI-Stock Shortages,Pending,,,,Pending,GT Distributors,Chirag Road Lines,2026.0,3.0,Mar,2026-03,Q1,1.0,Open / Pending,Warehouse Problem | Stock Shortage | Short or not-received quantity | Owner: Warehouse/DC,Stock Shortage,Warehouse/DC,Stock Shortage,1099843094,485,,12579461,LACTOGEN PRO 1 TIN 30*200GMS 245/- M.RP ONE CASE SHORTAGE,,,,0.0,1.0,0.0,0.0,0.0,0.0,0.0,0.0,0.0,0.0,0.0,91,Pending,>15 Days
601101-20260331-174304,2026-03-31 17:43:04,2026-03-31,,South Branch,L5 IN Kerala 2,C963,601101.0,Eskay Traders,We are not able to generate sales return e invoice In GST PORTAL,BI-Any other,Pending,,,,No Related To DC,,,2026.0,3.0,Mar,2026-03,Q1,1.0,Open / Pending,Other Problem | Credit Note / Billing | Commercial or invoice-processing issue | Owner: Commercial/Billing,Credit Note / Billing,Commercial/Billing,Commercial/Billing; Return,,,,,,,,,0.0,0.0,0.0,0.0,0.0,0.0,0.0,0.0,0.0,0.0,0.0,91,Pending,>15 Days
6441951-20260331-163702,2026-03-31 16:37:02,2026-03-31,,South Branch,L5 IN Karnataka 2,B929,6441951.0,Bagi Trading Company,INVOICE NO. 938418147 DATED 28/02/2026 MAGGI Ntr-lcs Atta 24x290g PL IN MRP 116/- 3 CASES RECEVIED OR IN INVOICE THERE IS ONLY 2 CASE. 1 CASE RECEIVED EXCESS & PRICE ALSO DIFFERNCES. PHYSICAL STOCK RECEVIED MRP 108/-  3 CASES.. LR NO. 2012340,BI-Excess Against Invoice Quantity,Closed,INPRAKASMA1,2026-08-06 14:17:00,,Closed,GT Distributors,AVG Logistics Limited,2026.0,3.0,Mar,2026-03,Q1,1.0,Closed,Warehouse Problem | MRP / Price Mismatch | Billed versus received MRP mismatch | Owner: Warehouse/DC,MRP / Price Mismatch,Warehouse/DC,Stock Excess; MRP Mismatch,,,,,,,116; 108,3 CASES; 2 CASE; 1 CASE,0.0,0.0,0.0,1.0,1.0,0.0,0.0,0.0,0.0,0.0,0.0,91,Closed,>15 Days
6441951-20260331-193005,2026-03-31 19:30:06,2026-03-31,,South Branch,L5 IN Karnataka 2,B929,6441951.0,Bagi Trading Company,INVOICE NO. 938418146 DATED 28/02/2026  KIT KAT 16x1F Sharebag 64x118.4g IN Billing MRP: 149 rs & received Stock of Rs. 120rs,BI-Batch Related Issues,Closed,INPRAKASMA1,2026-08-06 14:17:00,,Closed,GT Distributors,AVG Logistics Limited,2026.0,3.0,Mar,2026-03,Q1,1.0,Closed,Warehouse Problem | MRP / Price Mismatch | Billed versus received MRP mismatch | Owner: Warehouse/DC,MRP / Price Mismatch,Warehouse/DC,MRP Mismatch,,,,,,,149,,0.0,0.0,0.0,0.0,1.0,0.0,0.0,0.0,0.0,0.0,0.0,91,Closed,>15 Days
4637644-20260330-115803,2026-03-30 11:58:04,2026-03-30,,South Branch,L5 IN Karnataka 3,B929,4637644.0,Sri Vijaya Enterprises,Product Name : MAGGI 2-MIN NDLS Masala Chain 108x52g IN,BI-Stock Shortages,Closed,INPRAKASMA1,2026-08-06 14:17:00,,Closed,GT Distributors,Diptab Ventures Pvt ltd,2026.0,3.0,Mar,2026-03,Q1,1.0,Closed,Warehouse Problem | Stock Shortage | Short or not-received quantity | Owner: Warehouse/DC,Stock Shortage,Warehouse/DC,Stock Shortage,938418195,,,13678473,MAGGI 2-MIN NDLS Masala Chain 108x52g IN,60532814AA,,280 CS; 31 CS,0.0,1.0,0.0,0.0,0.0,0.0,0.0,0.0,0.0,0.0,0.0,92,Closed,>15 Days
601236-20260330-181917,2026-03-30 18:19:18,2026-03-30,,South Branch,L5 IN Kerala 1,C963,601236.0,Krishna Enterprises,INVOICE NO:1365801633,BI-Stock Shortages,Closed,INPRAKASMA1,2026-08-06 14:17:00,,Closed,GT Distributors,Global Trade Solutions,2026.0,3.0,Mar,2026-03,Q1,1.0,Closed,Warehouse Problem | Stock Shortage | Short or not-received quantity | Owner: Warehouse/DC,Stock Shortage,Warehouse/DC,Stock Shortage,1365801633,,,,,60070452DA,,,0.0,1.0,0.0,0.0,0.0,0.0,0.0,0.0,0.0,0.0,0.0,92,Closed,>15 Days
601683-20260330-164525,2026-03-30 16:45:26,2026-03-30,,South Branch,L5 IN Hyderabad 2,2032,601683.0,Subham Agencies,MRP MISMATCH,BI-Any other,Closed,INPRAKASMA1,2026-03-07 19:56:00,,Closed,GT Distributors,Glovis India Private Limited,2026.0,3.0,Mar,2026-03,Q1,1.0,Closed,Warehouse Problem | MRP / Price Mismatch | Billed versus received MRP mismatch | Owner: Warehouse/DC,MRP / Price Mismatch,Warehouse/DC,MRP Mismatch,1099842588,,,,,,90; 80,1 CS,1.0,0.0,0.0,0.0,1.0,0.0,0.0,0.0,0.0,0.0,0.0,92,Closed,>15 Days
6171788-20260330-130748,2026-03-30 13:07:49,2026-03-30,,South Branch,L5 IN Kerala 4,B744,6171788.0,Winline Distributors,TRANSIT SHORTAGE AND EXCESS IN THE LOAD,BI-Stock Shortages,Closed,INPRAKASMA1,2026-08-06 14:17:00,,Closed,GT Distributors,KKP Express,2026.0,3.0,Mar,2026-03,Q1,1.0,Closed,Other Problem | Transit Shortage | Shortage during transportation | Owner: Transporter/Logistics,Transit Shortage,Transporter/Logistics,Stock Shortage; Stock Excess; Transit,959170222,,,12619735; 12605821,KIT KAT 4 Finger Anime; KIT KAT 8x1F Family Pack 120x59.2g,,,3 CASES,1.0,1.0,0.0,1.0,0.0,0.0,0.0,0.0,0.0,0.0,0.0,92,Closed,>15 Days
6819782-20260330-155758,2026-03-30 15:57:58,2026-03-30,,South Branch,L5 IN Andhrapradesh 2,2032,6819782.0,Sai Sudha Agencies,"in inv no 1099842988 dt 28.03.26 billed classic 90 gms jar mrp 445- 1 case, but received sunrise 90gm jar - 1 case (mrp 320)  , chirag road lines drive name Abdul veh no HR38AF7681 with lr no N-HYD-25_0488 . do the needful",BI-Any other,Pending,,,,Pending,GT Distributors,Chirag Road Lines,2026.0,3.0,Mar,2026-03,Q1,1.0,Open / Pending,Warehouse Problem | MRP / Price Mismatch | Billed versus received MRP mismatch | Owner: Warehouse/DC,MRP / Price Mismatch,Warehouse/DC,MRP Mismatch,1099842988,N-HYD-25,HR38AF7681,,,,445; 320,1 CASE,0.0,0.0,0.0,0.0,1.0,0.0,0.0,0.0,0.0,0.0,0.0,92,Pending,>15 Days
7083698-20260330-155358,2026-03-30 15:53:59,2026-03-30,,South Branch,L5 IN Bangalore City 2,B929,7083698.0,Intelligent Retail Private Limited,"We have received ""12608496"" - 'MAGGI 2-MINN Masala 48x150g N1 IN', MRP-30, 1 cases shortage for Invoice# 938418509 dated 30/03/2026",BI-Stock Shortages,Closed,INPRAKASMA1,2026-08-06 14:17:00,,Closed,GT Distributors,Diptab Ventures Pvt ltd,2026.0,3.0,Mar,2026-03,Q1,1.0,Closed,Other Problem | Transit Shortage | Shortage during transportation | Owner: Transporter/Logistics,Transit Shortage,Transporter/Logistics,Stock Shortage; Transit,938418509,,,,,,30,1 CASES,1.0,1.0,0.0,0.0,0.0,0.0,0.0,0.0,0.0,0.0,0.0,92,Closed,>15 Days
7459087-20260330-122511,2026-03-30 12:25:12,2026-03-30,,South Branch,L5 IN Bangalore City 2,B929,7459087.0,Sima Agency,Invoice No.938418259 Dated: 28/03/2026,BI-Stock Shortages,Closed,INPRAKASMA1,2026-08-06 14:17:00,,Closed,GT Distributors,Diptab Ventures Pvt ltd,2026.0,3.0,Mar,2026-03,Q1,1.0,Closed,Other Problem | Transit Shortage | Shortage during transportation | Owner: Transporter/Logistics,Transit Shortage,Transporter/Logistics,Stock Shortage; Transit,,,,12629157,,60740454B1,10,,1.0,1.0,0.0,0.0,0.0,0.0,0.0,0.0,0.0,0.0,0.0,92,Closed,>15 Days
5600288-20260328-090803,2026-03-28 09:08:04,2026-03-28,,South Branch,L5 IN Kerala 1,C963,5600288.0,KV Agencies,MILKYBAR Mould 24(30x13.2g) IN one gray box (30 pcs) short in one case.,BI-Stock Shortages,Closed,INPRAKASMA1,2026-08-06 14:17:00,,Closed,GT Distributors,Global Trade Solutions,2026.0,3.0,Mar,2026-03,Q1,1.0,Closed,Warehouse Problem | Stock Shortage | Short or not-received quantity | Owner: Warehouse/DC,Stock Shortage,Warehouse/DC,Stock Shortage,1365801575,,,13718223,,6067045X1,,30 PCS,0.0,1.0,0.0,0.0,0.0,0.0,0.0,0.0,0.0,0.0,0.0,94,Closed,>15 Days
601172-20260328-102101,2026-03-28 10:21:01,2026-03-28,,South Branch,L5 IN Kerala 1,7793,601172.0,J & B Associates,inv no1365360114 dtd27/03/26 mag mas450g pr rs 4 off product code13680299 batch code 60500452CA 1C/S SHORT.,BI-Stock Shortages,Closed,INPRAKASMA1,2026-08-06 14:17:00,,Closed,GT Distributors,DRIVER LOGISTICS LLP,2026.0,3.0,Mar,2026-03,Q1,1.0,Closed,Warehouse Problem | Stock Excess | Excess quantity received | Owner: Warehouse/DC,Stock Excess,Warehouse/DC,Stock Shortage; Stock Excess,1365360114,,,13680299; 12614862,,60500452CA; 605204517D,,,0.0,1.0,0.0,1.0,0.0,0.0,0.0,0.0,0.0,0.0,0.0,94,Closed,>15 Days
6310775-20260328-194016,2026-03-28 19:40:17,2026-03-28,,South Branch,L5 IN Andhrapradesh 4,2032,6310775.0,S S Distributors,invoice no- 1099843027,BI-Sealing Issue,Closed,INPRAKASMA1,2026-03-07 19:56:00,,Closed,GT Distributors,Glovis India Private Limited,2026.0,3.0,Mar,2026-03,Q1,1.0,Closed,"Warehouse Problem | Packaging / Sealing | Packing, sealing, or case configuration issue | Owner: Warehouse/DC",Packaging / Sealing,Warehouse/DC,Packaging/Sealing,1099843027,,,,,,,,1.0,0.0,0.0,0.0,0.0,0.0,0.0,0.0,0.0,0.0,0.0,94,Closed,>15 Days
6441951-20260328-180739,2026-03-28 18:07:39,2026-03-28,,South Branch,L5 IN Karnataka 2,B929,6441951.0,Bagi Trading Company,INVOICE NO. 938415316 DATED 17/03/2026 POLO Big Roll Jar 12((68+4)x12g)N4 IN 2 CASES TRASNIT SHORTGES RECEVIED,BI-Stock Shortages,Closed,INPRAKASMA1,2026-08-06 14:17:00,,Closed,GT Distributors,Diptab Ventures Pvt ltd,2026.0,3.0,Mar,2026-03,Q1,1.0,Closed,Other Problem | Transit Shortage | Shortage during transportation | Owner: Transporter/Logistics,Transit Shortage,Transporter/Logistics,Stock Shortage; Transit,,,,,,,,2 CASES,1.0,1.0,0.0,0.0,0.0,0.0,0.0,0.0,0.0,0.0,0.0,94,Closed,>15 Days
6700167-20260328-183901,2026-03-28 18:39:01,2026-03-28,,South Branch,L5 IN Andhrapradesh 2,2032,6700167.0,Laasritha Enterprises,INV NO 1099842770 DT 27/03/2026 MAGGI SPICY MUNCHURIAN 96X61G MRP 25/- 1 CASE SHORT EXPAIRY STOCK RECEIVED WE ARE SENDING THE BOX BACK TO THE COMPANY IN SAME VEHICLE DRIVER NAME ANJANEYULU CELLNO 9866751653,BI-Stock Shortages,Pending,,,,Pending,GT Distributors,Glovis India Private Limited,2026.0,3.0,Mar,2026-03,Q1,1.0,Open / Pending,Warehouse Problem | MRP / Price Mismatch | Billed versus received MRP mismatch | Owner: Warehouse/DC,MRP / Price Mismatch,Warehouse/DC,Stock Shortage; MRP Mismatch,1099842770,,DRIVER,,,,25,1 CASE,0.0,1.0,0.0,0.0,1.0,0.0,0.0,0.0,0.0,0.0,0.0,94,Pending,>15 Days
7083062-20260328-123402,2026-03-28 12:34:02,2026-03-28,,South Branch,L5 IN Karnataka 3,B929,7083062.0,Sri Venkateshwara Distributors,1 CASE SHORTAGE,BI-Stock Shortages,Closed,INPRAKASMA1,2026-08-06 14:17:00,,Closed,GT Distributors,AVG Logistics Limited,2026.0,3.0,Mar,2026-03,Q1,1.0,Closed,Warehouse Problem | Stock Shortage | Short or not-received quantity | Owner: Warehouse/DC,Stock Shortage,Warehouse/DC,Stock Shortage,,,,,,,,1 CASE,0.0,1.0,0.0,0.0,0.0,0.0,0.0,0.0,0.0,0.0,0.0,94,Closed,>15 Days
7083698-20260328-183411,2026-03-28 18:34:11,2026-03-28,,South Branch,L5 IN Bangalore City 2,B929,7083698.0,Intelligent Retail Private Limited,"We have received ""13843479"" - 'MILKYBAR CHOO Strawberry Sbg 64(9x11g)IN, MRP-50, 22 cases shortage for Invoice# 938417986 dated 28/03/2026",BI-Stock Shortages,Closed,INPRAKASMA1,2026-08-06 14:17:00,,Closed,GT Distributors,KKP Express,2026.0,3.0,Mar,2026-03,Q1,1.0,Closed,Warehouse Problem | Stock Shortage | Short or not-received quantity | Owner: Warehouse/DC,Stock Shortage,Warehouse/DC,Stock Shortage,938417986,,,,,,50,22 CASES,0.0,1.0,0.0,0.0,0.0,0.0,0.0,0.0,0.0,0.0,0.0,94,Closed,>15 Days
7083698-20260328-183512,2026-03-28 18:35:12,2026-03-28,,South Branch,L5 IN Bangalore City 2,B929,7083698.0,Intelligent Retail Private Limited,"We have received ""13680299"" - 'MAGGI 2-MINN Mas 16x450g PR Rs 4 Off IN', MRP-87, 2 Pc damage for Invoice# 938417987 dated 28/03/2026",BI-Damages,Closed,INPRAKASMA1,2026-08-06 14:17:00,,Closed,GT Distributors,KKP Express,2026.0,3.0,Mar,2026-03,Q1,1.0,Closed,Warehouse Problem | Product Damage | Damaged stock at receipt | Owner: Warehouse/DC,Product Damage,Warehouse/DC,Damage,938417987,,,,,,87,2 PC,0.0,0.0,1.0,0.0,0.0,0.0,0.0,0.0,0.0,0.0,0.0,94,Closed,>15 Days
5600288-20260327-122913,2026-03-27 12:29:14,2026-03-27,,South Branch,L5 IN Kerala 1,C963,5600288.0,KV Agencies,One Case NESCAFE CLASSIC Jar 30x45gm PR Cshbck IN short received.,BI-Stock Shortages,Closed,INPRAKASMA1,2026-08-06 14:17:00,,Closed,GT Distributors,,2026.0,3.0,Mar,2026-03,Q1,1.0,Closed,Warehouse Problem | Stock Shortage | Short or not-received quantity | Owner: Warehouse/DC,Stock Shortage,Warehouse/DC,Stock Shortage,,,,14293213,,60340452DA,,,0.0,1.0,0.0,0.0,0.0,0.0,0.0,0.0,0.0,0.0,0.0,95,Closed,>15 Days
5600288-20260327-150111,2026-03-27 15:01:12,2026-03-27,,South Branch,L5 IN Kerala 1,C963,5600288.0,KV Agencies,Two cases short received MAGGI 2-MINN Spicy Garlic 96x62g N1 IN.,BI-Stock Shortages,Closed,INPRAKASMA1,2026-08-06 14:17:00,,Closed,GT Distributors,Global Trade Solutions,2026.0,3.0,Mar,2026-03,Q1,1.0,Closed,Warehouse Problem | Stock Shortage | Short or not-received quantity | Owner: Warehouse/DC,Stock Shortage,Warehouse/DC,Stock Shortage,1365801023,,,12559338,,60522814KA,,,0.0,1.0,0.0,0.0,0.0,0.0,0.0,0.0,0.0,0.0,0.0,95,Closed,>15 Days
5600288-20260327-150435,2026-03-27 15:04:35,2026-03-27,,South Branch,L5 IN Kerala 1,2040,5600288.0,KV Agencies,One case short received MAGGI Tom Ket 24x480g N1 IN X244-203.00,BI-Stock Shortages,Pending,,,,Pending,GT Distributors,BlueWave Supply Chain,2026.0,3.0,Mar,2026-03,Q1,1.0,Open / Pending,Warehouse Problem | Stock Shortage | Short or not-received quantity | Owner: Warehouse/DC,Stock Shortage,Warehouse/DC,Stock Shortage,1054169573,,,12603852,,53610455HA,,,0.0,1.0,0.0,0.0,0.0,0.0,0.0,0.0,0.0,0.0,0.0,95,Pending,>15 Days
601408-20260327-144038,2026-03-27 14:40:39,2026-03-27,,South Branch,L5 IN Kerala 1,C963,601408.0,Priya Agencies,"With reference to Invoice No. 1365801409 dated 25/03/2026, we regret to inform you that the supply of Nescafé Classic Jar 36*24g was found short by 1 CS.",BI-Stock Shortages,Closed,INPRAKASMA1,2026-08-06 14:17:00,,Closed,GT Distributors,Global Trade Solutions,2026.0,3.0,Mar,2026-03,Q1,1.0,Closed,Warehouse Problem | Stock Shortage | Short or not-received quantity | Owner: Warehouse/DC,Stock Shortage,Warehouse/DC,Stock Shortage,,,,,,,,1 CS,0.0,1.0,0.0,0.0,0.0,0.0,0.0,0.0,0.0,0.0,0.0,95,Closed,>15 Days
6248455-20260327-155847,2026-03-27 15:58:47,2026-03-27,,South Branch,L5 IN Karnataka 2,B929,6248455.0,Sasnur Traders,6 pcs of cerelac rice veg damaged in DC sealed box,BI-Damages,Closed,INPRAKASMA1,2026-08-06 14:17:00,,Closed,GT Distributors,KKP Express,2026.0,3.0,Mar,2026-03,Q1,1.0,Closed,Warehouse Problem | Product Damage | Damaged stock at receipt | Owner: Warehouse/DC,Product Damage,Warehouse/DC,Damage,,,,,,,,6 PCS,0.0,0.0,1.0,0.0,0.0,0.0,0.0,0.0,0.0,0.0,0.0,95,Closed,>15 Days
6248455-20260327-160035,2026-03-27 16:00:36,2026-03-27,,South Branch,L5 IN Karnataka 2,B929,6248455.0,Sasnur Traders,18 pcs of Maggie 300gm damaged and crushed in DC sealed case,BI-Damages,Closed,INPRAKASMA1,2026-08-06 14:17:00,,Closed,GT Distributors,KKP Express,2026.0,3.0,Mar,2026-03,Q1,1.0,Closed,Warehouse Problem | Product Damage | Damaged stock at receipt | Owner: Warehouse/DC,Product Damage,Warehouse/DC,Damage,,,,,,,,18 PCS,0.0,0.0,1.0,0.0,0.0,0.0,0.0,0.0,0.0,0.0,0.0,95,Closed,>15 Days
6824058-20260327-175401,2026-03-27 17:54:02,2026-03-27,,South Branch,L5 IN Karnataka 1,B929,6824058.0,Aarav Associates,"Dear Team,",BI-Stock Shortages,Closed,INPRAKASMA1,2026-08-06 14:17:00,,Closed,GT Distributors,KKP Express,2026.0,3.0,Mar,2026-03,Q1,1.0,Closed,Warehouse Problem | Stock Shortage | Short or not-received quantity | Owner: Warehouse/DC,Stock Shortage,Warehouse/DC,Stock Shortage,938417740,,,,MAGGI Coconut Milk Liquid 6(6x180ml) IN,523703764T,85,1 CASE,0.0,1.0,0.0,0.0,0.0,0.0,0.0,0.0,0.0,0.0,0.0,95,Closed,>15 Days
7469478-20260327-125054,2026-03-27 12:50:55,2026-03-27,,South Branch,L5 IN Andhrapradesh 2,2032,7469478.0,Jyothi Agencies,Inv No:1099840550 Dt:14-03-26,BI-Batch Related Issues,Closed,INPRAKASMA1,2026-03-07 19:56:00,,Closed,GT Distributors,AVG Logistics Limited,2026.0,3.0,Mar,2026-03,Q1,1.0,Closed,Warehouse Problem | Batch Mismatch | Billed versus received batch mismatch | Owner: Warehouse/DC,Batch Mismatch,Warehouse/DC,Batch Mismatch,1099840550,,,,,51587742AA; 53497742AB,,,1.0,0.0,0.0,0.0,0.0,0.0,1.0,0.0,0.0,0.0,0.0,95,Closed,>15 Days
4796159-20260326-184707,2026-03-26 18:47:07,2026-03-26,,South Branch,L5 IN Tamil Nadu 2,B744,4796159.0,Surabi Agencies,"CD NAME : Surabi agencies Cd Code 4796159 Invoice No:959169975,959169981 , Dt 26-03-2026 stock supplied date 25.03.2026",BI-Expiry / Bad Goods,Closed,INPRAKASMA1,2026-10-04 00:17:00,,Closed,GT Distributors,KKP Express,2026.0,3.0,Mar,2026-03,Q1,1.0,Closed,Warehouse Problem | Expiry / Short Expiry | Expired or insufficient shelf-life stock | Owner: Warehouse/DC,Expiry / Short Expiry,Warehouse/DC,Expiry; Commercial/Billing,959169975,,,12559238,MAGGI 2-MINN Spicy Garlic24*248g- 2 case,5259281BA,100,2 CASE,0.0,0.0,0.0,0.0,0.0,0.0,0.0,1.0,0.0,0.0,0.0,96,Closed,>15 Days
5533884-20260326-204214,2026-03-26 20:42:15,2026-03-26,,South Branch,L5 IN Hyderabad 1,2032,5533884.0,Shri Hanuman Agencies,product code 12607948,BI-Stock Shortages,Closed,INPRAKASMA1,2026-04-23 19:51:03,,Closed,GT Distributors,TCI Supply Chain Solutions (A Divn.,2026.0,3.0,Mar,2026-03,Q1,1.0,Closed,Other Problem | Non-Warehouse Shortage | Warehouse dispatch verified; investigate transit/distributor | Owner: Transporter/Distributor,Non-Warehouse Shortage,Transporter/Distributor,Stock Shortage,1099842573,,,12607948,,60660453A2,290,1 CASE,1.0,1.0,0.0,0.0,0.0,0.0,0.0,0.0,0.0,0.0,0.0,96,Closed,>15 Days
6775176-20260326-154417,2026-03-26 15:44:17,2026-03-26,,South Branch,L5 IN Kerala 1,C963,6775176.0,T J Enterprises,INV NO;1365801098,BI-Stock Shortages,Closed,INPRAKASMA1,2026-08-06 14:17:00,,Closed,GT Distributors,Global Trade Solutions,2026.0,3.0,Mar,2026-03,Q1,1.0,Closed,Warehouse Problem | Stock Shortage | Short or not-received quantity | Owner: Warehouse/DC,Stock Shortage,Warehouse/DC,Stock Shortage,1365801098; 1365801398; 1365801520,,,,,60580454B1; 60580452CF,,1 CASE; 3 CASE,0.0,1.0,0.0,0.0,0.0,0.0,0.0,0.0,0.0,0.0,0.0,96,Closed,>15 Days
6986983-20260326-094916,2026-03-26 09:49:17,2026-03-26,,South Branch,L5 IN Andhrapradesh 2,2032,6986983.0,Meenakshi Distributors,ITEM - MAGGI-2 MINN SPICY CHEESY 96X76G,BI-Stock Shortages,Closed,INPRAKASMA1,2026-04-23 19:51:03,,Closed,GT Distributors,Glovis India Private Limited,2026.0,3.0,Mar,2026-03,Q1,1.0,Closed,Other Problem | Non-Warehouse Shortage | Warehouse dispatch verified; investigate transit/distributor | Owner: Transporter/Distributor,Non-Warehouse Shortage,Transporter/Distributor,Stock Shortage,1099842091,74534,TS02UD4148,12570266,,53440451PA,23,1 CASE,1.0,1.0,0.0,0.0,0.0,0.0,0.0,0.0,0.0,0.0,0.0,96,Closed,>15 Days
7083698-20260326-181931,2026-03-26 18:19:31,2026-03-26,,South Branch,L5 IN Bangalore City 2,B929,7083698.0,Intelligent Retail Private Limited,"We have received ""13680087"" - 'MAGGI 2-MINN Mas 24x300g PR Rs 2 Off IN', MRP-58, 2 Pc damage for Invoice# 938417476 dated 26/03/2026",BI-Damages,Closed,INPRAKASMA1,2026-04-23 19:51:03,,Closed,GT Distributors,Diptab Ventures Pvt ltd,2026.0,3.0,Mar,2026-03,Q1,1.0,Closed,Other Problem | Transit Damage | Damage during transportation | Owner: Transporter/Logistics,Transit Damage,Transporter/Logistics,Damage; Transit,938417476,,,,,,58; 87,2 PC,1.0,0.0,1.0,0.0,0.0,0.0,0.0,0.0,0.0,0.0,0.0,96,Closed,>15 Days
7087765-20260326-124801,2026-03-26 12:48:01,2026-03-26,,South Branch,L5 IN Kerala 1,C963,7087765.0,C J THOMAS & CO,12610593-everyday 72x200g-  1 case(INV NO.1365800796,BI-Stock Shortages,Closed,INPRAKASMA1,2026-08-06 14:17:00,,Closed,GT Distributors,Global Trade Solutions,2026.0,3.0,Mar,2026-03,Q1,1.0,Closed,Warehouse Problem | Stock Shortage | Short or not-received quantity | Owner: Warehouse/DC,Stock Shortage,Warehouse/DC,Stock Shortage,,,,,,,,1 CASE,0.0,1.0,0.0,0.0,0.0,0.0,0.0,0.0,0.0,0.0,0.0,96,Closed,>15 Days
7093228-20260326-192415,2026-03-26 19:24:16,2026-03-26,,South Branch,L5 IN Kerala 2,C963,7093228.0,Kottaram Business Corporation,Invoice 1365801565 Maggi masala 75 g  1cs not short,BI-Stock Shortages,Closed,INPRAKASMA1,2026-08-06 14:17:00,,Closed,GT Distributors,Global Trade Solutions,2026.0,3.0,Mar,2026-03,Q1,1.0,Closed,Warehouse Problem | Stock Shortage | Short or not-received quantity | Owner: Warehouse/DC,Stock Shortage,Warehouse/DC,Stock Shortage,1365801565,,,,,,,1 CS; 10 CS,0.0,1.0,0.0,0.0,0.0,0.0,0.0,0.0,0.0,0.0,0.0,96,Closed,>15 Days
3650468-20260325-134347,2026-03-25 13:43:47,2026-03-25,,South Branch,L5 IN Bangalore City 1,B929,3650468.0,Global Distributors,PRODUCT CODE/BATCH CODE-12629157/60750454B1-,BI-Stock Shortages,Closed,INPRAKASMA1,2026-04-23 19:51:03,,Closed,GT Distributors,Transit Shortage,2026.0,3.0,Mar,2026-03,Q1,1.0,Closed,Other Problem | Transit Shortage | Shortage during transportation | Owner: Transporter/Logistics,Transit Shortage,Transporter/Logistics,Stock Shortage; Transit,,,,,,12629157,,,1.0,1.0,0.0,0.0,0.0,0.0,0.0,0.0,0.0,0.0,0.0,97,Closed,>15 Days
4766881-20260325-185734,2026-03-25 18:57:35,2026-03-25,,South Branch,L5 IN Hyderabad 2,2032,4766881.0,Balaji Agencies,C.RICE 250/-5CS WRONG MRP RECIEVED IN INV NO-1099842407 DATE 25.03.2026 CODE 12601933,BI-Stock Shortages,Closed,INPRAKASMA1,2026-04-23 19:51:03,,Closed,GT Distributors,TCI Supply Chain Solutions (A Divn.,2026.0,3.0,Mar,2026-03,Q1,1.0,Closed,Warehouse Problem | MRP / Price Mismatch | Billed versus received MRP mismatch | Owner: Warehouse/DC,MRP / Price Mismatch,Warehouse/DC,MRP Mismatch,1099842407,,,,,,,5 CS,0.0,0.0,0.0,0.0,1.0,0.0,0.0,0.0,0.0,0.0,0.0,97,Closed,>15 Days
6007542-20260325-133935,2026-03-25 13:39:35,2026-03-25,,South Branch,L5 IN Tamil Nadu 3,B744,6007542.0,Skantha Agencies Private Limited,INVOICE NO           : 959166516,BI-Batch Related Issues,Closed,INPRAKASMA1,2026-10-04 00:17:00,,Closed,GT Distributors,Tamilnadu Transport Company,2026.0,3.0,Mar,2026-03,Q1,1.0,Closed,Warehouse Problem | Batch Mismatch | Billed versus received batch mismatch | Owner: Warehouse/DC,Batch Mismatch,Warehouse/DC,Batch Mismatch,959166516,,,60024176L6,KIT KAT Hazelnut Crunch 10(6x120g),12621099,210,1 CS,0.0,0.0,0.0,0.0,0.0,0.0,1.0,0.0,0.0,0.0,0.0,97,Closed,>15 Days
600983-20260325-132847,2026-03-25 13:28:47,2026-03-25,,South Branch,L5 IN Kerala 2,B744,600983.0,Ambooken Agencies,Invoice Number :959169464,BI-Stock Shortages,Closed,INPRAKASMA1,2026-08-06 14:17:00,,Closed,GT Distributors,KKP Express,2026.0,3.0,Mar,2026-03,Q1,1.0,Closed,Warehouse Problem | Stock Shortage | Short or not-received quantity | Owner: Warehouse/DC,Stock Shortage,Warehouse/DC,Stock Shortage,959169464,,,13679901,MAGGI 2 MINN Masala 96x75g IN X244 -MRP 15/-,,15,17 CS; 15 CS; 2 CS,0.0,1.0,0.0,0.0,0.0,0.0,0.0,0.0,0.0,0.0,0.0,97,Closed,>15 Days
600983-20260325-133325,2026-03-25 13:33:26,2026-03-25,,South Branch,L5 IN Kerala 2,B744,600983.0,Ambooken Agencies,Invoice number : 959169464,BI-Excess Against Invoice Quantity,Closed,INPRAKASMA1,2026-08-06 14:17:00,,Closed,GT Distributors,KKP Express,2026.0,3.0,Mar,2026-03,Q1,1.0,Closed,Warehouse Problem | Stock Excess | Excess quantity received | Owner: Warehouse/DC,Stock Excess,Warehouse/DC,Stock Excess,959169464,,,13680087,MAGGI 2 MINN MAS 24x300G PR Rs 2 OFF IN- MRP 58,,58,74 CS; 76 CS; 2 CS,0.0,0.0,0.0,1.0,0.0,0.0,0.0,0.0,0.0,0.0,0.0,97,Closed,>15 Days
600983-20260325-133850,2026-03-25 13:38:51,2026-03-25,,South Branch,L5 IN Kerala 2,B744,600983.0,Ambooken Agencies,Invoice Number :959169464,BI-Promo SKUs,Closed,INPRAKASMA1,2026-08-06 14:17:00,,Closed,GT Distributors,KKP Express,2026.0,3.0,Mar,2026-03,Q1,1.0,Closed,Warehouse Problem | Wrong SKU / Product | Wrong or interchanged material supplied | Owner: Warehouse/DC,Wrong SKU / Product,Warehouse/DC,Stock Shortage; Wrong SKU,959169464,,,105848108,Rice Ada,,,96 EA,0.0,1.0,0.0,0.0,0.0,1.0,0.0,0.0,0.0,0.0,0.0,97,Closed,>15 Days
601630-20260325-123027,2026-03-25 12:30:28,2026-03-25,,South Branch,L5 IN Hyderabad 1,2032,601630.0,Sri Ram Trading Co,"Dear Sir,",BI-Stock Shortages,Closed,INPRAKASMA1,2026-10-04 00:17:00,,Closed,GT Distributors,TCI Supply Chain Solutions (A Divn.,2026.0,3.0,Mar,2026-03,Q1,1.0,Closed,Warehouse Problem | Stock Excess | Excess quantity received | Owner: Warehouse/DC,Stock Excess,Warehouse/DC,Stock Shortage; Stock Excess,1099841935,1529,,12609884,,,30,1 CASE; 1 CASES,0.0,1.0,0.0,1.0,0.0,0.0,0.0,0.0,0.0,0.0,0.0,97,Closed,>15 Days
601632-20260325-110200,2026-03-25 11:02:01,2026-03-25,,South Branch,L5 IN Tamil Nadu 2,B744,601632.0,Shri Rams Associates,INV 959169644 DT 24/03/2026,BI-Stock Shortages,Closed,INPRAKASMA1,2026-10-04 00:17:00,,Closed,GT Distributors,KKP Express,2026.0,3.0,Mar,2026-03,Q1,1.0,Closed,Warehouse Problem | Stock Shortage | Short or not-received quantity | Owner: Warehouse/DC,Stock Shortage,Warehouse/DC,Stock Shortage,959169644,,,,,,35,,0.0,1.0,0.0,0.0,0.0,0.0,0.0,0.0,0.0,0.0,0.0,97,Closed,>15 Days
6077575-20260325-121805,2026-03-25 12:18:05,2026-03-25,,South Branch,L5 IN Andhra Pradesh Purina,2032,6077575.0,Blitzhaus Pet Mart.,lr no 74566,BI-Damages,Closed,INPRAKASMA1,2026-10-04 00:17:00,,Closed,Pet Food-Distributor,Glovis India Private Limited,2026.0,3.0,Mar,2026-03,Q1,1.0,Closed,Other Problem | Transit Damage | Damage during transportation | Owner: Transporter/Logistics,Transit Damage,Transporter/Logistics,Damage; MRP Mismatch; Expiry; Transit,1099842242,74566,,,,,,10 BOX; 6 BOX,1.0,0.0,1.0,0.0,1.0,0.0,0.0,1.0,0.0,0.0,0.0,97,Closed,>15 Days
6077575-20260325-121824,2026-03-25 12:18:24,2026-03-25,,South Branch,L5 IN Andhra Pradesh Purina,2032,6077575.0,Blitzhaus Pet Mart.,lr no 74566,BI-Expiry / Bad Goods,Closed,INPRAKASMA1,2026-04-23 19:51:03,,Closed,Pet Food-Distributor,Glovis India Private Limited,2026.0,3.0,Mar,2026-03,Q1,1.0,Closed,Warehouse Problem | Expiry / Short Expiry | Expired or insufficient shelf-life stock | Owner: Warehouse/DC,Expiry / Short Expiry,Warehouse/DC,Damage; MRP Mismatch; Expiry,1099842242,74566,,,,,,10 BOX; 6 BOX,0.0,0.0,1.0,0.0,1.0,0.0,0.0,1.0,0.0,0.0,0.0,97,Closed,>15 Days
6975857-20260325-125852,2026-03-25 12:58:52,2026-03-25,,South Branch,L5 IN Hyderabad 2,2032,6975857.0,Sri Raghavendra Foods,"Upon physical verification of the shipment against the invoice no 1099841690, we found a discrepancy in the following SKU:",BI-Stock Shortages,Closed,INPRAKASMA1,2026-10-04 00:17:00,,Closed,GT Distributors,AVG Logistics Limited,2026.0,3.0,Mar,2026-03,Q1,1.0,Closed,Other Problem | Transit Shortage | Shortage during transportation | Owner: Transporter/Logistics,Transit Shortage,Transporter/Logistics,Stock Shortage; Transit,1099841690,,,12608551,MAGGI 2-MIN Masala 12x600g,,,40 CASES; 30 CASES; 10 CASES,1.0,1.0,0.0,0.0,0.0,0.0,0.0,0.0,0.0,0.0,0.0,97,Closed,>15 Days
7093228-20260325-131028,2026-03-25 13:10:28,2026-03-25,,South Branch,L5 IN Kerala 2,B744,7093228.0,Kottaram Business Corporation,Invoice 959164453 NESCAFE CLASSIC 6X180G MRP 890 1CS not received,BI-Stock Shortages,Closed,INPRAKASMA1,2026-08-06 14:17:00,,Closed,GT Distributors,KKP Express,2026.0,3.0,Mar,2026-03,Q1,1.0,Closed,Other Problem | Transit Shortage | Shortage during transportation | Owner: Transporter/Logistics,Transit Shortage,Transporter/Logistics,Stock Shortage; MRP Mismatch; Transit,959164453,,,,,,890,1 CS,1.0,1.0,0.0,0.0,1.0,0.0,0.0,0.0,0.0,0.0,0.0,97,Closed,>15 Days
7447235-20260325-112358,2026-03-25 11:23:59,2026-03-25,,South Branch,L5 IN Tamil Nadu 4,B744,7447235.0,Silver Agencies,Invoice No: 959163988,BI-Stock Shortages,Closed,INPRAKASMA1,2026-10-04 00:17:00,,Closed,GT Distributors,Indian Express Cargo,2026.0,3.0,Mar,2026-03,Q1,1.0,Closed,Other Problem | Transit Shortage | Shortage during transportation | Owner: Transporter/Logistics,Transit Shortage,Transporter/Logistics,Stock Shortage; Transit,959163988,,,,kit kat tablet rich choc 10(6*150g),,,1 CASE,1.0,1.0,0.0,0.0,0.0,0.0,0.0,0.0,0.0,0.0,0.0,97,Closed,>15 Days
3382314-20260324-113635,2026-03-24 11:36:35,2026-03-24,,South Branch,L5 IN Andhrapradesh 4,2032,3382314.0,Sri Sai Uma Generals,INVOICE NUM : 1099841854               DATE : 22-03-2026,BI-Batch Related Issues,Reopened,,,,Reopened,GT Distributors,Chirag Road Lines,2026.0,3.0,Mar,2026-03,Q1,1.0,Open / Pending,Warehouse Problem | Batch Mismatch | Billed versus received batch mismatch | Owner: Warehouse/DC,Batch Mismatch,Warehouse/DC,Batch Mismatch,1099841854,,,12571548,,52770455KA,112,112 NO,0.0,0.0,0.0,0.0,0.0,0.0,1.0,0.0,0.0,0.0,0.0,98,Reopened,>15 Days
601086-20260324-120213,2026-03-24 12:02:13,2026-03-24,,South Branch,L5 IN Chennai Rural,C749,601086.0,Deva Trading Company,"13843429 MILKYBAR CHOO MIX FRUITS 30(28*11)GM .TRANSIT SHORTAGE INV NO,974809203 DT 30.01.2026 INFORMED DC AND THEY ASSURED TO SEND THE STOCK  IN THE NEXT INV. TILL DATE NOT RECD. LR COPY AND INV IS WITH THE CD",BI-Any other,Closed,INPRAKASMA1,2026-10-04 00:17:00,,Closed,GT Distributors,Sakthi Jayavel Motors,2026.0,3.0,Mar,2026-03,Q1,1.0,Closed,Other Problem | Transit Shortage | Shortage during transportation | Owner: Transporter/Logistics,Transit Shortage,Transporter/Logistics,Stock Shortage; Transit,,COPY,,,,,,,1.0,1.0,0.0,0.0,0.0,0.0,0.0,0.0,0.0,0.0,0.0,98,Closed,>15 Days
6089280-20260324-151543,2026-03-24 15:15:43,2026-03-24,,South Branch,L5 IN Tamil Nadu 3,B744,6089280.0,Madhu Traders,Stock Received in open truck with chocolate,BI-Any other,Closed,INPRAKASMA1,2026-10-04 00:17:00,,Closed,GT Distributors,,2026.0,3.0,Mar,2026-03,Q1,1.0,Closed,Other Problem | Transport / Vehicle Compliance | Chocolate stock transported in open truck | Owner: Transporter/Logistics,Transport / Vehicle Compliance,Transporter/Logistics,Transit; Vehicle Compliance,,,,,,,,,1.0,0.0,0.0,0.0,0.0,0.0,0.0,0.0,0.0,0.0,0.0,98,Closed,>15 Days
6204243-20260324-181809,2026-03-24 18:18:10,2026-03-24,,South Branch,L5 IN Karnataka Purina,B929,6204243.0,GM VENTURES,Damaged goods received from CFA,BI-Any other,Closed,INPRAKASMA1,2026-04-23 19:51:03,,Closed,Pet Food-Distributor,KKP Express,2026.0,3.0,Mar,2026-03,Q1,1.0,Closed,Other Problem | Transit Damage | Damage during transportation | Owner: Transporter/Logistics,Transit Damage,Transporter/Logistics,Damage; Transit,938415201,,KA01AS8537,,Suparcoat adult chicken 20kg  -1 bag,,,,1.0,0.0,1.0,0.0,0.0,0.0,0.0,0.0,0.0,0.0,0.0,98,Closed,>15 Days
6975857-20260324-110654,2026-03-24 11:06:55,2026-03-24,,South Branch,L5 IN Hyderabad 2,2032,6975857.0,Sri Raghavendra Foods,"Dear team,",BI-Batch Related Issues,Closed,INPRAKASMA1,2026-04-23 19:51:03,,Closed,GT Distributors,AVG Logistics Limited,2026.0,3.0,Mar,2026-03,Q1,1.0,Closed,Warehouse Problem | MRP / Price Mismatch | Billed versus received MRP mismatch | Owner: Warehouse/DC,MRP / Price Mismatch,Warehouse/DC,MRP Mismatch,1099841690,,,12607947,,52570453A,,1 CASES,0.0,0.0,0.0,0.0,1.0,0.0,0.0,0.0,0.0,0.0,0.0,98,Closed,>15 Days
7083698-20260324-102351,2026-03-24 10:23:51,2026-03-24,,South Branch,L5 IN Bangalore City 2,B929,7083698.0,Intelligent Retail Private Limited,"Hi,",BI-Stock Shortages,Closed,INPRAKASMA1,2026-04-23 19:51:03,,Closed,GT Distributors,Diptab Ventures Pvt ltd,2026.0,3.0,Mar,2026-03,Q1,1.0,Closed,Other Problem | Transit Shortage | Shortage during transportation | Owner: Transporter/Logistics,Transit Shortage,Transporter/Logistics,Stock Shortage; Transit,938416577,,,,,,235,1 CASES,1.0,1.0,0.0,0.0,0.0,0.0,0.0,0.0,0.0,0.0,0.0,98,Closed,>15 Days
7499215-20260324-172218,2026-03-24 17:22:19,2026-03-24,,South Branch,L5 IN Karnataka 3,B929,7499215.0,G V N and Sons,MUNCH MAHA 50 *8.7Gms,BI-Stock Shortages,Closed,INPRAKASMA1,2026-04-23 19:51:03,,Closed,GT Distributors,,2026.0,3.0,Mar,2026-03,Q1,1.0,Closed,Warehouse Problem | Stock Shortage | Short or not-received quantity | Owner: Warehouse/DC,Stock Shortage,Warehouse/DC,Stock Shortage,,,,60640454P1,,,5,50 EA,0.0,1.0,0.0,0.0,0.0,0.0,0.0,0.0,0.0,0.0,0.0,98,Closed,>15 Days
1081682-20260323-124349,2026-03-23 12:43:49,2026-03-23,,South Branch,L5 IN Andhrapradesh 4,2032,1081682.0,Sri Sai Vasavi Agencies,near expairy stock recived,BI-Batch Related Issues,Closed,INPRAKASMA1,2026-04-23 19:51:03,,Closed,GT Distributors,Glovis India Private Limited,2026.0,3.0,Mar,2026-03,Q1,1.0,Closed,Warehouse Problem | Batch Mismatch | Billed versus received batch mismatch | Owner: Warehouse/DC,Batch Mismatch,Warehouse/DC,Batch Mismatch,1099841735,number,,12426635,,53530451DK,,,0.0,0.0,0.0,0.0,0.0,0.0,1.0,0.0,0.0,0.0,0.0,99,Closed,>15 Days
5802282-20260323-130548,2026-03-23 13:05:49,2026-03-23,,South Branch,L5 IN Karnataka 1,B929,5802282.0,Shri Vinayaka Agencies,Product code:12625864,BI-Stock Shortages,Closed,INPRAKASMA1,2026-04-23 19:51:03,,Closed,GT Distributors,KKP Express,2026.0,3.0,Mar,2026-03,Q1,1.0,Closed,Other Problem | Transit Shortage | Shortage during transportation | Owner: Transporter/Logistics,Transit Shortage,Transporter/Logistics,Stock Shortage; Transit,938408740,8488,,12625864; 14118476,NESTUM STAGE 1 Rice BIB 24x300g N4 IN; MUNCH Cereal 216x19g PR MB Choo IN,,175.00; 10.00,175.00 PCS; 24 NOS; 10.00 PCS; 216 NOS,1.0,1.0,0.0,0.0,0.0,0.0,0.0,0.0,0.0,0.0,0.0,99,Closed,>15 Days
5802282-20260323-130633,2026-03-23 13:06:33,2026-03-23,,South Branch,L5 IN Karnataka 1,B929,5802282.0,Shri Vinayaka Agencies,lr no:8488 date:17/02/2026 inv no:938408740,BI-Any other,Closed,INPRAKASMA1,2026-04-23 19:51:03,,Closed,GT Distributors,KKP Express,2026.0,3.0,Mar,2026-03,Q1,1.0,Closed,Warehouse Problem | Stock Excess | Excess quantity received | Owner: Warehouse/DC,Stock Excess,Warehouse/DC,Stock Excess,938408740,8488,,13722293,MUNCH Cereal Choco Fills 216x17g IN,,10,216 NOS,0.0,0.0,0.0,1.0,0.0,0.0,0.0,0.0,0.0,0.0,0.0,99,Closed,>15 Days
5802282-20260323-130719,2026-03-23 13:07:20,2026-03-23,,South Branch,L5 IN Karnataka 1,B929,5802282.0,Shri Vinayaka Agencies,LR NO: A220272 INV NO:938412209 DATE:28/02/2026,BI-Stock Shortages,Closed,INPRAKASMA1,2026-04-23 19:51:03,,Closed,GT Distributors,Diptab Ventures Pvt ltd,2026.0,3.0,Mar,2026-03,Q1,1.0,Closed,Other Problem | Transit Shortage | Shortage during transportation | Owner: Transporter/Logistics,Transit Shortage,Transporter/Logistics,Stock Shortage; Transit,938412209,A220272,,12609878,CERELAC STG 4 MU Fruit 24x300g WS IN,,295,295.00 PCS; 1 NOS; 24 PCS; 23 PCS,1.0,1.0,0.0,0.0,0.0,0.0,0.0,0.0,0.0,0.0,0.0,99,Closed,>15 Days
5802282-20260323-130835,2026-03-23 13:08:35,2026-03-23,,South Branch,L5 IN Karnataka 1,B929,5802282.0,Shri Vinayaka Agencies,"MRP mismatch: Received stock mrp.is rs.92.00, but the invoice is generated with mrp.rs.100.00",BI-Any other,Closed,INPRAKASMA1,2026-04-23 19:51:03,,Closed,GT Distributors,Diptab Ventures Pvt ltd,2026.0,3.0,Mar,2026-03,Q1,1.0,Closed,Warehouse Problem | MRP / Price Mismatch | Billed versus received MRP mismatch | Owner: Warehouse/DC,MRP / Price Mismatch,Warehouse/DC,MRP Mismatch,938412209,a220272,,12559252,MAGGI 2-MIN Spicy Manchurian 24x244g IN,,100,100.00 PCS; 24 NOS,0.0,0.0,0.0,0.0,1.0,0.0,0.0,0.0,0.0,0.0,0.0,99,Closed,>15 Days
601172-20260323-092832,2026-03-23 09:28:32,2026-03-23,,South Branch,L5 IN Kerala 1,7793,601172.0,J & B Associates,invoice no 1365359581 dtd 21/03/2026   . Rice adda  48 pcs free for coconut power 100gm not received.,BI-Stock Shortages,Closed,INPRAKASMA1,2026-08-06 14:17:00,,Closed,GT Distributors,Caspian Shipping & Logistics,2026.0,3.0,Mar,2026-03,Q1,1.0,Closed,Warehouse Problem | Stock Shortage | Short or not-received quantity | Owner: Warehouse/DC,Stock Shortage,Warehouse/DC,Stock Shortage,1365359581,,,,,,,48 PCS,0.0,1.0,0.0,0.0,0.0,0.0,0.0,0.0,0.0,0.0,0.0,99,Closed,>15 Days
601383-20260323-172313,2026-03-23 17:23:14,2026-03-23,,South Branch,L5 IN Karnataka 2,B929,601383.0,Pavan Agencies,Total Shortages of 3cases,BI-Stock Shortages,Closed,INPRAKASMA1,2026-04-23 19:51:03,,Closed,GT Distributors,Diptab Ventures Pvt ltd,2026.0,3.0,Mar,2026-03,Q1,1.0,Closed,Warehouse Problem | Stock Shortage | Short or not-received quantity | Owner: Warehouse/DC,Stock Shortage,Warehouse/DC,Stock Shortage,,,,,- EVERYDAY DW 12x1kg NR IN; - MAGGI H&S Sce Doy 6(16x75g) N2 IN,,,3 CASES; 1 CASES; 0 CASES; 2 CASES,0.0,1.0,0.0,0.0,0.0,0.0,0.0,0.0,0.0,0.0,0.0,99,Closed,>15 Days
601532-20260323-175939,2026-03-23 17:59:40,2026-03-23,,South Branch,L5 IN Kerala 1,C963,601532.0,Shebin Agencies,Invoice no 1365800457,BI-Stock Shortages,Pending,,,,Pending,GT Distributors,Global Trade Solutions,2026.0,3.0,Mar,2026-03,Q1,1.0,Open / Pending,Warehouse Problem | Stock Shortage | Short or not-received quantity | Owner: Warehouse/DC,Stock Shortage,Warehouse/DC,Stock Shortage,1365800457,,,,,60360451AA,,1 CS,0.0,1.0,0.0,0.0,0.0,0.0,0.0,0.0,0.0,0.0,0.0,99,Pending,>15 Days
601559-20260323-105538,2026-03-23 10:55:39,2026-03-23,,South Branch,L5 IN Karnataka 3,B929,601559.0,Smruthi Sales,INVOICE NUMBER-938416628,BI-Stock Shortages,Closed,INPRAKASMA1,2026-04-23 19:51:03,,Closed,GT Distributors,Diptab Ventures Pvt ltd,2026.0,3.0,Mar,2026-03,Q1,1.0,Closed,Warehouse Problem | Stock Shortage | Short or not-received quantity | Owner: Warehouse/DC,Stock Shortage,Warehouse/DC,Stock Shortage,938416628,,,,,,25,1 CS,0.0,1.0,0.0,0.0,0.0,0.0,0.0,0.0,0.0,0.0,0.0,99,Closed,>15 Days
601780-20260323-103802,2026-03-23 10:38:03,2026-03-23,,South Branch,L5 IN Hyderabad 1,2032,601780.0,Vijeta Enterprises,"Inv NO: 1099841672, Date:22-03-26",BI-Stock Shortages,Closed,INPRAKASMA1,2026-10-04 00:17:00,,Closed,GT Distributors,TCI Supply Chain Solutions (A Divn.,2026.0,3.0,Mar,2026-03,Q1,1.0,Closed,Other Problem | Non-Warehouse Shortage | Warehouse dispatch verified; investigate transit/distributor | Owner: Transporter/Distributor,Non-Warehouse Shortage,Transporter/Distributor,Stock Shortage,1099841672,,,,,,15; 97,264 CS; 263 CS; 1 CS; 5 CS,1.0,1.0,0.0,0.0,0.0,0.0,0.0,0.0,0.0,0.0,0.0,99,Closed,>15 Days
6775174-20260323-145213,2026-03-23 14:52:14,2026-03-23,,South Branch,L5 IN Kerala 1,C963,6775174.0,Libra Consumables Private Limited,Maggi chkn 48x152g mrp 40/-x11cs short with Inv num-1365801207  dtd 21.03.2026,BI-Stock Shortages,Closed,INPRAKASMA1,2026-08-06 14:17:00,,Closed,GT Distributors,Global Trade Solutions,2026.0,3.0,Mar,2026-03,Q1,1.0,Closed,Warehouse Problem | Stock Shortage | Short or not-received quantity | Owner: Warehouse/DC,Stock Shortage,Warehouse/DC,Stock Shortage,1365801207,,,,,60350455EA,40,11 CS; 60350455 EA,0.0,1.0,0.0,0.0,0.0,0.0,0.0,0.0,0.0,0.0,0.0,99,Closed,>15 Days
7228376-20260323-121554,2026-03-23 12:15:54,2026-03-23,,South Branch,L5 IN Andhrapradesh 2,2032,7228376.0,Nahida Enterprises,LR-NO-2024051,BI-Any other,Closed,INPRAKASMA1,2026-10-04 00:17:00,,Closed,GT Distributors,AVG Logistics Limited,2026.0,3.0,Mar,2026-03,Q1,1.0,Closed,Other Problem | Transit / Logistics Other | Transport-related issue without clear subtype | Owner: Transporter/Logistics,Transit / Logistics Other,Transporter/Logistics,Transit,1099840375,NO-2024051,,,,,,,1.0,0.0,0.0,0.0,0.0,0.0,0.0,0.0,0.0,0.0,0.0,99,Closed,>15 Days
7228376-20260323-121859,2026-03-23 12:19:00,2026-03-23,,South Branch,L5 IN Andhrapradesh 2,2032,7228376.0,Nahida Enterprises,MRP DIFFERENCE,BI-Any other,Reopened,,,,Reopened,GT Distributors,AVG Logistics Limited,2026.0,3.0,Mar,2026-03,Q1,1.0,Open / Pending,Warehouse Problem | MRP / Price Mismatch | Billed versus received MRP mismatch | Owner: Warehouse/DC,MRP / Price Mismatch,Warehouse/DC,MRP Mismatch,,,,,,,,,0.0,0.0,0.0,0.0,1.0,0.0,0.0,0.0,0.0,0.0,0.0,99,Reopened,>15 Days
7256197-20260323-125110,2026-03-23 12:51:11,2026-03-23,,South Branch,L5 IN Chennai Rural,C749,7256197.0,Ishrath Traders,INV  NO :974810007,BI-Stock Shortages,Closed,INPRAKASMA1,2026-10-04 00:17:00,,Closed,GT Distributors,CCI Logistics Limited,2026.0,3.0,Mar,2026-03,Q1,1.0,Closed,Warehouse Problem | Stock Shortage | Short or not-received quantity | Owner: Warehouse/DC,Stock Shortage,Warehouse/DC,Stock Shortage; Commercial/Billing,974810007,,,12567446,PRE NAN IF TIN 15X400G DS520-2,53570453T1,710,3 CS,0.0,1.0,0.0,0.0,0.0,0.0,0.0,0.0,0.0,0.0,0.0,99,Closed,>15 Days
5835653-20260321-114356,2026-03-21 11:43:57,2026-03-21,,South Branch,L5 IN Tamil Nadu 1,B744,5835653.0,Devaki Medical Hall,CREAT BATCH 60500453T1 LACTOGEN TIN 200G MRP 245 EXPIRY 02 FEB 2027,BI-Batch Related Issues,Closed,INPRAKASMA1,2026-10-04 00:17:00,,Closed,GT Distributors,Not Related to DC,2026.0,3.0,Mar,2026-03,Q1,1.0,Closed,Warehouse Problem | Expiry / Short Expiry | Expired or insufficient shelf-life stock | Owner: Warehouse/DC,Expiry / Short Expiry,Warehouse/DC,Expiry,,,,,,60500453T1,245,,0.0,0.0,0.0,0.0,0.0,0.0,0.0,1.0,0.0,0.0,0.0,101,Closed,>15 Days
601572-20260321-125205,2026-03-21 12:52:05,2026-03-21,,South Branch,L5 IN Kerala 2,C963,601572.0,Southern Holdings,I am writing to report an issue with  a recent purchase of milky bar products. A wholesaler (cheruvattor) opened the case and discovered  that two individual boxes were missing from the packaging. The box appeared to be sealed .but the contents did not match the quantity listed on the label.,BI-Any other,Closed,INPRAKASMA1,2026-08-06 14:17:00,,Closed,GT Distributors,Johnson Enterprises,2026.0,3.0,Mar,2026-03,Q1,1.0,Closed,Warehouse Problem | Stock Shortage | Short or not-received quantity | Owner: Warehouse/DC,Stock Shortage,Warehouse/DC,Stock Shortage,,,,13718223,,,,,0.0,1.0,0.0,0.0,0.0,0.0,0.0,0.0,0.0,0.0,0.0,101,Closed,>15 Days
601785-20260321-124320,2026-03-21 12:43:21,2026-03-21,,South Branch,L5 IN Kerala 1,C963,601785.0,Vinod Agencies,invoice number : 1365801144 ,BI-Stock Shortages,Pending,,,,Pending,GT Distributors,Global Trade Solutions,2026.0,3.0,Mar,2026-03,Q1,1.0,Open / Pending,Warehouse Problem | Stock Shortage | Short or not-received quantity | Owner: Warehouse/DC,Stock Shortage,Warehouse/DC,Stock Shortage,1365801144,,,12602687,NESCAFE SUNRISE DAWN Jar 24x90g TN NR IN,53600452DA,,1 CASE,0.0,1.0,0.0,0.0,0.0,0.0,0.0,0.0,0.0,0.0,0.0,101,Pending,>15 Days
601785-20260321-125031,2026-03-21 12:50:31,2026-03-21,,South Branch,L5 IN Kerala 1,C963,601785.0,Vinod Agencies,invoice number : 1365356839 ,BI-Stock Shortages,Closed,INPRAKASMA1,2026-08-06 14:17:00,,Closed,GT Distributors,Caspian Shipping & Logistics,2026.0,3.0,Mar,2026-03,Q1,1.0,Closed,Warehouse Problem | Stock Shortage | Short or not-received quantity | Owner: Warehouse/DC,Stock Shortage,Warehouse/DC,Stock Shortage,1365356839,,,12606106,NESCAFE CLASSIC Dawn Jar 24x90g NR IN,60170452DA,,1 CASE,0.0,1.0,0.0,0.0,0.0,0.0,0.0,0.0,0.0,0.0,0.0,101,Closed,>15 Days
601785-20260321-130231,2026-03-21 13:02:31,2026-03-21,,South Branch,L5 IN Kerala 1,C963,601785.0,Vinod Agencies,invoice number : 1365800281,BI-Stock Shortages,Pending,,,,Pending,GT Distributors,Global Trade Solutions,2026.0,3.0,Mar,2026-03,Q1,1.0,Open / Pending,Warehouse Problem | Stock Shortage | Short or not-received quantity | Owner: Warehouse/DC,Stock Shortage,Warehouse/DC,Stock Shortage,1365800281,,,12615615,NANGROW 24x400g JEFB001-2 N1 IN,60220453J1,,1 CASE,0.0,1.0,0.0,0.0,0.0,0.0,0.0,0.0,0.0,0.0,0.0,101,Pending,>15 Days
601785-20260321-130801,2026-03-21 13:08:02,2026-03-21,,South Branch,L5 IN Kerala 1,C963,601785.0,Vinod Agencies,invoice number : 1365800281,BI-Stock Shortages,Pending,,,,Pending,GT Distributors,Global Trade Solutions,2026.0,3.0,Mar,2026-03,Q1,1.0,Open / Pending,Warehouse Problem | Stock Shortage | Short or not-received quantity | Owner: Warehouse/DC,Stock Shortage,Warehouse/DC,Stock Shortage,1365800281,,,12608496,MAGGI 2-MINN Masala 48x150g N1 IN,60290452CF,,1 CASE,0.0,1.0,0.0,0.0,0.0,0.0,0.0,0.0,0.0,0.0,0.0,101,Pending,>15 Days
601785-20260321-132823,2026-03-21 13:28:24,2026-03-21,,South Branch,L5 IN Kerala 1,C963,601785.0,Vinod Agencies,invoice number : 1365800696,BI-Stock Shortages,Pending,,,,Pending,GT Distributors,Global Trade Solutions,2026.0,3.0,Mar,2026-03,Q1,1.0,Open / Pending,Warehouse Problem | Stock Shortage | Short or not-received quantity | Owner: Warehouse/DC,Stock Shortage,Warehouse/DC,Stock Shortage,1365800696,,,14378778,MUNCH Twin Bar 24(24x19.8g) NR IN,60290452CF,,1 CASE,0.0,1.0,0.0,0.0,0.0,0.0,0.0,0.0,0.0,0.0,0.0,101,Pending,>15 Days
601785-20260321-133638,2026-03-21 13:36:38,2026-03-21,,South Branch,L5 IN Kerala 1,C963,601785.0,Vinod Agencies,invoice number : 1365357439,BI-Stock Shortages,Closed,INPRAKASMA1,2026-08-06 14:17:00,,Closed,GT Distributors,Caspian Shipping & Logistics,2026.0,3.0,Mar,2026-03,Q1,1.0,Closed,Warehouse Problem | Stock Shortage | Short or not-received quantity | Owner: Warehouse/DC,Stock Shortage,Warehouse/DC,Stock Shortage,1365357439,,,12567336,NESTLE MILO RTD Millets 30x180ml IN,60371530MA,,1 CASE,0.0,1.0,0.0,0.0,0.0,0.0,0.0,0.0,0.0,0.0,0.0,101,Closed,>15 Days
7566631-20260321-115737,2026-03-21 11:57:38,2026-03-21,,South Branch,L5 IN Kerala 2,B744,7566631.0,Sabari Distribution Private Limited,Distributor Code Invoice Number Cmp invoice date Product Code Product Name Batch MRP Invoice Qty Received Qty Remarks,BI-Stock Shortages,Closed,INPRAKASMA1,2026-10-04 00:17:00,,Closed,GT Distributors,KKP Express,2026.0,3.0,Mar,2026-03,Q1,1.0,Closed,Other Problem | Transit / Logistics Other | Transport-related issue without clear subtype | Owner: Transporter/Logistics,Transit / Logistics Other,Transporter/Logistics,MRP Mismatch; Transit,,,,PRODUCT,,,,,1.0,0.0,0.0,0.0,1.0,0.0,0.0,0.0,0.0,0.0,0.0,101,Closed,>15 Days
7566631-20260321-115851,2026-03-21 11:58:51,2026-03-21,,South Branch,L5 IN Kerala 2,B744,7566631.0,Sabari Distribution Private Limited,Distributor Code Invoice Number Cmp invoice date Product Code Product Name Batch MRP Invoice Qty Received Qty Remarks,BI-Batch Related Issues,Closed,INPRAKASMA1,2026-10-04 00:17:00,,Closed,GT Distributors,Global Trade Solutions,2026.0,3.0,Mar,2026-03,Q1,1.0,Closed,Warehouse Problem | MRP / Price Mismatch | Billed versus received MRP mismatch | Owner: Warehouse/DC,MRP / Price Mismatch,Warehouse/DC,MRP Mismatch,,,,PRODUCT,,,,,0.0,0.0,0.0,0.0,1.0,0.0,0.0,0.0,0.0,0.0,0.0,101,Closed,>15 Days
7566631-20260321-115946,2026-03-21 11:59:46,2026-03-21,,South Branch,L5 IN Kerala 2,B744,7566631.0,Sabari Distribution Private Limited,Distributor Code Invoice Number Cmp invoice date Product Code Product Name Batch MRP Invoice Qty Received Qty Remarks,BI-Stock Shortages,Closed,INPRAKASMA1,2026-10-04 00:17:00,,Closed,GT Distributors,Global Trade Solutions,2026.0,3.0,Mar,2026-03,Q1,1.0,Closed,Other Problem | Transit Shortage | Shortage during transportation | Owner: Transporter/Logistics,Transit Shortage,Transporter/Logistics,Stock Shortage; MRP Mismatch; Wrong SKU; Transit,,,,PRODUCT,,,,1 CASE; 3 CASES,1.0,1.0,0.0,0.0,1.0,1.0,0.0,0.0,0.0,0.0,0.0,101,Closed,>15 Days
601236-20260320-180026,2026-03-20 18:00:26,2026-03-20,,South Branch,L5 IN Kerala 1,C963,601236.0,Krishna Enterprises,NIVOICE NO:1365801143,BI-Expiry / Bad Goods,Closed,INPRAKASMA1,2026-08-06 14:17:00,,Closed,GT Distributors,Global Trade Solutions,2026.0,3.0,Mar,2026-03,Q1,1.0,Closed,Warehouse Problem | Expiry / Short Expiry | Expired or insufficient shelf-life stock | Owner: Warehouse/DC,Expiry / Short Expiry,Warehouse/DC,Expiry,,,,12616941,,,,1 CS,0.0,0.0,0.0,0.0,0.0,0.0,0.0,1.0,0.0,0.0,0.0,102,Closed,>15 Days
601328-20260320-133018,2026-03-20 13:30:18,2026-03-20,,South Branch,L5 IN Karnataka 2,B929,601328.0,Narayan Keshappa Sindol,INVOICE NO. 938415496,BI-Damages,Closed,INPRAKASMA1,2026-04-23 19:51:03,,Closed,GT Distributors,Diptab Ventures Pvt ltd,2026.0,3.0,Mar,2026-03,Q1,1.0,Closed,Other Problem | Transit Damage | Damage during transportation | Owner: Transporter/Logistics,Transit Damage,Transporter/Logistics,Damage; Transit,,,,,,,290,9 PCS,1.0,0.0,1.0,0.0,0.0,0.0,0.0,0.0,0.0,0.0,0.0,102,Closed,>15 Days
601780-20260320-115339,2026-03-20 11:53:40,2026-03-20,,South Branch,L5 IN Hyderabad 1,2032,601780.0,Vijeta Enterprises,"Inv No: 1099841505, Date: 19-03-26",BI-Stock Shortages,Closed,INPRAKASMA1,2026-10-04 00:17:00,,Closed,GT Distributors,TCI Supply Chain Solutions (A Divn.,2026.0,3.0,Mar,2026-03,Q1,1.0,Closed,Other Problem | Non-Warehouse Shortage | Warehouse dispatch verified; investigate transit/distributor | Owner: Transporter/Distributor,Non-Warehouse Shortage,Transporter/Distributor,Stock Shortage,1099841505,,,,,,75,5 CS,1.0,1.0,0.0,0.0,0.0,0.0,0.0,0.0,0.0,0.0,0.0,102,Closed,>15 Days
6043092-20260320-133546,2026-03-20 13:35:46,2026-03-20,,South Branch,L5 IN Andhrapradesh 2,2032,6043092.0,Sri Rajeswari Traders,SHORTAGE,BI-Stock Shortages,Reopened,,,,Reopened,GT Distributors,Glovis India Private Limited,2026.0,3.0,Mar,2026-03,Q1,1.0,Open / Pending,Warehouse Problem | Stock Shortage | Short or not-received quantity | Owner: Warehouse/DC,Stock Shortage,Warehouse/DC,Stock Shortage,1099841187,,,,MAGGI PAZZTA CHSY TOM 80*68.5G IN,60392814PA,35,1 CASE,0.0,1.0,0.0,0.0,0.0,0.0,0.0,0.0,0.0,0.0,0.0,102,Reopened,>15 Days
6089280-20260320-114145,2026-03-20 11:41:45,2026-03-20,,South Branch,L5 IN Tamil Nadu 3,B744,6089280.0,Madhu Traders,Stock received in open truck with chocolate load,BI-Any other,Closed,INPRAKASMA1,2026-10-04 00:17:00,,Closed,GT Distributors,,2026.0,3.0,Mar,2026-03,Q1,1.0,Closed,Other Problem | Transport / Vehicle Compliance | Chocolate stock transported in open truck | Owner: Transporter/Logistics,Transport / Vehicle Compliance,Transporter/Logistics,Transit; Vehicle Compliance,,,,,,,,,1.0,0.0,0.0,0.0,0.0,0.0,0.0,0.0,0.0,0.0,0.0,102,Closed,>15 Days
6775174-20260320-144500,2026-03-20 14:45:01,2026-03-20,,South Branch,L5 IN Kerala 1,C963,6775174.0,Libra Consumables Private Limited,MAGGI 16X450G MRP RS87/-x20cs inv date-1365801161 dtd 19.03.2026,BI-Stock Shortages,Closed,INPRAKASMA1,2026-08-06 14:17:00,,Closed,GT Distributors,Global Trade Solutions,2026.0,3.0,Mar,2026-03,Q1,1.0,Closed,Warehouse Problem | Stock Shortage | Short or not-received quantity | Owner: Warehouse/DC,Stock Shortage,Warehouse/DC,Stock Shortage,,,,,,,87,20 CS,0.0,1.0,0.0,0.0,0.0,0.0,0.0,0.0,0.0,0.0,0.0,102,Closed,>15 Days
6960711-20260320-215742,2026-03-20 21:57:43,2026-03-20,,South Branch,L5 IN Andhrapradesh 4,C749,6960711.0,Tadepalli Eswararao Son,LR NO: 31205,BI-Stock Shortages,Closed,INPRAKASMA1,2026-10-04 00:17:00,,Closed,GT Distributors,Sakthi Jayavel Motors,2026.0,3.0,Mar,2026-03,Q1,1.0,Closed,Other Problem | Transit Shortage | Shortage during transportation | Owner: Transporter/Logistics,Transit Shortage,Transporter/Logistics,Stock Shortage; Transit,974817467,31205,,,,,,1 CASE,1.0,1.0,0.0,0.0,0.0,0.0,0.0,0.0,0.0,0.0,0.0,102,Closed,>15 Days
7198887-20260320-163006,2026-03-20 16:30:06,2026-03-20,,South Branch,L5 IN Hyderabad 2,2032,7198887.0,Intelligent Retail Private Limited,1. 14118476,BI-Stock Shortages,Closed,INPRAKASMA1,2026-10-04 00:17:00,,Closed,GT Distributors,TCI Supply Chain Solutions (A Divn.,2026.0,3.0,Mar,2026-03,Q1,1.0,Closed,Other Problem | Promo / Scheme Fulfilment | Free stock is CD holding / ASM-managed scheme stock | Owner: Sales/ASM,Promo / Scheme Fulfilment,Sales/ASM,Promo Missing; Scheme Fulfilment,1099841356,1732,TS12UE1696,,,,10,15 CASES,0.0,1.0,0.0,0.0,0.0,0.0,0.0,0.0,1.0,0.0,0.0,102,Closed,>15 Days
7366995-20260320-141440,2026-03-20 14:14:40,2026-03-20,,South Branch,L5 IN Hyderabad 2,2032,7366995.0,Intelligent Retail Private Limited,INVOICE NO- 1099841017,BI-Stock Shortages,Closed,INPRAKASMA1,2026-04-23 19:51:03,,Closed,GT Distributors,Chirag Road Lines,2026.0,3.0,Mar,2026-03,Q1,1.0,Closed,Other Problem | Non-Warehouse Shortage | Warehouse dispatch verified; investigate transit/distributor | Owner: Transporter/Distributor,Non-Warehouse Shortage,Transporter/Distributor,Stock Shortage,1099841017,,,,,,,,1.0,1.0,0.0,0.0,0.0,0.0,0.0,0.0,0.0,0.0,0.0,102,Closed,>15 Days
7369977-20260320-162808,2026-03-20 16:28:09,2026-03-20,,South Branch,L5 IN Hyderabad 2,2032,7369977.0,Sri Sudharshana Traders,in the invoice no:1099841306 dated on 19/3/26 the billed product is munch cereal 32x120g (mrp 70/-)but we received 216x19g(mrp 10/-),BI-Stock Shortages,Reopened,,,,Reopened,GT Distributors,Shanom Bolt Logistics Private,2026.0,3.0,Mar,2026-03,Q1,1.0,Open / Pending,Warehouse Problem | MRP / Price Mismatch | Billed versus received MRP mismatch | Owner: Warehouse/DC,MRP / Price Mismatch,Warehouse/DC,MRP Mismatch,1099841306,,,,,,70; 10,,1.0,0.0,0.0,0.0,1.0,0.0,0.0,0.0,0.0,0.0,0.0,102,Reopened,>15 Days
3593882-20260319-114241,2026-03-19 11:42:42,2026-03-19,,South Branch,L5 IN Bangalore City 1,B929,3593882.0,Samanvitha Agencies,Dear sir,BI-Stock Shortages,Closed,INPRAKASMA1,2026-04-23 19:51:03,,Closed,GT Distributors,Diptab Ventures Pvt ltd,2026.0,3.0,Mar,2026-03,Q1,1.0,Closed,Other Problem | Transit Shortage | Shortage during transportation | Owner: Transporter/Logistics,Transit Shortage,Transporter/Logistics,Stock Shortage; Transit,938414960,,KA09C6436,,,,,1 CASE,1.0,1.0,0.0,0.0,0.0,0.0,0.0,0.0,0.0,0.0,0.0,103,Closed,>15 Days
3891254-20260319-095836,2026-03-19 09:58:36,2026-03-19,,South Branch,L5 IN Kerala 1,C963,3891254.0,Fidha Traders,INVOICE NUMBER- 1365800437,BI-Stock Shortages,Closed,INPRAKASMA1,2026-08-06 14:17:00,,Closed,GT Distributors,Johnson Enterprises,2026.0,3.0,Mar,2026-03,Q1,1.0,Closed,Warehouse Problem | Stock Shortage | Short or not-received quantity | Owner: Warehouse/DC,Stock Shortage,Warehouse/DC,Stock Shortage,1365800437,,,,,,,3 CS,0.0,1.0,0.0,0.0,0.0,0.0,0.0,0.0,0.0,0.0,0.0,103,Closed,>15 Days
6007542-20260319-175344,2026-03-19 17:53:44,2026-03-19,,South Branch,L5 IN Tamil Nadu 3,B744,6007542.0,Skantha Agencies Private Limited,INVOICE NO                   :   959165793,BI-Stock Shortages,Closed,INPRAKASMA1,2026-10-04 00:17:00,,Closed,GT Distributors,Delhi Punjab Roadlines,2026.0,3.0,Mar,2026-03,Q1,1.0,Closed,Other Problem | Transit Shortage | Shortage during transportation | Owner: Transporter/Logistics,Transit Shortage,Transporter/Logistics,Stock Shortage; Transit,959165793,,,12629157,KIT KAT 2F MINI 24(42X13.2g)IN,60610454B1,10,30 CS; 29 CS; 1 CS,1.0,1.0,0.0,0.0,0.0,0.0,0.0,0.0,0.0,0.0,0.0,103,Closed,>15 Days
7012481-20260319-135858,2026-03-19 13:58:58,2026-03-19,,South Branch,L5 IN Hyderabad 1,2032,7012481.0,S V Enterprises,INV-1099837751,BI-Stock Shortages,Closed,INPRAKASMA1,2026-04-23 19:51:03,,Closed,GT Distributors,TCI Supply Chain Solutions (A Divn.,2026.0,3.0,Mar,2026-03,Q1,1.0,Closed,Warehouse Problem | Stock Shortage | Short or not-received quantity | Owner: Warehouse/DC,Stock Shortage,Warehouse/DC,Stock Shortage,1099837751,,TS12UC9398,,,,265,1 CASE,0.0,1.0,0.0,0.0,0.0,0.0,0.0,0.0,0.0,0.0,0.0,103,Closed,>15 Days
7012481-20260319-140130,2026-03-19 14:01:31,2026-03-19,,South Branch,L5 IN Hyderabad 1,2032,7012481.0,S V Enterprises,INV-1099840907,BI-Stock Shortages,Closed,INPRAKASMA1,2026-04-23 19:51:03,,Closed,GT Distributors,Glovis India Private Limited,2026.0,3.0,Mar,2026-03,Q1,1.0,Closed,Warehouse Problem | Wrong SKU / Product | Wrong or interchanged material supplied | Owner: Warehouse/DC,Wrong SKU / Product,Warehouse/DC,Wrong SKU,1099840907,,AP28TC8293,,,,,,0.0,0.0,0.0,0.0,0.0,1.0,0.0,0.0,0.0,0.0,0.0,103,Closed,>15 Days
7012481-20260319-140458,2026-03-19 14:04:59,2026-03-19,,South Branch,L5 IN Hyderabad 1,2032,7012481.0,S V Enterprises,INV-1099841225,BI-Stock Shortages,Closed,INPRAKASMA1,2026-04-23 19:51:03,,Closed,GT Distributors,Glovis India Private Limited,2026.0,3.0,Mar,2026-03,Q1,1.0,Closed,Warehouse Problem | Wrong SKU / Product | Wrong or interchanged material supplied | Owner: Warehouse/DC,Wrong SKU / Product,Warehouse/DC,Wrong SKU,1099841225,,TG12T6569,,,,,30 CASES,0.0,0.0,0.0,0.0,0.0,1.0,0.0,0.0,0.0,0.0,0.0,103,Closed,>15 Days
4766881-20260318-130630,2026-03-18 13:06:31,2026-03-18,,South Branch,L5 IN Hyderabad 2,2032,4766881.0,Balaji Agencies,MAGGI 58/- 2CS SHORT RECIEVED IN INV NO 1099841181 INV DATE 18.03.2026 PRODUCT CODE 13680206,BI-Stock Shortages,Closed,INPRAKASMA1,2026-10-04 00:17:00,,Closed,GT Distributors,TCI Supply Chain Solutions (A Divn.,2026.0,3.0,Mar,2026-03,Q1,1.0,Closed,Other Problem | Transit Shortage | Shortage during transportation | Owner: Transporter/Logistics,Transit Shortage,Transporter/Logistics,Stock Shortage; Transit,1099841181,,,13680206,,,,2 CS,1.0,1.0,0.0,0.0,0.0,0.0,0.0,0.0,0.0,0.0,0.0,104,Closed,>15 Days
5531976-20260318-165642,2026-03-18 16:56:43,2026-03-18,,South Branch,L5 IN Kerala 2,B744,5531976.0,Ambooken Agencies,INVOICE NO-959165627 Dt.09/03/2026 FROM COIMBATORE DC- MAGGI MASALA 96X 75G (MRP. 15) 1 CASE SHORT AND MAGGI 16 X 450G (MRP. 87) 1 CASE EXCESS RECEIVED.WE INFORMED THIS TO THE DC AND NOT YET CLEARED.,BI-Stock Shortages,Closed,INPRAKASMA1,2026-08-06 14:17:00,,Closed,GT Distributors,KKP Express,2026.0,3.0,Mar,2026-03,Q1,1.0,Closed,Warehouse Problem | MRP / Price Mismatch | Billed versus received MRP mismatch | Owner: Warehouse/DC,MRP / Price Mismatch,Warehouse/DC,Stock Shortage; Stock Excess; MRP Mismatch,959165627; 959167670,,,,,,,1 CASE,0.0,1.0,0.0,1.0,1.0,0.0,0.0,0.0,0.0,0.0,0.0,104,Closed,>15 Days
6077575-20260318-123719,2026-03-18 12:37:19,2026-03-18,,South Branch,L5 IN Andhra Pradesh Purina,2032,6077575.0,Blitzhaus Pet Mart.,LR NO 034532206 DT 16.03.2026,BI-Damages,Closed,INPRAKASMA1,2026-10-04 00:17:00,,Closed,Pet Food-Distributor,TCI Supply Chain Solutions (A Divn.,2026.0,3.0,Mar,2026-03,Q1,1.0,Closed,Other Problem | Transit Damage | Damage during transportation | Owner: Transporter/Logistics,Transit Damage,Transporter/Logistics,Damage; Transit,1099840793,34532206,,,,,,4 PC; 1 PC,1.0,0.0,1.0,0.0,0.0,0.0,0.0,0.0,0.0,0.0,0.0,104,Closed,>15 Days
6248455-20260318-092645,2026-03-18 09:26:46,2026-03-18,,South Branch,L5 IN Karnataka 2,B929,6248455.0,Sasnur Traders,2 cases of 450gm Maggie Short,BI-Stock Shortages,Closed,INPRAKASMA1,2026-04-23 19:51:03,,Closed,GT Distributors,Diptab Ventures Pvt ltd,2026.0,3.0,Mar,2026-03,Q1,1.0,Closed,Other Problem | Transit Shortage | Shortage during transportation | Owner: Transporter/Logistics,Transit Shortage,Transporter/Logistics,Stock Shortage; Transit,,,,,,,,2 CASES; 12 CASES; 10 CASES,1.0,1.0,0.0,0.0,0.0,0.0,0.0,0.0,0.0,0.0,0.0,104,Closed,>15 Days
7035170-20260318-172303,2026-03-18 17:23:04,2026-03-18,,South Branch,L5 IN Chennai City 1,C749,7035170.0,Intelligent Retail Private Limited,"We have received ""13679901"" - 'MAGGI 2-MINN Masala 96x75g IN', MRP-15, 18 cases shortage for Invoice# 974816979 dated 14/03/2026",BI-Stock Shortages,Closed,INPRAKASMA1,2026-10-04 00:17:00,,Closed,GT Distributors,Sakthi Jayavel Motors,2026.0,3.0,Mar,2026-03,Q1,1.0,Closed,Warehouse Problem | Stock Shortage | Short or not-received quantity | Owner: Warehouse/DC,Stock Shortage,Warehouse/DC,Stock Shortage,974816979,,,,,,15,18 CASES,0.0,1.0,0.0,0.0,0.0,0.0,0.0,0.0,0.0,0.0,0.0,104,Closed,>15 Days
7198893-20260318-152254,2026-03-18 15:22:54,2026-03-18,,South Branch,L5 IN Andhrapradesh 2,2032,7198893.0,Sri Lakshmi Srinivasa Distributors,Invoice No-1099839325,BI-Any other,Closed,INPRAKASMA1,2026-10-04 00:17:00,,Closed,GT Distributors,Glovis India Private Limited,2026.0,3.0,Mar,2026-03,Q1,1.0,Closed,Other Problem | Transit Shortage | Shortage during transportation | Owner: Transporter/Logistics,Transit Shortage,Transporter/Logistics,Stock Shortage; Transit,1099839325,,,12497672,,60270453J1,,3 EA,1.0,1.0,0.0,0.0,0.0,0.0,0.0,0.0,0.0,0.0,0.0,104,Closed,>15 Days
7339382-20260318-191938,2026-03-18 19:19:38,2026-03-18,,South Branch,L5 IN Bangalore City 2,B929,7339382.0,Pearl Enterprises,"MRP.10 BAR ONE CTLN 16(24X20.2G)  2 CASE RETURN TO DC. REASON N NEAR EXPIRY STOCK CAME VECHILE.LR NO;GC 7335, DATE;18-03-2026,  KKP EXPRESS TRANSPORT, DRIVER NAME; ARUN.R CELL;8792819929",BI-Returns,Closed,INPRAKASMA1,2026-04-23 19:51:03,,Closed,GT Distributors,KKP Express,2026.0,3.0,Mar,2026-03,Q1,1.0,Closed,Warehouse Problem | Expiry / Short Expiry | Expired or insufficient shelf-life stock | Owner: Warehouse/DC,Expiry / Short Expiry,Warehouse/DC,Expiry; Commercial/Billing; Return,,,,,,,,2 CASE,0.0,0.0,0.0,0.0,0.0,0.0,0.0,1.0,0.0,0.0,0.0,104,Closed,>15 Days
7437797-20260318-172146,2026-03-18 17:21:47,2026-03-18,,South Branch,L5 IN Andhrapradesh 4,C749,7437797.0,Padmaja Enterprises,Inv No : 974794587,BI-Stock Shortages,Closed,INPRAKASMA1,2026-10-04 00:17:00,,Closed,GT Distributors,Chirag Road Lines,2026.0,3.0,Mar,2026-03,Q1,1.0,Closed,Other Problem | Transit Shortage | Shortage during transportation | Owner: Transporter/Logistics,Transit Shortage,Transporter/Logistics,Stock Shortage; Transit,974794587,,,12601932,Cerelac STG 1 Wheat Apple ZS 24x350g IN,52180453A7,,,1.0,1.0,0.0,0.0,0.0,0.0,0.0,0.0,0.0,0.0,0.0,104,Closed,>15 Days
601517-20260317-084229,2026-03-17 08:42:29,2026-03-17,,South Branch,L5 IN Chennai City 2,C749,601517.0,Selva Kamatchi Agencies,DUE ONO CASE (24P) CODE NO 12585176 LACTOGEN PRO 3 BIB 24X400G INVOICE NO 974816937 DATE 14/03/2026 CCI LOGISTICS LIMITED LLR NO MMA1041182 DATE 14/03/2026 DRIVER PRASANTH MOBIL 9176762183,BI-Stock Shortages,Closed,INPRAKASMA1,2026-10-04 00:17:00,,Closed,GT Distributors,CCI Logistics Limited,2026.0,3.0,Mar,2026-03,Q1,1.0,Closed,Warehouse Problem | Stock Shortage | Short or not-received quantity | Owner: Warehouse/DC,Stock Shortage,Warehouse/DC,Stock Shortage,974816937,,,,,,,,0.0,1.0,0.0,0.0,0.0,0.0,0.0,0.0,0.0,0.0,0.0,105,Closed,>15 Days
601780-20260317-121553,2026-03-17 12:15:54,2026-03-17,,South Branch,L5 IN Hyderabad 1,2032,601780.0,Vijeta Enterprises,"Inv No : 1099840909, Date: 17-03-26",BI-Stock Shortages,Closed,INPRAKASMA1,2026-10-04 00:17:00,,Closed,GT Distributors,TCI Supply Chain Solutions (A Divn.,2026.0,3.0,Mar,2026-03,Q1,1.0,Closed,Other Problem | Non-Warehouse Shortage | Warehouse dispatch verified; investigate transit/distributor | Owner: Transporter/Distributor,Non-Warehouse Shortage,Transporter/Distributor,Stock Shortage,1099840909,,,,,,108,49 CS; 48 CS; 1 CS,1.0,1.0,0.0,0.0,0.0,0.0,0.0,0.0,0.0,0.0,0.0,105,Closed,>15 Days
6043092-20260317-131244,2026-03-17 13:12:45,2026-03-17,,South Branch,L5 IN Andhrapradesh 2,2032,6043092.0,Sri Rajeswari Traders,MRP MISMATCH,BI-Any other,Closed,INPRAKASMA1,2026-04-23 19:51:03,,Closed,GT Distributors,TCI Supply Chain Solutions (A Divn.,2026.0,3.0,Mar,2026-03,Q1,1.0,Closed,Warehouse Problem | MRP / Price Mismatch | Billed versus received MRP mismatch | Owner: Warehouse/DC,MRP / Price Mismatch,Warehouse/DC,MRP Mismatch,1099840561,,,,KIT KAT HAZELNUT CRUNCH 10(6*120G)IN,60024176C6,210; 185,1 CASE,0.0,0.0,0.0,0.0,1.0,0.0,0.0,0.0,0.0,0.0,0.0,105,Closed,>15 Days
6700167-20260317-184942,2026-03-17 18:49:42,2026-03-17,,South Branch,L5 IN Andhrapradesh 2,2032,6700167.0,Laasritha Enterprises,INV NO 1099840363 INV DT 14-03-2026 LACTOGEN PRO 1 TIN 15X475G MRP 550/- 1 CASE SHORT,BI-Stock Shortages,Reopened,,,,Reopened,GT Distributors,AVG Logistics Limited,2026.0,3.0,Mar,2026-03,Q1,1.0,Open / Pending,Other Problem | Non-Warehouse Shortage | Warehouse dispatch verified; investigate transit/distributor | Owner: Transporter/Distributor,Non-Warehouse Shortage,Transporter/Distributor,Stock Shortage; Stock Excess,1099840363,,,,,,550,1 CASE,1.0,1.0,0.0,1.0,0.0,0.0,0.0,0.0,0.0,0.0,0.0,105,Reopened,>15 Days
6912092-20260317-142410,2026-03-17 14:24:11,2026-03-17,,South Branch,L5 IN Karnataka 3,B929,6912092.0,Intelligent Retail Private Limited,Product Code : 13776709,BI-Stock Shortages,Closed,INPRAKASMA1,2026-04-23 19:51:03,,Closed,GT Distributors,Lets,2026.0,3.0,Mar,2026-03,Q1,1.0,Closed,Other Problem | Transit Shortage | Shortage during transportation | Owner: Transporter/Logistics,Transit Shortage,Transporter/Logistics,Stock Shortage; Transit,,A220172,,13776709,MILKYBAR Moosha Ctln 12(15x40.5g) IN,60410454F1,20,1 CS,1.0,1.0,0.0,0.0,0.0,0.0,0.0,0.0,0.0,0.0,0.0,105,Closed,>15 Days
7469478-20260317-204500,2026-03-17 20:45:00,2026-03-17,,South Branch,L5 IN Andhrapradesh 2,2032,7469478.0,Jyothi Agencies,LACTOGEN PRO2 BIB 400Gr-1CASE SHORT DELIVERY,BI-Stock Shortages,Closed,INPRAKASMA1,2026-04-23 19:51:03,,Closed,GT Distributors,AVG Logistics Limited,2026.0,3.0,Mar,2026-03,Q1,1.0,Closed,Other Problem | Transit Shortage | Shortage during transportation | Owner: Transporter/Logistics,Transit Shortage,Transporter/Logistics,Stock Shortage; Transit,1099840546,2024062,,,,,,1 CASE,1.0,1.0,0.0,0.0,0.0,0.0,0.0,0.0,0.0,0.0,0.0,105,Closed,>15 Days
970494-20260317-181156,2026-03-17 18:11:56,2026-03-17,,South Branch,L5 IN Chennai Rural,C749,970494.0,R L Agency,TRNASIT SHORTAGE 200GM STABILO 2 CASES SHORTAGE INVOICE NUMBER 974809808 L R COPY NUMBER MAA1040672,BI-Stock Shortages,Closed,INPRAKASMA1,2026-10-04 00:17:00,,Closed,GT Distributors,CCI Logistics Limited,2026.0,3.0,Mar,2026-03,Q1,1.0,Closed,Other Problem | Transit Shortage | Shortage during transportation | Owner: Transporter/Logistics,Transit Shortage,Transporter/Logistics,Stock Shortage; Transit,974809808,,,,,,,2 CASES,1.0,1.0,0.0,0.0,0.0,0.0,0.0,0.0,0.0,0.0,0.0,105,Closed,>15 Days
970494-20260317-181351,2026-03-17 18:13:51,2026-03-17,,South Branch,L5 IN Chennai Rural,C749,970494.0,R L Agency,2rs SUNRISE 1 CASE TRANSIT SHORTAGE INVOICE NUMBER 974815177 L R NUMBER MAA1041072,BI-Stock Shortages,Closed,INPRAKASMA1,2026-10-04 00:17:00,,Closed,GT Distributors,CCI Logistics Limited,2026.0,3.0,Mar,2026-03,Q1,1.0,Closed,Other Problem | Transit Shortage | Shortage during transportation | Owner: Transporter/Logistics,Transit Shortage,Transporter/Logistics,Stock Shortage; Transit,974815177,,,,,,,1 CASE,1.0,1.0,0.0,0.0,0.0,0.0,0.0,0.0,0.0,0.0,0.0,105,Closed,>15 Days
601559-20260316-104609,2026-03-16 10:46:10,2026-03-16,,South Branch,L5 IN Karnataka 3,B929,601559.0,Smruthi Sales,INVOICE NUMBER-938415036,BI-Stock Shortages,Closed,INPRAKASMA1,2026-04-23 19:51:03,,Closed,GT Distributors,KKP Express,2026.0,3.0,Mar,2026-03,Q1,1.0,Closed,Warehouse Problem | Stock Shortage | Short or not-received quantity | Owner: Warehouse/DC,Stock Shortage,Warehouse/DC,Stock Shortage,938415036,,,,,,710,1 CASE,0.0,1.0,0.0,0.0,0.0,0.0,0.0,0.0,0.0,0.0,0.0,106,Closed,>15 Days
601620-20260316-141210,2026-03-16 14:12:11,2026-03-16,,South Branch,L5 IN Andhrapradesh 3,2032,601620.0,Sri Padmavathi Venkata Ramana Traders,"IN  INV NO 1099840462 ,14-3-2026 PRE NAN HMF 3000/-RS",BI-Stock Shortages,Closed,INPRAKASMA1,2026-04-23 19:51:03,,Closed,GT Distributors,Chirag Road Lines,2026.0,3.0,Mar,2026-03,Q1,1.0,Closed,Warehouse Problem | Stock Shortage | Short or not-received quantity | Owner: Warehouse/DC,Stock Shortage,Warehouse/DC,Stock Shortage,1099840462,,,,,,,1 CS,0.0,1.0,0.0,0.0,0.0,0.0,0.0,0.0,0.0,0.0,0.0,106,Closed,>15 Days
6775174-20260316-122748,2026-03-16 12:27:48,2026-03-16,,South Branch,L5 IN Kerala 1,C963,6775174.0,Libra Consumables Private Limited,Nan Excellapro 1tin 15x400g MRP 950X1CS Short with Inv num-1365800861 dtd  14.03.2026,BI-Stock Shortages,Closed,INPRAKASMA1,2026-08-06 14:17:00,,Closed,GT Distributors,Global Trade Solutions,2026.0,3.0,Mar,2026-03,Q1,1.0,Closed,Warehouse Problem | Stock Shortage | Short or not-received quantity | Owner: Warehouse/DC,Stock Shortage,Warehouse/DC,Stock Shortage,1365800861,,,,,,950,1 CS,0.0,1.0,0.0,0.0,0.0,0.0,0.0,0.0,0.0,0.0,0.0,106,Closed,>15 Days
7023418-20260316-104839,2026-03-16 10:48:40,2026-03-16,,South Branch,L5 IN Tamil Nadu 2,B744,7023418.0,Sri Senthur Agencies,"SHORT EXPIRY,",BI-Expiry / Bad Goods,Closed,INPRAKASMA1,2026-10-04 00:17:00,,Closed,GT Distributors,KKP Express,2026.0,3.0,Mar,2026-03,Q1,1.0,Closed,Warehouse Problem | Expiry / Short Expiry | Expired or insufficient shelf-life stock | Owner: Warehouse/DC,Expiry / Short Expiry,Warehouse/DC,Expiry; Commercial/Billing,959167117,,,,,50890452VA,,2 CASES,0.0,0.0,0.0,0.0,0.0,0.0,0.0,1.0,0.0,0.0,0.0,106,Closed,>15 Days
7402251-20260316-162334,2026-03-16 16:23:35,2026-03-16,,South Branch,L5 IN Bangalore City 2,B929,7402251.0,Intelligent Retail Private Limited,"We have received ""12559339"" - 'MAGGI 2-MINN Spicy Manchurian 96*61g, MRP-23, 2 cases shortage for Invoice# 938415121 dated 15/03/2026",BI-Stock Shortages,Closed,INPRAKASMA1,2026-04-23 19:51:03,,Closed,GT Distributors,KKP Express,2026.0,3.0,Mar,2026-03,Q1,1.0,Closed,Other Problem | Transit Shortage | Shortage during transportation | Owner: Transporter/Logistics,Transit Shortage,Transporter/Logistics,Stock Shortage; Transit,938415121,,,,,,23,2 CASES,1.0,1.0,0.0,0.0,0.0,0.0,0.0,0.0,0.0,0.0,0.0,106,Closed,>15 Days
7419079-20260316-192531,2026-03-16 19:25:31,2026-03-16,,South Branch,L5 IN Chennai Rural,0,7419079.0,Intelligent Retail Private Limited,"We have sent ""12525887"" - 'NAN PRO 1 IF Tin 24x200g INNWB174 NV IN', MRP- 450, 3 pcs Transfer to CFA",BI-Returns,Closed,INPRAKASMA1,2026-10-04 00:17:00,,Not OTR-Nan SRM,,,2026.0,3.0,Mar,2026-03,Q1,1.0,Closed,Other Problem | Duplicate / Non-OTR | Duplicate or invalid OTR record | Owner: Process/System,Duplicate / Non-OTR,Process/System,Commercial/Billing; Duplicate/Non-OTR,,,,,,,450,3 PCS,0.0,0.0,0.0,0.0,0.0,0.0,0.0,0.0,0.0,0.0,1.0,106,Closed,>15 Days
7419079-20260316-192651,2026-03-16 19:26:51,2026-03-16,,South Branch,L5 IN Chennai Rural,0,7419079.0,Intelligent Retail Private Limited,"We have sent ""12567446"" - 'PRE NAN IF TIN 15x400g DS520-2 IN', MRP-695, 1 Case Transfer to CFA",BI-Returns,Closed,INPRAKASMA1,2026-10-04 00:17:00,,Not OTR-Nan SRM,,,2026.0,3.0,Mar,2026-03,Q1,1.0,Closed,Other Problem | Duplicate / Non-OTR | Duplicate or invalid OTR record | Owner: Process/System,Duplicate / Non-OTR,Process/System,Commercial/Billing; Duplicate/Non-OTR,,,,,,,695,1 CASE,0.0,0.0,0.0,0.0,0.0,0.0,0.0,0.0,0.0,0.0,1.0,106,Closed,>15 Days
7419079-20260316-193350,2026-03-16 19:33:50,2026-03-16,,South Branch,L5 IN Chennai Rural,0,7419079.0,Intelligent Retail Private Limited,"We have sent ""12578183"" - 'NAN PRO4 FU Form BIB24x400g INJE097-1 IN', MRP-755, 34 pcs Transfer to CFA",BI-Returns,Closed,INPRAKASMA1,2026-10-04 00:17:00,,Not OTR-Nan SRM,,,2026.0,3.0,Mar,2026-03,Q1,1.0,Closed,Other Problem | Duplicate / Non-OTR | Duplicate or invalid OTR record | Owner: Process/System,Duplicate / Non-OTR,Process/System,Commercial/Billing; Duplicate/Non-OTR,,,,,,,755,34 PCS,0.0,0.0,0.0,0.0,0.0,0.0,0.0,0.0,0.0,0.0,1.0,106,Closed,>15 Days
7419079-20260316-194102,2026-03-16 19:41:02,2026-03-16,,South Branch,L5 IN Chennai Rural,0,7419079.0,Intelligent Retail Private Limited,"We have sent ""12617852"" - 'NAN EXLAPRO1 5HMO Tin15x400gINNWPB309 IN', MRP- 920, 13 pcs Transfer to CFA",BI-Returns,Closed,INPRAKASMA1,2026-10-04 00:17:00,,Not OTR-Nan SRM,,,2026.0,3.0,Mar,2026-03,Q1,1.0,Closed,Other Problem | Duplicate / Non-OTR | Duplicate or invalid OTR record | Owner: Process/System,Duplicate / Non-OTR,Process/System,Commercial/Billing; Duplicate/Non-OTR,,,,,,,920,13 PCS,0.0,0.0,0.0,0.0,0.0,0.0,0.0,0.0,0.0,0.0,1.0,106,Closed,>15 Days
601347-20260314-130848,2026-03-14 13:08:48,2026-03-14,,South Branch,L5 IN Tamil Nadu 5,B744,601347.0,Nivas Enterprises,"PRODUCT CODE - 12567336 , PRODUCT NAME - NESTLE MILO RTD 30X180ML , MRP -42/- (30 PICS) ONE CASE TRANSPORT DAMAGE . INVOICE NO - 959166771, DATE : 13.03.2026",BI-Damages,Closed,INPRAKASMA1,2026-10-04 00:17:00,,Closed,GT Distributors,Indian Express Cargo,2026.0,3.0,Mar,2026-03,Q1,1.0,Closed,Other Problem | Transit Damage | Damage during transportation | Owner: Transporter/Logistics,Transit Damage,Transporter/Logistics,Damage; Transit,959166771,,,12567336,,,42,,1.0,0.0,1.0,0.0,0.0,0.0,0.0,0.0,0.0,0.0,0.0,108,Closed,>15 Days
601743-20260314-115857,2026-03-14 11:58:58,2026-03-14,,South Branch,L5 IN Bangalore City 1,B929,601743.0,V S R Marketing Agency,Invoice Number Cmp invoice date Product Code Product Name Batch MRP Invoice Qty LR NO REMARK,BI-Stock Shortages,Closed,INPRAKASMA1,2026-04-23 19:51:03,,Closed,GT Distributors,KKP Express,2026.0,3.0,Mar,2026-03,Q1,1.0,Closed,Other Problem | Transit Shortage | Shortage during transportation | Owner: Transporter/Logistics,Transit Shortage,Transporter/Logistics,Stock Shortage; Transit,,REMARK,,PRODUCT,,,,,1.0,1.0,0.0,0.0,0.0,0.0,0.0,0.0,0.0,0.0,0.0,108,Closed,>15 Days
601743-20260314-120254,2026-03-14 12:02:54,2026-03-14,,South Branch,L5 IN Bangalore City 1,B929,601743.0,V S R Marketing Agency,Invoice Number Cmp invoice date Product Code Product Name Batch MRP Invoice Qty LR NO REMARKS,BI-Stock Shortages,Closed,INPRAKASMA1,2026-04-23 19:51:03,,Closed,GT Distributors,Diptab Ventures Pvt ltd,2026.0,3.0,Mar,2026-03,Q1,1.0,Closed,Warehouse Problem | Product Damage | Damaged stock at receipt | Owner: Warehouse/DC,Product Damage,Warehouse/DC,Damage,,REMARKS,,PRODUCT,,,,,0.0,0.0,1.0,0.0,0.0,0.0,0.0,0.0,0.0,0.0,0.0,108,Closed,>15 Days
6819782-20260314-091745,2026-03-14 09:17:45,2026-03-14,,South Branch,L5 IN Andhrapradesh 2,2032,6819782.0,Sai Sudha Agencies,in inv no 1099840083 dt 12.03.26 with lr no 034532167 dt 13.03.26 TCI supply chain solutions driver name T durga prasad mob no 7995951403  received one case short for mrp 23 maggi spicy garlic . kindly do the needful.,BI-Any other,Closed,INPRAKASMA1,2026-10-04 00:17:00,,Closed,GT Distributors,TCI Supply Chain Solutions (A Divn.,2026.0,3.0,Mar,2026-03,Q1,1.0,Closed,Other Problem | Transit Shortage | Shortage during transportation | Owner: Transporter/Logistics,Transit Shortage,Transporter/Logistics,Stock Shortage; Transit,1099840083,34532167,,,,,23,,1.0,1.0,0.0,0.0,0.0,0.0,0.0,0.0,0.0,0.0,0.0,108,Closed,>15 Days
6912092-20260314-173823,2026-03-14 17:38:24,2026-03-14,,South Branch,L5 IN Karnataka 3,B929,6912092.0,Intelligent Retail Private Limited,Product Code : 12559338,BI-Stock Shortages,Closed,INPRAKASMA1,2026-04-23 19:51:03,,Closed,GT Distributors,KKP Express,2026.0,3.0,Mar,2026-03,Q1,1.0,Closed,Other Problem | Transit Shortage | Shortage during transportation | Owner: Transporter/Logistics,Transit Shortage,Transporter/Logistics,Stock Shortage; Transit,,304096,KA-01AJ-9622,12559338,MAGGI 2-MINN Spicy Garlic 96x62g N1 IN,53482814KB,23,1 CS,1.0,1.0,0.0,0.0,0.0,0.0,0.0,0.0,0.0,0.0,0.0,108,Closed,>15 Days
7227511-20260314-161200,2026-03-14 16:12:01,2026-03-14,,South Branch,L5 IN Andhra Pradesh NP,C749,7227511.0,Sri Hanuman Enterprises,Invoice Number-1099829772,BI-Stock Shortages,Pending,,,,Pending,NP-Distributor,AVG Logistics Limited,2026.0,3.0,Mar,2026-03,Q1,1.0,Open / Pending,Warehouse Problem | Stock Shortage | Short or not-received quantity | Owner: Warehouse/DC,Stock Shortage,Warehouse/DC,Stock Shortage,1099829772,1964470,NL01AB8896,13718181,KIT KAT 2F 24(30x22.1g) IN,53440454A1,20,1 CASE,0.0,1.0,0.0,0.0,0.0,0.0,0.0,0.0,0.0,0.0,0.0,108,Pending,>15 Days
7419079-20260314-210155,2026-03-14 21:01:55,2026-03-14,,South Branch,L5 IN Chennai Rural,0,7419079.0,Intelligent Retail Private Limited,"We have sent ""12497613"" - 'NAN EXCELLA PRO3 FU BIB24x400gINJW041 IN', MRP-885, 24 pcs Transfer to CFA",BI-Returns,Closed,INPRAKASMA1,2026-10-04 00:17:00,,Not OTR-Nan SRM,,,2026.0,3.0,Mar,2026-03,Q1,1.0,Closed,Other Problem | Duplicate / Non-OTR | Duplicate or invalid OTR record | Owner: Process/System,Duplicate / Non-OTR,Process/System,Commercial/Billing; Duplicate/Non-OTR,,,,,,,885,24 PCS,0.0,0.0,0.0,0.0,0.0,0.0,0.0,0.0,0.0,0.0,1.0,108,Closed,>15 Days
7419079-20260314-210508,2026-03-14 21:05:08,2026-03-14,,South Branch,L5 IN Chennai Rural,0,7419079.0,Intelligent Retail Private Limited,"We have sent ""12497672"" - 'NAN PRO 1 IF BIB 24x400g INNWB174 NV IN', MRP-755, 2 pcs Transfer to CFA",BI-Returns,Closed,INPRAKASMA1,2026-10-04 00:17:00,,Not OTR-Nan SRM,,,2026.0,3.0,Mar,2026-03,Q1,1.0,Closed,Other Problem | Duplicate / Non-OTR | Duplicate or invalid OTR record | Owner: Process/System,Duplicate / Non-OTR,Process/System,Commercial/Billing; Duplicate/Non-OTR,,,,,,,755,2 PCS,0.0,0.0,0.0,0.0,0.0,0.0,0.0,0.0,0.0,0.0,1.0,108,Closed,>15 Days
7419079-20260314-210645,2026-03-14 21:06:46,2026-03-14,,South Branch,L5 IN Chennai Rural,0,7419079.0,Intelligent Retail Private Limited,"We have sent ""12518425"" - 'NAN EXCELLA PRO2 BIB 24x400g INLW071 IN', MRP-885, 45 pcs Transfer to CFA",BI-Returns,Closed,INPRAKASMA1,2026-10-04 00:17:00,,Not OTR-Nan SRM,,,2026.0,3.0,Mar,2026-03,Q1,1.0,Closed,Other Problem | Duplicate / Non-OTR | Duplicate or invalid OTR record | Owner: Process/System,Duplicate / Non-OTR,Process/System,Commercial/Billing; Duplicate/Non-OTR,,,,,,,885,45 PCS,0.0,0.0,0.0,0.0,0.0,0.0,0.0,0.0,0.0,0.0,1.0,108,Closed,>15 Days
7560358-20260314-111112,2026-03-14 11:11:13,2026-03-14,,South Branch,L5 IN Karnataka 2,B929,7560358.0,Sagar Traders,MILKYBAR Mould 20(14*47.2g) RS.40.00,BI-Any other,Closed,INPRAKASMA1,2026-04-23 19:51:03,,Closed,GT Distributors,Diptab Ventures Pvt ltd,2026.0,3.0,Mar,2026-03,Q1,1.0,Closed,Other Problem | Transit / Logistics Other | Transport-related issue without clear subtype | Owner: Transporter/Logistics,Transit / Logistics Other,Transporter/Logistics,Transit,938414475,,,,,,,,1.0,0.0,0.0,0.0,0.0,0.0,0.0,0.0,0.0,0.0,0.0,108,Closed,>15 Days
3382314-20260313-185522,2026-03-13 18:55:22,2026-03-13,,South Branch,L5 IN Andhrapradesh 4,2032,3382314.0,Sri Sai Uma Generals,INVOICE NUM : 1099839206      DATE : 08/03/2026,BI-Stock Shortages,Closed,INPRAKASMA1,2026-04-23 19:51:03,,Closed,GT Distributors,Glovis India Private Limited,2026.0,3.0,Mar,2026-03,Q1,1.0,Closed,Warehouse Problem | Wrong SKU / Product | Wrong or interchanged material supplied | Owner: Warehouse/DC,Wrong SKU / Product,Warehouse/DC,Wrong SKU,1099839206,129775,,12606043; 12603833,,60070455HA; 53150455HB,,2 CS,1.0,0.0,0.0,0.0,0.0,1.0,0.0,0.0,0.0,0.0,0.0,109,Closed,>15 Days
3382314-20260313-190742,2026-03-13 19:07:42,2026-03-13,,South Branch,L5 IN Andhrapradesh 4,2032,3382314.0,Sri Sai Uma Generals,INVOICE NO : 1099837807     DATE : 26/02/2026,BI-Stock Shortages,Closed,INPRAKASMA1,2026-04-23 19:51:03,,Closed,GT Distributors,AVG Logistics Limited,2026.0,3.0,Mar,2026-03,Q1,1.0,Closed,Other Problem | Transit Shortage | Shortage during transportation | Owner: Transporter/Logistics,Transit Shortage,Transporter/Logistics,Stock Shortage; Transit,1099837807,2023400,,,,601804519B,,,1.0,1.0,0.0,0.0,0.0,0.0,0.0,0.0,0.0,0.0,0.0,109,Closed,>15 Days
3382314-20260313-191816,2026-03-13 19:18:16,2026-03-13,,South Branch,L5 IN Andhrapradesh 4,2032,3382314.0,Sri Sai Uma Generals,INVOICE NO : 1099838420     DATE : 04/03/2026,BI-Batch Related Issues,Reopened,,,,Reopened,GT Distributors,Glovis India Private Limited,2026.0,3.0,Mar,2026-03,Q1,1.0,Open / Pending,Warehouse Problem | Batch Mismatch | Billed versus received batch mismatch | Owner: Warehouse/DC,Batch Mismatch,Warehouse/DC,Batch Mismatch,1099838420,,,12610097,,60307742AB; 530128142A,,,0.0,0.0,0.0,0.0,0.0,0.0,1.0,0.0,0.0,0.0,0.0,109,Reopened,>15 Days
600983-20260313-164308,2026-03-13 16:43:08,2026-03-13,,South Branch,L5 IN Kerala 2,B744,600983.0,Ambooken Agencies,Batch difference between Billed Product and Physical Stock Received,BI-Batch Related Issues,Closed,INPRAKASMA1,2026-08-06 14:17:00,,Closed,GT Distributors,KKP Express,2026.0,3.0,Mar,2026-03,Q1,1.0,Closed,Warehouse Problem | Batch Mismatch | Billed versus received batch mismatch | Owner: Warehouse/DC,Batch Mismatch,Warehouse/DC,Batch Mismatch,959166719,,,12585176,,DIFFERENCE; 60430453J1; RECEIVED,,1 CS,0.0,0.0,0.0,0.0,0.0,0.0,1.0,0.0,0.0,0.0,0.0,109,Closed,>15 Days
600983-20260313-164816,2026-03-13 16:48:17,2026-03-13,,South Branch,L5 IN Kerala 2,B744,600983.0,Ambooken Agencies,Invoice Number :959166723,BI-Stock Shortages,Closed,INPRAKASMA1,2026-08-06 14:17:00,,Closed,GT Distributors,KKP Express,2026.0,3.0,Mar,2026-03,Q1,1.0,Closed,Other Problem | Transit Shortage | Shortage during transportation | Owner: Transporter/Logistics,Transit Shortage,Transporter/Logistics,Stock Shortage; Transit,959166723,,,12616560,MAGGI 2 MINN Chkn 48x152g IN X244-68.00,,,4 CS; 3 CS,1.0,1.0,0.0,0.0,0.0,0.0,0.0,0.0,0.0,0.0,0.0,109,Closed,>15 Days
601172-20260313-102802,2026-03-13 10:28:03,2026-03-13,,South Branch,L5 IN Kerala 1,7793,601172.0,J & B Associates,Received 24 pcs of Nescafe Ice Roast 24x90 gm manufacturing dat jun 24 expiry date may 26. Received vide Inv no 1365358650 dtd 10/03/2026,BI-Any other,Closed,INPRAKASMA1,2026-08-06 14:17:00,,Closed,GT Distributors,Caspian Shipping & Logistics,2026.0,3.0,Mar,2026-03,Q1,1.0,Closed,Warehouse Problem | Expiry / Short Expiry | Expired or insufficient shelf-life stock | Owner: Warehouse/DC,Expiry / Short Expiry,Warehouse/DC,Expiry,1365358650,,,,,,,24 PCS,0.0,0.0,0.0,0.0,0.0,0.0,0.0,1.0,0.0,0.0,0.0,109,Closed,>15 Days
601236-20260313-173811,2026-03-13 17:38:12,2026-03-13,,South Branch,L5 IN Kerala 1,C963,601236.0,Krishna Enterprises,INVOICE DATE:  1-03-2026,BI-Stock Shortages,Closed,INPRAKASMA1,2026-08-06 14:17:00,,Closed,GT Distributors,Global Trade Solutions,2026.0,3.0,Mar,2026-03,Q1,1.0,Closed,Warehouse Problem | Stock Shortage | Short or not-received quantity | Owner: Warehouse/DC,Stock Shortage,Warehouse/DC,Stock Shortage,1365800086,,,,,60500454C1; 60480451ZA,301,1 CASE,0.0,1.0,0.0,0.0,0.0,0.0,0.0,0.0,0.0,0.0,0.0,109,Closed,>15 Days
601236-20260313-174827,2026-03-13 17:48:28,2026-03-13,,South Branch,L5 IN Kerala 1,C963,601236.0,Krishna Enterprises,INVOICE DATE:10-03-2026,BI-Stock Shortages,Closed,INPRAKASMA1,2026-08-06 14:17:00,,Closed,GT Distributors,Global Trade Solutions,2026.0,3.0,Mar,2026-03,Q1,1.0,Closed,Warehouse Problem | Stock Shortage | Short or not-received quantity | Owner: Warehouse/DC,Stock Shortage,Warehouse/DC,Stock Shortage,1365800496; 1365800497,,,,,60220453K1; 60510452CA; 60350455HA; 60150455HA; 60300453K1; 60060453A7; 60460452DA,,1 CASE,0.0,1.0,0.0,0.0,0.0,0.0,0.0,0.0,0.0,0.0,0.0,109,Closed,>15 Days
601383-20260313-125242,2026-03-13 12:52:43,2026-03-13,,South Branch,L5 IN Karnataka 2,B929,601383.0,Pavan Agencies,NEAR EXPIRY STOCK RECEIVED,BI-Batch Related Issues,Closed,INPRAKASMA1,2026-04-23 19:51:03,,Closed,GT Distributors,Diptab Ventures Pvt ltd,2026.0,3.0,Mar,2026-03,Q1,1.0,Closed,Warehouse Problem | Expiry / Short Expiry | Expired or insufficient shelf-life stock | Owner: Warehouse/DC,Expiry / Short Expiry,Warehouse/DC,Expiry; Commercial/Billing,,,,,- MAGGI 2-MIN Spicy Garlic 24x248g IN,,,,0.0,0.0,0.0,0.0,0.0,0.0,0.0,1.0,0.0,0.0,0.0,109,Closed,>15 Days
601383-20260313-130835,2026-03-13 13:08:36,2026-03-13,,South Branch,L5 IN Karnataka 2,B929,601383.0,Pavan Agencies,NEAR EXPIRY STOCK RECEIVED,BI-Batch Related Issues,Closed,INPRAKASMA1,2026-04-23 19:51:03,,Closed,GT Distributors,Diptab Ventures Pvt ltd,2026.0,3.0,Mar,2026-03,Q1,1.0,Closed,Warehouse Problem | Expiry / Short Expiry | Expired or insufficient shelf-life stock | Owner: Warehouse/DC,Expiry / Short Expiry,Warehouse/DC,Expiry,,,,,- MAGGI 2-MIN Spicy Garlic 24x248g IN,,,7 CASES,0.0,0.0,0.0,0.0,0.0,0.0,0.0,1.0,0.0,0.0,0.0,109,Closed,>15 Days
601620-20260313-140037,2026-03-13 14:00:38,2026-03-13,,South Branch,L5 IN Andhrapradesh 3,D915,601620.0,Sri Padmavathi Venkata Ramana Traders,WRONG DISTRIBUTOR LEDGER IS POSTED IN SDS,BI-Any other,Closed,INPRAKASMA1,2026-10-04 00:17:00,,Not Related to DC,,,2026.0,3.0,Mar,2026-03,Q1,1.0,Closed,Other Problem | System / Master Data Issue | Wrong distributor ledger posted in SDS | Owner: IT/Finance Master Data,System / Master Data Issue,IT/Finance Master Data,System/Master Data; Ledger,,,,,,,,,0.0,0.0,0.0,0.0,0.0,0.0,0.0,0.0,0.0,0.0,0.0,109,Closed,>15 Days
6077575-20260313-164414,2026-03-13 16:44:15,2026-03-13,,South Branch,L5 IN Andhra Pradesh Purina,2032,6077575.0,Blitzhaus Pet Mart.,INV 1099839858 DT 11.03.2026,BI-Damages,Closed,INPRAKASMA1,2026-10-04 00:17:00,,Closed,Pet Food-Distributor,TCI Supply Chain Solutions (A Divn.,2026.0,3.0,Mar,2026-03,Q1,1.0,Closed,Other Problem | Transit Damage | Damage during transportation | Owner: Transporter/Logistics,Transit Damage,Transporter/Logistics,Damage; Transit,1099839858,,,,,,,,1.0,0.0,1.0,0.0,0.0,0.0,0.0,0.0,0.0,0.0,0.0,109,Closed,>15 Days
6969849-20260313-072016,2026-03-13 07:20:16,2026-03-13,,South Branch,L5 IN Kerala 4,7793,6969849.0,FM Trading,ITEM SHORT IN PRIMARY DELIVERY,BI-Stock Shortages,Closed,INPRAKASMA1,2026-08-06 14:17:00,,Closed,GT Distributors,Johnson Enterprises,2026.0,3.0,Mar,2026-03,Q1,1.0,Closed,Other Problem | Transit Shortage | Shortage during transportation | Owner: Transporter/Logistics,Transit Shortage,Transporter/Logistics,Stock Shortage; Transit,1365354903,,,,,60090454A1,,20 CASE; 12 CASE; 8 CASE,1.0,1.0,0.0,0.0,0.0,0.0,0.0,0.0,0.0,0.0,0.0,109,Closed,>15 Days
7231947-20260313-143322,2026-03-13 14:33:23,2026-03-13,,South Branch,L5 IN Andhrapradesh 3,B929,7231947.0,S L V Enterprises,12601931 CERELAC STG1 Whe Apple Crt ZS 24x300g,BI-Stock Shortages,Closed,INPRAKASMA1,2026-04-23 19:51:03,,Closed,GT Distributors,Diptab Ventures Pvt ltd,2026.0,3.0,Mar,2026-03,Q1,1.0,Closed,Other Problem | Transit Shortage | Shortage during transportation | Owner: Transporter/Logistics,Transit Shortage,Transporter/Logistics,Stock Shortage; Transit,,receipt,,,,,,,1.0,1.0,0.0,0.0,0.0,0.0,0.0,0.0,0.0,0.0,0.0,109,Closed,>15 Days
7231947-20260313-144159,2026-03-13 14:42:00,2026-03-13,,South Branch,L5 IN Andhrapradesh 3,B929,7231947.0,S L V Enterprises,13679901 MAGGI 2-MINN Mas 24x300g PR Rs 2 Off in,BI-Stock Shortages,Reopened,,,,Reopened,GT Distributors,AVG Logistics Limited,2026.0,3.0,Mar,2026-03,Q1,1.0,Open / Pending,Other Problem | Transit Shortage | Shortage during transportation | Owner: Transporter/Logistics,Transit Shortage,Transporter/Logistics,Stock Shortage; Transit,,Receipt,,,,,,,1.0,1.0,0.0,0.0,0.0,0.0,0.0,0.0,0.0,0.0,0.0,109,Reopened,>15 Days
7402251-20260313-161203,2026-03-13 16:12:04,2026-03-13,,South Branch,L5 IN Bangalore City 2,B929,7402251.0,Intelligent Retail Private Limited,"We have received ""13680372"" - 'MAGGI 2-MINN Masala 16x450g N1 MAG, MRP-87, 3 case shortage for Invoice# 938414419 dated 13/03/2026",BI-Stock Shortages,Closed,INPRAKASMA1,2026-04-23 19:51:03,,Closed,GT Distributors,KKP Express,2026.0,3.0,Mar,2026-03,Q1,1.0,Closed,Other Problem | Transit Shortage | Shortage during transportation | Owner: Transporter/Logistics,Transit Shortage,Transporter/Logistics,Stock Shortage; Transit,938414419,,,,,,87,3 CASE,1.0,1.0,0.0,0.0,0.0,0.0,0.0,0.0,0.0,0.0,0.0,109,Closed,>15 Days
5802282-20260306-103323,2026-06-03 10:33:00,2026-06-03,,South Branch,L5 IN Karnataka 1,B929,5802282.0,Shri Vinayaka Agencies,LR NO: A220272 INV NO:938412209 DATE:28/02/2026,BI-Stock Shortages,Closed,INPRAKASMA1,2026-04-23 19:51:03,,Closed,GT Distributors,Diptab Ventures Pvt ltd,2026.0,3.0,Mar,2026-03,Q1,1.0,Closed,Warehouse Problem | Stock Shortage | Short or not-received quantity | Owner: Warehouse/DC,Stock Shortage,Warehouse/DC,Stock Shortage,938412209,A220272,,12609878,CERELAC STG 4 MU Fruit 24x300g WS IN,,295,295.00 PCS; 1 NOS; 24 PCS; 23 PCS,0.0,1.0,0.0,0.0,0.0,0.0,0.0,0.0,0.0,0.0,0.0,27,Closed,>15 Days
5802282-20260306-103951,2026-06-03 10:39:00,2026-06-03,,South Branch,L5 IN Karnataka 1,B929,5802282.0,Shri Vinayaka Agencies,"MRP mismatch: Received stock mrp.is rs.92.00, but the invoice is generated with mrp.rs.100.00",BI-Any other,Closed,INPRAKASMA1,2026-04-23 19:51:03,,Closed,GT Distributors,Diptab Ventures Pvt ltd,2026.0,3.0,Mar,2026-03,Q1,1.0,Closed,Warehouse Problem | MRP / Price Mismatch | Billed versus received MRP mismatch | Owner: Warehouse/DC,MRP / Price Mismatch,Warehouse/DC,MRP Mismatch,938412209,a220272,,12559252,MAGGI 2-MIN Spicy Manchurian 24x244g IN,,100,100.00 PCS; 24 NOS,0.0,0.0,0.0,0.0,1.0,0.0,0.0,0.0,0.0,0.0,0.0,27,Closed,>15 Days
601738-20260306-140037,2026-06-03 14:00:00,2026-06-03,,South Branch,L5 IN Tamil Nadu 2,B744,601738.0,V.G.Rajamani Agencies (P) LTD,INV NO:959164855 DATED 06.03.2026,BI-Any other,Closed,INPRAKASMA1,2026-10-04 00:17:00,,Closed,GT Distributors,M S P Transports,2026.0,3.0,Mar,2026-03,Q1,1.0,Closed,Warehouse Problem | Expiry / Short Expiry | Expired or insufficient shelf-life stock | Owner: Warehouse/DC,Expiry / Short Expiry,Warehouse/DC,Expiry; Commercial/Billing,959164855,,,12296327,,52931530EA,,52931530 EA; 2 CASES,0.0,0.0,0.0,0.0,0.0,0.0,0.0,1.0,0.0,0.0,0.0,27,Closed,>15 Days
601780-20260306-123534,2026-06-03 12:35:00,2026-06-03,,South Branch,L5 IN Hyderabad 1,2032,601780.0,Vijeta Enterprises,"Inv No : 1099838353, Date: 04-03-26",BI-Stock Shortages,Closed,INPRAKASMA1,2026-10-04 00:17:00,,Closed,GT Distributors,TCI Supply Chain Solutions (A Divn.,2026.0,3.0,Mar,2026-03,Q1,1.0,Closed,Other Problem | Non-Warehouse Shortage | Warehouse dispatch verified; investigate transit/distributor | Owner: Transporter/Distributor,Non-Warehouse Shortage,Transporter/Distributor,Stock Shortage,1099838353,,,,,,178,100 CS; 99 CS; 1 CS,1.0,1.0,0.0,0.0,0.0,0.0,0.0,0.0,0.0,0.0,0.0,27,Closed,>15 Days
6775174-20260306-165423,2026-06-03 16:54:00,2026-06-03,,South Branch,L5 IN Kerala 1,C963,6775174.0,Libra Consumables Private Limited,KIT KAT 18x1F Sharebag 64x133.2g IN Rs120/- x 1cs short with inv num 1365800084 dtd 01-03-2026,BI-Stock Shortages,Closed,INPRAKASMA1,2026-08-06 14:17:00,,Closed,GT Distributors,Global Trade Solutions,2026.0,3.0,Mar,2026-03,Q1,1.0,Closed,Warehouse Problem | Stock Shortage | Short or not-received quantity | Owner: Warehouse/DC,Stock Shortage,Warehouse/DC,Stock Shortage,1365800084,,,,,,,1 CS,0.0,1.0,0.0,0.0,0.0,0.0,0.0,0.0,0.0,0.0,0.0,27,Closed,>15 Days
6793235-20260306-102713,2026-06-03 10:27:00,2026-06-03,,South Branch,L5 IN Kerala Purina,7793,6793235.0,Samurai Traders,NEAR EXPIRY STOCK RECEIVED SO RETURNED TO DC,BI-Any other,Closed,INPRAKASMA1,2026-08-06 14:17:00,,Closed,Pet Food-Distributor,,2026.0,3.0,Mar,2026-03,Q1,1.0,Closed,Warehouse Problem | Expiry / Short Expiry | Expired or insufficient shelf-life stock | Owner: Warehouse/DC,Expiry / Short Expiry,Warehouse/DC,Expiry; Commercial/Billing; Return,,,,12534452,,42904832GA,,6 BOXES,0.0,0.0,0.0,0.0,0.0,0.0,0.0,1.0,0.0,0.0,0.0,27,Closed,>15 Days
6952712-20260306-155647,2026-06-03 15:56:00,2026-06-03,,South Branch,L5 IN Hyderabad 1,2032,6952712.0,Sri Sai Marketing,Transport - GLOVIS INDIA PVT LTD.,BI-Stock Shortages,Closed,INPRAKASMA1,2026-04-23 19:51:03,,Closed,GT Distributors,Glovis India Private Limited,2026.0,3.0,Mar,2026-03,Q1,1.0,Closed,Other Problem | Non-Warehouse Shortage | Warehouse dispatch verified; investigate transit/distributor | Owner: Transporter/Distributor,Non-Warehouse Shortage,Transporter/Distributor,Stock Shortage; Stock Excess,1099838704; 1099838707,,,12609874; 12609877,,,,,1.0,1.0,0.0,1.0,0.0,0.0,0.0,0.0,0.0,0.0,0.0,27,Closed,>15 Days
7035170-20260306-175811,2026-06-03 17:58:00,2026-06-03,,South Branch,L5 IN Chennai City 1,C749,7035170.0,Intelligent Retail Private Limited,"We have received ""12620325"" - 'NESCAFE SUNRISE Sac 30(156x1.7', MRP-2, 156 pcs shortage for Invoice# 974814700",BI-Stock Shortages,Closed,INPRAKASMA1,2026-10-04 00:17:00,,Closed,GT Distributors,Sakthi Jayavel Motors,2026.0,3.0,Mar,2026-03,Q1,1.0,Closed,Other Problem | Transit Shortage | Shortage during transportation | Owner: Transporter/Logistics,Transit Shortage,Transporter/Logistics,Stock Shortage; Transit,974814700,,,,,,2,156 PCS,1.0,1.0,0.0,0.0,0.0,0.0,0.0,0.0,0.0,0.0,0.0,27,Closed,>15 Days
7296533-20260306-113301,2026-06-03 11:33:00,2026-06-03,,South Branch,L5 IN Tamil Nadu 3,B744,7296533.0,I R S Agencies,"SUNRISE DAWN JAR 90G 2 PIECES DAMAGE WHILE IN TRANSIT, BATCH NO 60260452XA",BI-Damages,Closed,INPRAKASMA1,2026-10-04 00:17:00,,Closed,GT Distributors,Indian Express Cargo,2026.0,3.0,Mar,2026-03,Q1,1.0,Closed,Other Problem | Transit Damage | Damage during transportation | Owner: Transporter/Logistics,Transit Damage,Transporter/Logistics,Damage; Transit,,,,,,60260452XA,,2 PIECES,1.0,0.0,1.0,0.0,0.0,0.0,0.0,0.0,0.0,0.0,0.0,27,Closed,>15 Days
7530594-20260306-140412,2026-06-03 14:04:00,2026-06-03,,South Branch,L5 IN Hyderabad 1,2032,7530594.0,Mahalaxmi Agencies,"INVOICE NO 1099829032,",BI-Stock Shortages,Closed,INPRAKASMA1,2026-04-23 19:51:03,,Closed,GT Distributors,Chirag Road Lines,2026.0,3.0,Mar,2026-03,Q1,1.0,Closed,Other Problem | Transit Shortage | Shortage during transportation | Owner: Transporter/Logistics,Transit Shortage,Transporter/Logistics,Stock Shortage; Transit,1099829032,,,13700494,NESC SUNRISE SAC 30(156X1.3G) UP APNR3 IN.,,2,156 PCS,1.0,1.0,0.0,0.0,0.0,0.0,0.0,0.0,0.0,0.0,0.0,27,Closed,>15 Days
601101-20260305-161039,2026-05-03 16:10:00,2026-05-03,,South Branch,L5 IN Kerala 2,2040,601101.0,Eskay Traders,Invoice No. 1054169311 dt. 11-02-2026  Product code-,BI-Any other,Pending,,,,Pending,GT Distributors,BlueWave Supply Chain,2026.0,3.0,Mar,2026-03,Q1,1.0,Open / Pending,Warehouse Problem | MRP / Price Mismatch | Billed versus received MRP mismatch | Owner: Warehouse/DC,MRP / Price Mismatch,Warehouse/DC,MRP Mismatch,,,,12601761,,52530455HB; 53090455HA,130; 122,1 CASE,0.0,0.0,0.0,0.0,1.0,0.0,0.0,0.0,0.0,0.0,0.0,58,Pending,>15 Days
601383-20260305-124702,2026-05-03 12:47:00,2026-05-03,,South Branch,L5 IN Karnataka 2,B929,601383.0,Pavan Agencies,NEAR EXPIRY STOCK RECEIVED,BI-Batch Related Issues,Closed,INPRAKASMA1,2026-04-23 19:51:03,,Closed,GT Distributors,Diptab Ventures Pvt ltd,2026.0,3.0,Mar,2026-03,Q1,1.0,Closed,Warehouse Problem | Expiry / Short Expiry | Expired or insufficient shelf-life stock | Owner: Warehouse/DC,Expiry / Short Expiry,Warehouse/DC,Expiry; Commercial/Billing,,,,,-MAGGI 2-MIN Spicy Garlic 24x248g IN,,,,0.0,0.0,0.0,0.0,0.0,0.0,0.0,1.0,0.0,0.0,0.0,58,Closed,>15 Days
601780-20260305-133514,2026-05-03 13:35:00,2026-05-03,,South Branch,L5 IN Hyderabad 1,2032,601780.0,Vijeta Enterprises,"Inv No: 1099838377, Date: 04-03-26",BI-Stock Shortages,Closed,INPRAKASMA1,2026-10-04 00:17:00,,Closed,GT Distributors,Glovis India Private Limited,2026.0,3.0,Mar,2026-03,Q1,1.0,Closed,Other Problem | Non-Warehouse Shortage | Warehouse dispatch verified; investigate transit/distributor | Owner: Transporter/Distributor,Non-Warehouse Shortage,Transporter/Distributor,Stock Shortage,1099838377,,,,,,45,5 CS; 4 CS; 1 CS,1.0,1.0,0.0,0.0,0.0,0.0,0.0,0.0,0.0,0.0,0.0,58,Closed,>15 Days
601780-20260305-133903,2026-05-03 13:39:00,2026-05-03,,South Branch,L5 IN Hyderabad 1,2032,601780.0,Vijeta Enterprises,"Inv No: 1099838293, Date: 04-03-26",BI-Stock Shortages,Closed,INPRAKASMA1,2026-10-04 00:17:00,,Closed,GT Distributors,TCI Supply Chain Solutions (A Divn.,2026.0,3.0,Mar,2026-03,Q1,1.0,Closed,Other Problem | Non-Warehouse Shortage | Warehouse dispatch verified; investigate transit/distributor | Owner: Transporter/Distributor,Non-Warehouse Shortage,Transporter/Distributor,Stock Shortage,1099838293,,,,,60350451DA; 53420451DB,290,2 CS,1.0,1.0,0.0,0.0,0.0,0.0,0.0,0.0,0.0,0.0,0.0,58,Closed,>15 Days
601780-20260305-134514,2026-05-03 13:45:00,2026-05-03,,South Branch,L5 IN Hyderabad 1,2032,601780.0,Vijeta Enterprises,"Inv No : 1099838298, Date 04-03-26",BI-Stock Shortages,Closed,INPRAKASMA1,2026-10-04 00:17:00,,Closed,GT Distributors,TCI Supply Chain Solutions (A Divn.,2026.0,3.0,Mar,2026-03,Q1,1.0,Closed,Other Problem | Non-Warehouse Shortage | Warehouse dispatch verified; investigate transit/distributor | Owner: Transporter/Distributor,Non-Warehouse Shortage,Transporter/Distributor,Stock Shortage,1099838298,,,,,602028141B; 53572814HA,220; 100; 60,5 CS; 11 CS; 10 CS; 1 CS,1.0,1.0,0.0,0.0,0.0,0.0,0.0,0.0,0.0,0.0,0.0,58,Closed,>15 Days
601780-20260305-134716,2026-05-03 13:47:00,2026-05-03,,South Branch,L5 IN Hyderabad 1,2032,601780.0,Vijeta Enterprises,"Inv No : 1099838300, Date: 04-03-26",BI-Stock Shortages,Closed,INPRAKASMA1,2026-10-04 00:17:00,,Closed,GT Distributors,TCI Supply Chain Solutions (A Divn.,2026.0,3.0,Mar,2026-03,Q1,1.0,Closed,Other Problem | Non-Warehouse Shortage | Warehouse dispatch verified; investigate transit/distributor | Owner: Transporter/Distributor,Non-Warehouse Shortage,Transporter/Distributor,Stock Shortage,1099838300,,,,,60111530MA; 53491530NA,42,6 CS,1.0,1.0,0.0,0.0,0.0,0.0,0.0,0.0,0.0,0.0,0.0,58,Closed,>15 Days
601780-20260305-135021,2026-05-03 13:50:00,2026-05-03,,South Branch,L5 IN Hyderabad 1,2032,601780.0,Vijeta Enterprises,"Inv No: 1099838297, Date: 04-03-26",BI-Any other,Closed,INPRAKASMA1,2026-10-04 00:17:00,,Closed,GT Distributors,TCI Supply Chain Solutions (A Divn.,2026.0,3.0,Mar,2026-03,Q1,1.0,Closed,Other Problem | Non-Warehouse SKU Mismatch | Warehouse dispatch marked correct; investigate transit/distributor | Owner: Transporter/Distributor,Non-Warehouse SKU Mismatch,Transporter/Distributor,Wrong SKU; Dispatch Verified,1099838297,,,,,,25; 92,4 CS; 3 CS; 1 CS,1.0,0.0,0.0,0.0,0.0,1.0,0.0,0.0,0.0,0.0,0.0,58,Closed,>15 Days
601780-20260305-135524,2026-05-03 13:55:00,2026-05-03,,South Branch,L5 IN Hyderabad 1,2032,601780.0,Vijeta Enterprises,"Inv No: 1099838348, 49,50,51,52,53",BI-Any other,Closed,INPRAKASMA1,2026-10-04 00:17:00,,Not Related to DC,,,2026.0,3.0,Mar,2026-03,Q1,1.0,Closed,Other Problem | Non-Warehouse Shortage | Warehouse dispatch verified; investigate transit/distributor | Owner: Transporter/Distributor,Non-Warehouse Shortage,Transporter/Distributor,Stock Shortage,1099838348,,,,,,,,1.0,1.0,0.0,0.0,0.0,0.0,0.0,0.0,0.0,0.0,0.0,58,Closed,>15 Days
601785-20260305-171610,2026-05-03 17:16:00,2026-05-03,,South Branch,L5 IN Kerala 1,C963,601785.0,Vinod Agencies,invoice number:1365800187,BI-Damages,Pending,,,,Pending,GT Distributors,Johnson Enterprises,2026.0,3.0,Mar,2026-03,Q1,1.0,Open / Pending,Warehouse Problem | Product Damage | Damaged stock at receipt | Owner: Warehouse/DC,Product Damage,Warehouse/DC,Damage,1365800187,,,12516484,NESC RTD Latte30x180ml NRPaperStrw N1 IN,60321530MB,45,,0.0,0.0,1.0,0.0,0.0,0.0,0.0,0.0,0.0,0.0,0.0,58,Pending,>15 Days
601785-20260305-174945,2026-05-03 17:49:00,2026-05-03,,South Branch,L5 IN Kerala 1,C963,601785.0,Vinod Agencies,invoice number:1365800186,BI-Damages,Pending,,,,Pending,GT Distributors,Johnson Enterprises,2026.0,3.0,Mar,2026-03,Q1,1.0,Open / Pending,Warehouse Problem | Product Damage | Damaged stock at receipt | Owner: Warehouse/DC,Product Damage,Warehouse/DC,Damage,1365800186,,,12603852,MAGGI Tom Ket 24x480g N1 IN,60150455HB,108,,0.0,0.0,1.0,0.0,0.0,0.0,0.0,0.0,0.0,0.0,0.0,58,Pending,>15 Days
1024735-20260304-140243,2026-04-03 14:02:00,2026-04-03,,South Branch,L5 IN Tamil Nadu NP,C749,1024735.0,Esquire,Nescafe gold 200gm Sealed case 1 Nos Damaged at time of delivery write to LR Copy & Bill Copy against invoice no : 974814959 Dated : 03.03.2026 Batch no : 53613657,BI-Damages,Closed,INPRAKASMA1,2026-10-04 00:17:00,,Closed,NP-Distributor,CCI Logistics Limited,2026.0,3.0,Mar,2026-03,Q1,1.0,Closed,Other Problem | Transit Damage | Damage during transportation | Owner: Transporter/Logistics,Transit Damage,Transporter/Logistics,Damage; Transit,974814959,Copy,,,,53613657,,1 NOS,1.0,0.0,1.0,0.0,0.0,0.0,0.0,0.0,0.0,0.0,0.0,88,Closed,>15 Days
4796159-20260304-181920,2026-04-03 18:19:00,2026-04-03,,South Branch,L5 IN Tamil Nadu 2,B744,4796159.0,Surabi Agencies,"CD NAME : Surabi agencies Cd Code 4796159 Invoice No:959163729 , Dt 01-03-2026 stock supplied date 02.03.2026",BI-Expiry / Bad Goods,Closed,INPRAKASMA1,2026-10-04 00:17:00,,Closed,GT Distributors,Chakradhara Aerospace And Cargo,2026.0,3.0,Mar,2026-03,Q1,1.0,Closed,Warehouse Problem | Expiry / Short Expiry | Expired or insufficient shelf-life stock | Owner: Warehouse/DC,Expiry / Short Expiry,Warehouse/DC,Expiry; Commercial/Billing,959163729,,,12591613,NESCAFE Ice Roast 24*90g- 1 case,41230452CA,495,1 CASE,0.0,0.0,0.0,0.0,0.0,0.0,0.0,1.0,0.0,0.0,0.0,88,Closed,>15 Days
4966450-20260303-104630,2026-03-03 10:46:00,2026-03-03,,South Branch,L5 IN Andhrapradesh 4,C749,4966450.0,Sri Nidhi Marketings,TRANSPORT NAME :SAKTHI JAYAVEL MOTORS,BI-Expiry / Bad Goods,Closed,INPRAKASMA1,2026-10-04 00:17:00,,Closed,GT Distributors,Sakthi Jayavel Motors,2026.0,3.0,Mar,2026-03,Q1,1.0,Closed,Warehouse Problem | Expiry / Short Expiry | Expired or insufficient shelf-life stock | Owner: Warehouse/DC,Expiry / Short Expiry,Warehouse/DC,Expiry,974814635,30825,,,,,,53 CS,0.0,0.0,0.0,0.0,0.0,0.0,0.0,1.0,0.0,0.0,0.0,119,Closed,>15 Days
5531976-20260303-154710,2026-03-03 15:47:00,2026-03-03,,South Branch,L5 IN Kerala 2,B744,5531976.0,Ambooken Agencies,"INVOICE NO-959163801 dt.02/02/2026 one item short -pazzta cheese(MRP.35)PRODUCT CODE-12559592 ,BATCH-60152814 PA .HSN 19023010 FROM NESTLE INDIA LTD.(DC COIMBATORE)",BI-Stock Shortages,Closed,INPRAKASMA1,2026-08-06 14:17:00,,Closed,GT Distributors,KKP Express,2026.0,3.0,Mar,2026-03,Q1,1.0,Closed,Other Problem | Transit Shortage | Shortage during transportation | Owner: Transporter/Logistics,Transit Shortage,Transporter/Logistics,Stock Shortage; Transit,959163801,,,12559592,,60152814,,,1.0,1.0,0.0,0.0,0.0,0.0,0.0,0.0,0.0,0.0,0.0,119,Closed,>15 Days
5802282-20260303-132503,2026-03-03 13:25:00,2026-03-03,,South Branch,L5 IN Karnataka 1,B929,5802282.0,Shri Vinayaka Agencies,Product code:12625864,BI-Stock Shortages,Closed,INPRAKASMA1,2026-04-23 19:51:03,,Closed,GT Distributors,KKP Express,2026.0,3.0,Mar,2026-03,Q1,1.0,Closed,Warehouse Problem | Stock Shortage | Short or not-received quantity | Owner: Warehouse/DC,Stock Shortage,Warehouse/DC,Stock Shortage,938408740,8488,,12625864; 14118476,NESTUM STAGE 1 Rice BIB 24x300g N4 IN; MUNCH Cereal 216x19g PR MB Choo IN,,175.00; 10.00,175.00 PCS; 24 NOS; 10.00 PCS; 216 NOS,0.0,1.0,0.0,0.0,0.0,0.0,0.0,0.0,0.0,0.0,0.0,119,Closed,>15 Days
5802282-20260303-132815,2026-03-03 13:28:00,2026-03-03,,South Branch,L5 IN Karnataka 1,B929,5802282.0,Shri Vinayaka Agencies,lr no:8488 date:17/02/2026 inv no:938408740,BI-Any other,Closed,INPRAKASMA1,2026-04-23 19:51:03,,Closed,GT Distributors,KKP Express,2026.0,3.0,Mar,2026-03,Q1,1.0,Closed,Warehouse Problem | Stock Excess | Excess quantity received | Owner: Warehouse/DC,Stock Excess,Warehouse/DC,Stock Excess,938408740,8488,,13722293,MUNCH Cereal Choco Fills 216x17g IN,,10,216 NOS,0.0,0.0,0.0,1.0,0.0,0.0,0.0,0.0,0.0,0.0,0.0,119,Closed,>15 Days
601213-20260303-102957,2026-03-03 10:29:00,2026-03-03,,South Branch,L5 IN Kerala 4,7793,601213.0,Kamalaksh Enterprises,INV NO :1365357631,BI-Stock Shortages,Closed,INPRAKASMA1,2026-08-06 14:17:00,,Closed,GT Distributors,Caspian Shipping & Logistics,2026.0,3.0,Mar,2026-03,Q1,1.0,Closed,Warehouse Problem | Stock Shortage | Short or not-received quantity | Owner: Warehouse/DC,Stock Shortage,Warehouse/DC,Stock Shortage,1365357631,4938,,12606197,CLASSIC DAWN JAR 45G NR IN,60370452DA,,1 CS,0.0,1.0,0.0,0.0,0.0,0.0,0.0,0.0,0.0,0.0,0.0,119,Closed,>15 Days
601213-20260303-104503,2026-03-03 10:45:00,2026-03-03,,South Branch,L5 IN Kerala 4,7793,601213.0,Kamalaksh Enterprises,INV NO :1365357628,BI-Stock Shortages,Closed,INPRAKASMA1,2026-08-06 14:17:00,,Closed,GT Distributors,Caspian Shipping & Logistics,2026.0,3.0,Mar,2026-03,Q1,1.0,Closed,Warehouse Problem | Stock Shortage | Short or not-received quantity | Owner: Warehouse/DC,Stock Shortage,Warehouse/DC,Stock Shortage,1365357628,4938,,,MUNCH MAHA (10.4G),60466640MA,,2 CS,0.0,1.0,0.0,0.0,0.0,0.0,0.0,0.0,0.0,0.0,0.0,119,Closed,>15 Days
601213-20260303-104857,2026-03-03 10:48:00,2026-03-03,,South Branch,L5 IN Kerala 4,7793,601213.0,Kamalaksh Enterprises,INV NO:1365357628,BI-Stock Shortages,Closed,INPRAKASMA1,2026-08-06 14:17:00,,Closed,GT Distributors,Caspian Shipping & Logistics,2026.0,3.0,Mar,2026-03,Q1,1.0,Closed,Warehouse Problem | Stock Shortage | Short or not-received quantity | Owner: Warehouse/DC,Stock Shortage,Warehouse/DC,Stock Shortage,1365357628,4938,,13776709,MILKYBAR MOOSHA (40.5G),60410454F1,,1 CS,0.0,1.0,0.0,0.0,0.0,0.0,0.0,0.0,0.0,0.0,0.0,119,Closed,>15 Days
601517-20260303-081111,2026-03-03 08:11:00,2026-03-03,,South Branch,L5 IN Chennai City 2,C749,601517.0,Selva Kamatchi Agencies,DUE ONE CASE (1) CODE NO 12601755 MAGGI HOT & SWEET 12x1KG INVOICE NO 974814575 DATE 01/03/2026 LLR NO 30818 DATE 01/03/2026 DRIVER NAME KUMAR MOBILE NO 9176651495,BI-Stock Shortages,Closed,INPRAKASMA1,2026-10-04 00:17:00,,Closed,GT Distributors,Sakthi Jayavel Motors,2026.0,3.0,Mar,2026-03,Q1,1.0,Closed,Warehouse Problem | Stock Shortage | Short or not-received quantity | Owner: Warehouse/DC,Stock Shortage,Warehouse/DC,Stock Shortage,974814575,,,,,,,,0.0,1.0,0.0,0.0,0.0,0.0,0.0,0.0,0.0,0.0,0.0,119,Closed,>15 Days
6912092-20260303-153059,2026-03-03 15:31:00,2026-03-03,,South Branch,L5 IN Karnataka 3,B929,6912092.0,Intelligent Retail Private Limited,Product Code:13680206 MAGGI 2-MINN Mas 24x300g N1 IN MRP 58 Batch 60340452CF QTY 1CS,BI-Stock Shortages,Closed,INPRAKASMA1,2026-04-23 19:51:03,,Closed,GT Distributors,Lets,2026.0,3.0,Mar,2026-03,Q1,1.0,Closed,Other Problem | Transit Shortage | Shortage during transportation | Owner: Transporter/Logistics,Transit Shortage,Transporter/Logistics,Stock Shortage; Transit,,A220315,KA-53-1510,13680206; 12230487,,60340452CF; 60230451JA,58; 1688,1 CS,1.0,1.0,0.0,0.0,0.0,0.0,0.0,0.0,0.0,0.0,0.0,119,Closed,>15 Days
7093228-20260303-180021,2026-03-03 18:00:00,2026-03-03,,South Branch,L5 IN Kerala 2,B744,7093228.0,Kottaram Business Corporation,Invoice nbr:959163642 Date 1/3/26  Lactogrow mrp 365 1cs not received TN36AK6786,BI-Stock Shortages,Closed,INPRAKASMA1,2026-08-06 14:17:00,,Closed,GT Distributors,KKP Express,2026.0,3.0,Mar,2026-03,Q1,1.0,Closed,Other Problem | Transit Shortage | Shortage during transportation | Owner: Transporter/Logistics,Transit Shortage,Transporter/Logistics,Stock Shortage; MRP Mismatch; Transit,,,,,,,365,1 CS,1.0,1.0,0.0,0.0,1.0,0.0,0.0,0.0,0.0,0.0,0.0,119,Closed,>15 Days
3101322-20260302-143642,2026-02-03 14:36:00,2026-02-03,,South Branch,L5 IN Tamil Nadu 4,B744,3101322.0,Rahamath Agencies,Invoice Number:959161179,BI-Stock Shortages,Closed,INPRAKASMA1,2026-10-04 00:17:00,,Closed,GT Distributors,Delhi Punjab Roadlines,2026.0,3.0,Mar,2026-03,Q1,1.0,Closed,Other Problem | Transit Shortage | Shortage during transportation | Owner: Transporter/Logistics,Transit Shortage,Transporter/Logistics,Stock Shortage; Transit,959161179,,,13767984,POLO Mini Jar12(120x7.5g)IN,6030151GA,,2 CS,1.0,1.0,0.0,0.0,0.0,0.0,0.0,0.0,0.0,0.0,0.0,147,Closed,>15 Days
5242655-20260302-140013,2026-02-03 14:00:00,2026-02-03,,South Branch,L5 IN Tamil Nadu 2,B744,5242655.0,A P J Associates,TN37DZ0675 KKP EXPRESS,BI-Any other,Closed,INPRAKASMA1,2026-10-04 00:17:00,,Closed,GT Distributors,KKP Express,2026.0,3.0,Mar,2026-03,Q1,1.0,Closed,Warehouse Problem | MRP / Price Mismatch | Billed versus received MRP mismatch | Owner: Warehouse/DC,MRP / Price Mismatch,Warehouse/DC,MRP Mismatch,959163652,,,60170453A1; 60440453A2,,,235; 250,1 CASE,0.0,0.0,0.0,0.0,1.0,0.0,0.0,0.0,0.0,0.0,0.0,147,Closed,>15 Days
601258-20260302-175340,2026-02-03 17:53:00,2026-02-03,,South Branch,L5 IN Kerala 1,B929,601258.0,Lekshmi Enterprises,In the invoice number 9384411008  dated on 27/02/2026  milkybar moosha mrp 10 1cfc shortage,BI-Stock Shortages,Closed,INPRAKASMA1,2026-08-06 14:17:00,,Closed,GT Distributors,KKP Express,2026.0,3.0,Mar,2026-03,Q1,1.0,Closed,Other Problem | Transit Shortage | Shortage during transportation | Owner: Transporter/Logistics,Transit Shortage,Transporter/Logistics,Stock Shortage; Transit,9384411008,,,,,,10,,1.0,1.0,0.0,0.0,0.0,0.0,0.0,0.0,0.0,0.0,0.0,147,Closed,>15 Days
601258-20260302-175710,2026-02-03 17:57:00,2026-02-03,,South Branch,L5 IN Kerala 1,B929,601258.0,Lekshmi Enterprises,in the invoice number 922473302 dated on 18/02/2026,BI-Stock Shortages,Closed,INPRAKASMA1,2026-08-06 14:17:00,,Closed,GT Distributors,Surindra Transport Carriers,2026.0,3.0,Mar,2026-03,Q1,1.0,Closed,Other Problem | Transit Shortage | Shortage during transportation | Owner: Transporter/Logistics,Transit Shortage,Transporter/Logistics,Stock Shortage; Transit,922473302,,,,,,10,,1.0,1.0,0.0,0.0,0.0,0.0,0.0,0.0,0.0,0.0,0.0,147,Closed,>15 Days
601743-20260302-121712,2026-02-03 12:17:00,2026-02-03,,South Branch,L5 IN Bangalore City 1,B929,601743.0,V S R Marketing Agency,Invoice Number Cmp invoice date Product Code Product Name Batch MRP Invoice Qty REMARKS,BI-Damages,Closed,INPRAKASMA1,2026-04-23 19:51:03,,Closed,GT Distributors,Diptab Ventures Pvt ltd,2026.0,3.0,Mar,2026-03,Q1,1.0,Closed,Other Problem | Transit Damage | Damage during transportation | Owner: Transporter/Logistics,Transit Damage,Transporter/Logistics,Damage; Transit,,,,PRODUCT,,,,,1.0,0.0,1.0,0.0,0.0,0.0,0.0,0.0,0.0,0.0,0.0,147,Closed,>15 Days
601743-20260302-122059,2026-02-03 12:21:00,2026-02-03,,South Branch,L5 IN Bangalore City 1,B929,601743.0,V S R Marketing Agency,Invoice Number Cmp invoice date Product Code Product Name Batch MRP Invoice Qty REMARKS,BI-Stock Shortages,Closed,INPRAKASMA1,2026-04-23 19:51:03,,Closed,GT Distributors,KKP Express,2026.0,3.0,Mar,2026-03,Q1,1.0,Closed,Other Problem | Transit Shortage | Shortage during transportation | Owner: Transporter/Logistics,Transit Shortage,Transporter/Logistics,Stock Shortage; Transit,,,,PRODUCT,,,,,1.0,1.0,0.0,0.0,0.0,0.0,0.0,0.0,0.0,0.0,0.0,147,Closed,>15 Days
601743-20260302-122300,2026-02-03 12:23:00,2026-02-03,,South Branch,L5 IN Bangalore City 1,B929,601743.0,V S R Marketing Agency,Invoice Number Cmp invoice date Product Code Product Name Batch MRP Invoice Qty REMARKS LR NO,BI-Stock Shortages,Closed,INPRAKASMA1,2026-04-23 19:51:03,,Closed,GT Distributors,KKP Express,2026.0,3.0,Mar,2026-03,Q1,1.0,Closed,Warehouse Problem | Stock Shortage | Short or not-received quantity | Owner: Warehouse/DC,Stock Shortage,Warehouse/DC,Stock Shortage,,938405020,,PRODUCT,,,,,0.0,1.0,0.0,0.0,0.0,0.0,0.0,0.0,0.0,0.0,0.0,147,Closed,>15 Days
601743-20260302-122441,2026-02-03 12:24:00,2026-02-03,,South Branch,L5 IN Bangalore City 1,B929,601743.0,V S R Marketing Agency,Invoice Number Cmp invoice date Product Code Product Name Batch MRP Invoice Qty REMARKS LR NO,BI-Stock Shortages,Closed,INPRAKASMA1,2026-04-23 19:51:03,,Closed,GT Distributors,KKP Express,2026.0,3.0,Mar,2026-03,Q1,1.0,Closed,Warehouse Problem | Stock Shortage | Short or not-received quantity | Owner: Warehouse/DC,Stock Shortage,Warehouse/DC,Stock Shortage,,938404076,,PRODUCT,,,,,0.0,1.0,0.0,0.0,0.0,0.0,0.0,0.0,0.0,0.0,0.0,147,Closed,>15 Days
6775176-20260302-142540,2026-02-03 14:25:00,2026-02-03,,South Branch,L5 IN Kerala 1,C963,6775176.0,T J Enterprises,INV NO;1365800048,BI-Stock Shortages,Closed,INPRAKASMA1,2026-08-06 14:17:00,,Closed,GT Distributors,Global Trade Solutions,2026.0,3.0,Mar,2026-03,Q1,1.0,Closed,Warehouse Problem | Stock Shortage | Short or not-received quantity | Owner: Warehouse/DC,Stock Shortage,Warehouse/DC,Stock Shortage,1365800048,,KL07DH5237,12586420,MAGGI ATTA;290G;MRP;108,,108,3 CASE; 72 PIECE,0.0,1.0,0.0,0.0,0.0,0.0,0.0,0.0,0.0,0.0,0.0,147,Closed,>15 Days
7023429-20260302-100313,2026-02-03 10:03:00,2026-02-03,,South Branch,L5 IN Tamil Nadu 5,B744,7023429.0,Abdhu Traders,Invoice Date               - 27/02/2026,BI-Stock Shortages,Closed,INPRAKASMA1,2026-10-04 00:17:00,,Closed,GT Distributors,KKP Express,2026.0,3.0,Mar,2026-03,Q1,1.0,Closed,Other Problem | Transit Shortage | Shortage during transportation | Owner: Transporter/Logistics,Transit Shortage,Transporter/Logistics,Stock Shortage; Transit,959163469,Number,,12602710,NESCAFE CLASSIC JAR 36X24g NR          IN,,,2 CS,1.0,1.0,0.0,0.0,0.0,0.0,0.0,0.0,0.0,0.0,0.0,147,Closed,>15 Days
7347613-20260302-145959,2026-02-03 15:00:00,2026-02-03,,South Branch,L5 IN Karnataka 1,B929,7347613.0,I J ENTERPRISES,PRODUCT MISMATCHED,BI-Stock Shortages,Closed,INPRAKASMA1,2026-04-23 19:51:03,,Closed,GT Distributors,KKP Express,2026.0,3.0,Mar,2026-03,Q1,1.0,Closed,Warehouse Problem | Stock Shortage | Short or not-received quantity | Owner: Warehouse/DC,Stock Shortage,Warehouse/DC,Stock Shortage,938411145,,,12518426,NAN PRO 2 FU FORM BIB 24X400G (PRODUCT MISMATCHED); NAN PRO 4 FU FORM BIB 24X400G (PRODUCT MISMATCHED),60500453J2,775,2 CASE,0.0,1.0,0.0,0.0,0.0,0.0,0.0,0.0,0.0,0.0,0.0,147,Closed,>15 Days
4966450-20260228-132537,2026-02-28 13:25:38,2026-02-28,,South Branch,L5 IN Andhrapradesh 4,C749,4966450.0,Sri Nidhi Marketings,Transport; sakyhi jayavel motors,BI-Stock Shortages,Closed,INPRAKASMA1,2026-10-04 00:17:00,,Closed,GT Distributors,Sakthi Jayavel Motors,2026.0,2.0,Feb,2026-02,Q1,1.0,Closed,Other Problem | Transit Shortage | Shortage during transportation | Owner: Transporter/Logistics,Transit Shortage,Transporter/Logistics,Stock Shortage; Transit,974811546,30431,,,,60330454C1,30,1 CASE,1.0,1.0,0.0,0.0,0.0,0.0,0.0,0.0,0.0,0.0,0.0,122,Closed,>15 Days
601369-20260228-134803,2026-02-28 13:48:04,2026-02-28,,South Branch,L5 IN Andhrapradesh 3,C749,601369.0,Paluru Distributors,1 571 341 126,BI-Any other,Pending,,,,Pending,GT Distributors,Not Related to DC,2026.0,2.0,Feb,2026-02,Q1,1.0,Open / Pending,Other Problem | System / Reporting Issue | Collection report not working | Owner: IT/SDS Support,System / Reporting Issue,IT/SDS Support,System/Reporting,,,,,,,,,0.0,0.0,0.0,0.0,0.0,0.0,0.0,0.0,0.0,0.0,0.0,122,Pending,>15 Days
6077575-20260228-144435,2026-02-28 14:44:36,2026-02-28,,South Branch,L5 IN Andhra Pradesh Purina,2032,6077575.0,Blitzhaus Pet Mart.,LR NO TG07W1961 28.02.2026,BI-Damages,Closed,INPRAKASMA1,2026-10-04 00:17:00,,Closed,Pet Food-Distributor,TCI Supply Chain Solutions (A Divn.,2026.0,2.0,Feb,2026-02,Q1,1.0,Closed,Other Problem | Transit Damage | Damage during transportation | Owner: Transporter/Logistics,Transit Damage,Transporter/Logistics,Damage; Transit,1099838096,TG07W1961,,,,,,6 PC; 2 PC,1.0,0.0,1.0,0.0,0.0,0.0,0.0,0.0,0.0,0.0,0.0,122,Closed,>15 Days
7093900-20260228-143626,2026-02-28 14:36:26,2026-02-28,,South Branch,L5 IN Chennai City 2,C749,7093900.0,Sri Swastik Agencies,INVOICE NUMBER - 974806648,BI-Stock Shortages,Closed,INPRAKASMA1,2026-10-04 00:17:00,,Closed,GT Distributors,Sakthi Jayavel Motors,2026.0,2.0,Feb,2026-02,Q1,1.0,Closed,Warehouse Problem | Stock Shortage | Short or not-received quantity | Owner: Warehouse/DC,Stock Shortage,Warehouse/DC,Stock Shortage,974806648,,,,,,,1 CS,0.0,1.0,0.0,0.0,0.0,0.0,0.0,0.0,0.0,0.0,0.0,122,Closed,>15 Days
7216265-20260228-113713,2026-02-28 11:37:13,2026-02-28,,South Branch,L5 IN Andhra Pradesh NP,2032,7216265.0,Right Angle Enterprises,Invoice No- 10998837482,BI-Damages,Closed,INPRAKASMA1,2026-10-04 00:17:00,,Closed,NP-Distributor,,2026.0,2.0,Feb,2026-02,Q1,1.0,Closed,Other Problem | Transit Damage | Damage during transportation | Owner: Transporter/Logistics,Transit Damage,Transporter/Logistics,Damage; Return; Transit,10998837482,,TS08UH2905,,,60101530MA; 53551530MA,,1 CS,1.0,0.0,1.0,0.0,0.0,0.0,0.0,0.0,0.0,0.0,0.0,122,Closed,>15 Days
7216265-20260228-114532,2026-02-28 11:45:32,2026-02-28,,South Branch,L5 IN Andhra Pradesh NP,2032,7216265.0,Right Angle Enterprises,MRP Mismatch,BI-Any other,Closed,INPRAKASMA1,2026-10-04 00:17:00,,Closed,NP-Distributor,AVG Logistics Limited,2026.0,2.0,Feb,2026-02,Q1,1.0,Closed,Warehouse Problem | MRP / Price Mismatch | Billed versus received MRP mismatch | Owner: Warehouse/DC,MRP / Price Mismatch,Warehouse/DC,MRP Mismatch,1099838082,,,,,60370454X2,,1 CS,1.0,0.0,0.0,0.0,1.0,0.0,0.0,0.0,0.0,0.0,0.0,122,Closed,>15 Days
7321775-20260228-185744,2026-02-28 18:57:44,2026-02-28,,South Branch,L5 IN Andhra Pradesh Purina,2032,7321775.0,Mayaank Agency,Received below Stock shortages at Mayank Agency on 28/02/2026,BI-Stock Shortages,Closed,INPRAKASMA1,2026-10-04 00:17:00,,Closed,Pet Food-Distributor,Wrong OTR,2026.0,2.0,Feb,2026-02,Q1,1.0,Closed,Warehouse Problem | Stock Shortage | Short or not-received quantity | Owner: Warehouse/DC,Stock Shortage,Warehouse/DC,Stock Shortage,,,,,,,,25 CASE; 40 CASE; 16 CASE,0.0,1.0,0.0,0.0,0.0,0.0,0.0,0.0,0.0,0.0,0.0,122,Closed,>15 Days
7366995-20260228-122919,2026-02-28 12:29:19,2026-02-28,,South Branch,L5 IN Hyderabad 2,2032,7366995.0,Intelligent Retail Private Limited,INVOICE NUMBER-1099837769,BI-Stock Shortages,Closed,INPRAKASMA1,2026-10-04 00:17:00,,Closed,GT Distributors,TCI Supply Chain Solutions (A Divn.,2026.0,2.0,Feb,2026-02,Q1,1.0,Closed,Other Problem | Non-Warehouse Shortage | Warehouse dispatch verified; investigate transit/distributor | Owner: Transporter/Distributor,Non-Warehouse Shortage,Transporter/Distributor,Stock Shortage,1099837769,TG07U1050,,,,,,4 CASES,1.0,1.0,0.0,0.0,0.0,0.0,0.0,0.0,0.0,0.0,0.0,122,Closed,>15 Days
7366995-20260228-123828,2026-02-28 12:38:29,2026-02-28,,South Branch,L5 IN Hyderabad 2,2032,7366995.0,Intelligent Retail Private Limited,INVOICE DATE -08-02-2026,BI-Stock Shortages,Closed,INPRAKASMA1,2026-04-23 19:51:03,,Closed,GT Distributors,TCI Supply Chain Solutions (A Divn.,2026.0,2.0,Feb,2026-02,Q1,1.0,Closed,Other Problem | Non-Warehouse Shortage | Warehouse dispatch verified; investigate transit/distributor | Owner: Transporter/Distributor,Non-Warehouse Shortage,Transporter/Distributor,Stock Shortage,1099835137,TG08T2342,,,,,,1 CASE,1.0,1.0,0.0,0.0,0.0,0.0,0.0,0.0,0.0,0.0,0.0,122,Closed,>15 Days
7532371-20260228-153930,2026-02-28 15:39:30,2026-02-28,,South Branch,L5 IN Karnataka 2,B929,7532371.0,Shri Ekadant Enterprises,Invoice No: 938409082,BI-Stock Shortages,Reopened,,,,Reopened,GT Distributors,AVG Logistics Limited,2026.0,2.0,Feb,2026-02,Q1,1.0,Open / Pending,Warehouse Problem | Stock Shortage | Short or not-received quantity | Owner: Warehouse/DC,Stock Shortage,Warehouse/DC,Stock Shortage,938409082,1946759,,12531641,Kit Kat 3F 18(28x28.5g) IN,,,1 CS,0.0,1.0,0.0,0.0,0.0,0.0,0.0,0.0,0.0,0.0,0.0,122,Reopened,>15 Days
3891254-20260227-125232,2026-02-27 12:52:33,2026-02-27,,South Branch,L5 IN Kerala 1,B744,3891254.0,Fidha Traders,INVOICE NUMBER - 959162318,BI-Stock Shortages,Closed,INPRAKASMA1,2026-08-06 14:17:00,,Closed,GT Distributors,KKP Express,2026.0,2.0,Feb,2026-02,Q1,1.0,Closed,Other Problem | Transit Shortage | Shortage during transportation | Owner: Transporter/Logistics,Transit Shortage,Transporter/Logistics,Stock Shortage; Transit,959162318,,,13680087,,,,,1.0,1.0,0.0,0.0,0.0,0.0,0.0,0.0,0.0,0.0,0.0,123,Closed,>15 Days
3891254-20260227-125813,2026-02-27 12:58:13,2026-02-27,,South Branch,L5 IN Kerala 1,2040,3891254.0,Fidha Traders,1.INVOICE NUMBER - 1054169176,BI-Stock Shortages,Pending,,,,Pending,GT Distributors,BlueWave Supply Chain,2026.0,2.0,Feb,2026-02,Q1,1.0,Open / Pending,Warehouse Problem | Stock Shortage | Short or not-received quantity | Owner: Warehouse/DC,Stock Shortage,Warehouse/DC,Stock Shortage,1054169176; 1054169588,,,12571219; 12622660,,,,,0.0,1.0,0.0,0.0,0.0,0.0,0.0,0.0,0.0,0.0,0.0,123,Pending,>15 Days
6077575-20260227-111013,2026-02-27 11:10:14,2026-02-27,,South Branch,L5 IN Andhra Pradesh Purina,2032,6077575.0,Blitzhaus Pet Mart.,INV 1099837559 DT 25.02.2026 LR NO 034531962,BI-Damages,Closed,INPRAKASMA1,2026-10-04 00:17:00,,Closed,Pet Food-Distributor,TCI Supply Chain Solutions,2026.0,2.0,Feb,2026-02,Q1,1.0,Closed,Other Problem | Transit Damage | Damage during transportation | Owner: Transporter/Logistics,Transit Damage,Transporter/Logistics,Damage; Transit,1099837559,34531962,,,,,10950,1 PC; 2 PC,1.0,0.0,1.0,0.0,0.0,0.0,0.0,0.0,0.0,0.0,0.0,123,Closed,>15 Days
6077575-20260227-112206,2026-02-27 11:22:07,2026-02-27,,South Branch,L5 IN Andhra Pradesh Purina,2032,6077575.0,Blitzhaus Pet Mart.,LR NO 129620 DT 23.02.2026 INV 1099837413 DT 24.02.2026,BI-Damages,Closed,INPRAKASMA1,2026-10-04 00:17:00,,Closed,Pet Food-Distributor,Glovis India Private Limited,2026.0,2.0,Feb,2026-02,Q1,1.0,Closed,Other Problem | Transit Damage | Damage during transportation | Owner: Transporter/Logistics,Transit Damage,Transporter/Logistics,Damage; Transit,1099837413,129620,,,,,,3 PC; 2 PC,1.0,0.0,1.0,0.0,0.0,0.0,0.0,0.0,0.0,0.0,0.0,123,Closed,>15 Days
6775174-20260227-100058,2026-02-27 10:00:59,2026-02-27,,South Branch,L5 IN Kerala 1,C963,6775174.0,Libra Consumables Private Limited,maggi pazzta masala96*69.5gm-1 case short,BI-Any other,Closed,INPRAKASMA1,2026-08-06 14:17:00,,Closed,GT Distributors,Global Trade Solutions,2026.0,2.0,Feb,2026-02,Q1,1.0,Closed,Warehouse Problem | Stock Shortage | Short or not-received quantity | Owner: Warehouse/DC,Stock Shortage,Warehouse/DC,Stock Shortage,1365800004,,,,,,,1 CASE,0.0,1.0,0.0,0.0,0.0,0.0,0.0,0.0,0.0,0.0,0.0,123,Closed,>15 Days
7083713-20260227-170000,2026-02-27 17:00:00,2026-02-27,,South Branch,L5 IN Tamil Nadu 2,B744,7083713.0,J S Distributors,INVOICE NO : 959162035,BI-Promo SKUs,Closed,INPRAKASMA1,2026-10-04 00:17:00,,Closed,GT Distributors,KKP Express,2026.0,2.0,Feb,2026-02,Q1,1.0,Closed,Other Problem | Transit Shortage | Shortage during transportation | Owner: Transporter/Logistics,Transit Shortage,Transporter/Logistics,Stock Shortage; Transit,959162035,,,106047530,,,,1536 EA; 1128 EA,1.0,1.0,0.0,0.0,0.0,0.0,0.0,0.0,0.0,0.0,0.0,123,Closed,>15 Days
7402251-20260227-162337,2026-02-27 16:23:38,2026-02-27,,South Branch,L5 IN Bangalore City 2,B929,7402251.0,Intelligent Retail Private Limited,"We have received ""12616251"" - 'MAGGI 2-MINN Chkn 96x76g IN ', MRP-20, 1 case shortage for Invoice# 938411056 dated 27/02/2026",BI-Stock Shortages,Closed,INPRAKASMA1,2026-04-23 19:51:03,,Closed,GT Distributors,KKP Express,2026.0,2.0,Feb,2026-02,Q1,1.0,Closed,Other Problem | Transit Shortage | Shortage during transportation | Owner: Transporter/Logistics,Transit Shortage,Transporter/Logistics,Stock Shortage; Transit,938411056,,,,,,20,1 CASE,1.0,1.0,0.0,0.0,0.0,0.0,0.0,0.0,0.0,0.0,0.0,123,Closed,>15 Days
4637644-20260226-164805,2026-02-26 16:48:06,2026-02-26,,South Branch,L5 IN Karnataka 3,B929,4637644.0,Sri Vijaya Enterprises,Product Name : KIT KAT 4 Finger 18(21x38.5g)N1 IN,BI-Sealing Issue,Closed,INPRAKASMA1,2026-04-23 19:51:03,,Closed,GT Distributors,Diptab Ventures Pvt ltd,2026.0,2.0,Feb,2026-02,Q1,1.0,Closed,"Warehouse Problem | Packaging / Sealing | Packing, sealing, or case configuration issue | Owner: Warehouse/DC",Packaging / Sealing,Warehouse/DC,Packaging/Sealing,938406524,,,12612451,KIT KAT 4 Finger 18(21x38.5g)N1 IN,60300454C1,,5 CS,0.0,0.0,0.0,0.0,0.0,0.0,0.0,0.0,0.0,0.0,0.0,124,Closed,>15 Days
6248455-20260226-123440,2026-02-26 12:34:41,2026-02-26,,South Branch,L5 IN Karnataka 2,B929,6248455.0,Sasnur Traders,2 pcs of 450gm damaged and cover cut open,BI-Damages,Closed,INPRAKASMA1,2026-09-03 17:03:00,,Closed,GT Distributors,Diptab Ventures Pvt ltd,2026.0,2.0,Feb,2026-02,Q1,1.0,Closed,Other Problem | Transit Damage | Damage during transportation | Owner: Transporter/Logistics,Transit Damage,Transporter/Logistics,Damage; Transit,,,,,,,,2 PCS,1.0,0.0,1.0,0.0,0.0,0.0,0.0,0.0,0.0,0.0,0.0,124,Closed,>15 Days
6659937-20260226-133648,2026-02-26 13:36:48,2026-02-26,,South Branch,L5 IN Hyderabad 1,2032,6659937.0,Sri Laxmi Narasimha Agencies,MAGGI masala offer satock free pieces not recived,BI-Any other,Closed,INPRAKASMA1,2026-04-23 19:51:03,,Closed,GT Distributors,Glovis India Private Limited,2026.0,2.0,Feb,2026-02,Q1,1.0,Closed,"Warehouse Problem | Promo / Free Goods Missing | Promotional child pack, gift, or free stock not received | Owner: Warehouse/DC",Promo / Free Goods Missing,Warehouse/DC,Promo Missing; Stock Shortage,1099837513,,AP29T7402,,,,,,0.0,1.0,0.0,0.0,0.0,0.0,0.0,0.0,1.0,0.0,0.0,124,Closed,>15 Days
7347613-20260226-175438,2026-02-26 17:54:39,2026-02-26,,South Branch,L5 IN Karnataka 1,B929,7347613.0,I J ENTERPRISES,INVOICE NO - 938410164,BI-Stock Shortages,Closed,INPRAKASMA1,2026-04-23 19:51:03,,Closed,GT Distributors,AVG Logistics Limited,2026.0,2.0,Feb,2026-02,Q1,1.0,Closed,Warehouse Problem | Wrong SKU / Product | Wrong or interchanged material supplied | Owner: Warehouse/DC,Wrong SKU / Product,Warehouse/DC,Stock Shortage; Wrong SKU,938410164,,,12595301,MAGGI SAUCE NONG 24X485G (PRODUCT INTERCHANGE),60340455HB,113; 108,1 CASE,0.0,1.0,0.0,0.0,0.0,1.0,0.0,0.0,0.0,0.0,0.0,124,Closed,>15 Days
4766881-20260225-104457,2026-02-25 10:44:57,2026-02-25,,South Branch,L5 IN Hyderabad 2,2032,4766881.0,Balaji Agencies,6CS OFFER STOCK OF MEM  IS NOT RECEIVED IN INV NO 1099837378 DATE 24.02.2026 PRODUCT CODE 13797726,BI-Stock Shortages,Closed,INPRAKASMA1,2026-04-23 19:51:03,,Closed,GT Distributors,Glovis India Private Limited,2026.0,2.0,Feb,2026-02,Q1,1.0,Closed,"Warehouse Problem | Promo / Free Goods Missing | Promotional child pack, gift, or free stock not received | Owner: Warehouse/DC",Promo / Free Goods Missing,Warehouse/DC,Promo Missing; Stock Shortage,1099837378,,,13797726,,,,6 CS,0.0,1.0,0.0,0.0,0.0,0.0,0.0,0.0,1.0,0.0,0.0,125,Closed,>15 Days
6935414-20260225-120405,2026-02-25 12:04:05,2026-02-25,,South Branch,L5 IN Andhrapradesh 2,2032,6935414.0,Sai Raju Enterprises,LR No : 3204,BI-Damages,Closed,INPRAKASMA1,2026-10-04 00:17:00,,Closed,GT Distributors,Stellar Kelvin Cold Chain,2026.0,2.0,Feb,2026-02,Q1,1.0,Closed,Other Problem | Transit Damage | Damage during transportation | Owner: Transporter/Logistics,Transit Damage,Transporter/Logistics,Damage; Transit,1099837147,3204,TS07VB2027,12616941,,53517742AB,,6 PIECES,1.0,0.0,1.0,0.0,0.0,0.0,0.0,0.0,0.0,0.0,0.0,125,Closed,>15 Days
7459087-20260225-110141,2026-02-25 11:01:42,2026-02-25,,South Branch,L5 IN Bangalore City 2,B929,7459087.0,Sima Agency,Invoice No.938410128 Dated: 25/02/2026,BI-Stock Shortages,Closed,INPRAKASMA1,2026-09-03 17:03:00,,Closed,GT Distributors,KKP Express,2026.0,2.0,Feb,2026-02,Q1,1.0,Closed,Other Problem | Transit Shortage | Shortage during transportation | Owner: Transporter/Logistics,Transit Shortage,Transporter/Logistics,Stock Shortage; Transit,,,,13700492,,60460452FA,2,,1.0,1.0,0.0,0.0,0.0,0.0,0.0,0.0,0.0,0.0,0.0,125,Closed,>15 Days
7459087-20260225-110231,2026-02-25 11:02:32,2026-02-25,,South Branch,L5 IN Bangalore City 2,B929,7459087.0,Sima Agency,Invoice No.938410128 Dated: 25/02/2026,BI-Stock Shortages,Closed,INPRAKASMA1,2026-09-03 17:03:00,,Closed,GT Distributors,KKP Express,2026.0,2.0,Feb,2026-02,Q1,1.0,Closed,Other Problem | Transit Shortage | Shortage during transportation | Owner: Transporter/Logistics,Transit Shortage,Transporter/Logistics,Stock Shortage; Transit,,,,13680299,,60470452CA,87,,1.0,1.0,0.0,0.0,0.0,0.0,0.0,0.0,0.0,0.0,0.0,125,Closed,>15 Days
7463388-20260225-133742,2026-02-25 13:37:43,2026-02-25,,South Branch,L5 IN Tamil Nadu 5,B744,7463388.0,Deluxe Traders,INVOICE NO :959162453,BI-Any other,Closed,INPRAKASMA1,2026-10-04 00:17:00,,Closed,GT Distributors,Chakradhara Aerospace And Cargo,2026.0,2.0,Feb,2026-02,Q1,1.0,Closed,Warehouse Problem | Wrong SKU / Product | Billed Nescafe Classic but Sunrise received | Owner: Warehouse/DC,Wrong SKU / Product,Warehouse/DC,Wrong SKU,959162453,,,12615905,NESCAFE CLASSIC SAC 45G,60110452WA,230; 175,,0.0,0.0,0.0,0.0,0.0,1.0,0.0,0.0,0.0,0.0,0.0,125,Closed,>15 Days
601004-20260224-110003,2026-02-24 11:00:04,2026-02-24,,South Branch,L5 IN Chennai City 1,C749,601004.0,Aswin Enterprises,INVOICE NO 974813467,BI-Stock Shortages,Closed,INPRAKASMA1,2026-09-03 17:03:00,,Closed,GT Distributors,Sakthi Jayavel Motors,2026.0,2.0,Feb,2026-02,Q1,1.0,Closed,Other Problem | Transit Shortage | Shortage during transportation | Owner: Transporter/Logistics,Transit Shortage,Transporter/Logistics,Stock Shortage; Transit,974813467,,TN49AK5302,12608496; 13680087,,60142814TA; 60380452CF,30; 58,,1.0,1.0,0.0,0.0,0.0,0.0,0.0,0.0,0.0,0.0,0.0,126,Closed,>15 Days
601615-20260224-135032,2026-02-24 13:50:32,2026-02-24,,South Branch,L5 IN Hyderabad 1,2032,601615.0,Sri Laxmi Agencies,1099825183   29/11/2025,BI-Stock Shortages,Closed,INPRAKASMA1,2026-10-04 00:17:00,,Closed,GT Distributors,Chirag Road Lines,2026.0,2.0,Feb,2026-02,Q1,1.0,Closed,Other Problem | Transit Shortage | Shortage during transportation | Owner: Transporter/Logistics,Transit Shortage,Transporter/Logistics,Stock Shortage; Transit,,,,,,,,,1.0,1.0,0.0,0.0,0.0,0.0,0.0,0.0,0.0,0.0,0.0,126,Closed,>15 Days
6089280-20260224-181852,2026-02-24 18:18:53,2026-02-24,,South Branch,L5 IN Tamil Nadu 3,B744,6089280.0,Madhu Traders,"INV. NO:959162242,INV.DATE:23/02/2026,",BI-Stock Shortages,Closed,INPRAKASMA1,2026-09-03 17:03:00,,Closed,GT Distributors,KKP Express,2026.0,2.0,Feb,2026-02,Q1,1.0,Closed,Other Problem | Transit Shortage | Shortage during transportation | Owner: Transporter/Logistics,Transit Shortage,Transporter/Logistics,Stock Shortage; Transit,,,,,,,,1 CASE,1.0,1.0,0.0,0.0,0.0,0.0,0.0,0.0,0.0,0.0,0.0,126,Closed,>15 Days
7083698-20260224-125150,2026-02-24 12:51:50,2026-02-24,,South Branch,L5 IN Bangalore City 2,B929,7083698.0,Intelligent Retail Private Limited,"We have received ""12296327"" - 'NESTLE SLIM Skmd Milk TBrik 12x1L N5 IN', MRP-97, 1 Pc damage for Invoice# 938409767 dated 23/02/2026",BI-Damages,Closed,INPRAKASMA1,2026-09-03 17:03:00,,Closed,GT Distributors,Diptab Ventures Pvt ltd,2026.0,2.0,Feb,2026-02,Q1,1.0,Closed,Other Problem | Transit Damage | Damage during transportation | Owner: Transporter/Logistics,Transit Damage,Transporter/Logistics,Damage; Transit,938409767,,,,,,97,1 PC,1.0,0.0,1.0,0.0,0.0,0.0,0.0,0.0,0.0,0.0,0.0,126,Closed,>15 Days
7083713-20260224-155852,2026-02-24 15:58:52,2026-02-24,,South Branch,L5 IN Tamil Nadu 2,B744,7083713.0,J S Distributors,INVOICE NUMBER : 959161511,BI-Stock Shortages,Reopened,,,,Reopened,GT Distributors,KKP Express,2026.0,2.0,Feb,2026-02,Q1,1.0,Open / Pending,Other Problem | Transit Shortage | Shortage during transportation | Owner: Transporter/Logistics,Transit Shortage,Transporter/Logistics,Stock Shortage; Transit,959161511,,,13680087,,60380452CF,,,1.0,1.0,0.0,0.0,0.0,0.0,0.0,0.0,0.0,0.0,0.0,126,Reopened,>15 Days
7083713-20260224-160312,2026-02-24 16:03:12,2026-02-24,,South Branch,L5 IN Tamil Nadu 2,B744,7083713.0,J S Distributors,INVOICE NUMBER : 959162037,BI-Damages,Reopened,,,,Reopened,GT Distributors,KKP Express,2026.0,2.0,Feb,2026-02,Q1,1.0,Open / Pending,Other Problem | Transit Shortage | Shortage during transportation | Owner: Transporter/Logistics,Transit Shortage,Transporter/Logistics,Stock Shortage; Transit,959162037,,,12607972,,60090453A7,,1 CS; 3 EA,1.0,1.0,0.0,0.0,0.0,0.0,0.0,0.0,0.0,0.0,0.0,126,Reopened,>15 Days
7083713-20260224-160607,2026-02-24 16:06:07,2026-02-24,,South Branch,L5 IN Tamil Nadu 2,B744,7083713.0,J S Distributors,INVOICE NUMBER : 959161511,BI-Damages,Reopened,,,,Reopened,GT Distributors,KKP Express,2026.0,2.0,Feb,2026-02,Q1,1.0,Open / Pending,Other Problem | Transit Shortage | Shortage during transportation | Owner: Transporter/Logistics,Transit Shortage,Transporter/Logistics,Stock Shortage; Transit,959161511,,,12610593,,535104515A,,3 CS; 27 EA,1.0,1.0,0.0,0.0,0.0,0.0,0.0,0.0,0.0,0.0,0.0,126,Reopened,>15 Days
7530594-20260224-143524,2026-02-24 14:35:24,2026-02-24,,South Branch,L5 IN Hyderabad 1,2032,7530594.0,Mahalaxmi Agencies,PRODUCT CODE / BATCH CODE 12612446/6005045C1 KIT KAT 50/- 1 CASE INTERCHANGED WITH KIT KAT 30/- 1 CASE SENT RETURN. KINDLY SEND KIT KAT 50/- 1 CASES AS SOON AS POSSIBLE.,BI-Any other,Closed,INPRAKASMA1,2026-04-23 19:51:03,,Closed,GT Distributors,,2026.0,2.0,Feb,2026-02,Q1,1.0,Closed,Warehouse Problem | Wrong SKU / Product | Wrong or interchanged material supplied | Owner: Warehouse/DC,Wrong SKU / Product,Warehouse/DC,Wrong SKU; Return,,,,,,12612446,,1 CASE; 1 CASES,0.0,0.0,0.0,0.0,0.0,1.0,0.0,0.0,0.0,0.0,0.0,126,Closed,>15 Days
3068405-20260223-180550,2026-02-23 18:05:51,2026-02-23,,South Branch,L5 IN Karnataka 3,B929,3068405.0,D V Janardhana Setty & Son,"RECIVED  1 PC SHORTAGE OF KITKAT  35 RS IN  126 OUTERS  (7 CASES ), INVOICE NO 922468966  BATCH CODE 52370454C1      INVOICE DATE  07/09/2025.",BI-Stock Shortages,Closed,INPRAKASMA1,2026-09-03 17:03:00,,Closed,GT Distributors,AVG Logistics Limited,2026.0,2.0,Feb,2026-02,Q1,1.0,Closed,Warehouse Problem | Stock Shortage | Short or not-received quantity | Owner: Warehouse/DC,Stock Shortage,Warehouse/DC,Stock Shortage,922468966; 922469691,,,,,52370454C1; 52460454C1; 52760454C1,,1 PC; 7 CASES; 72 PCS; 5 CASES; 936 PCS; 13 CASES,0.0,1.0,0.0,0.0,0.0,0.0,0.0,0.0,0.0,0.0,0.0,127,Closed,>15 Days
4966450-20260223-132834,2026-02-23 13:28:35,2026-02-23,,South Branch,L5 IN Andhrapradesh 4,C749,4966450.0,Sri Nidhi Marketings,Invoice - 974811684 Dated 12.02.2026,BI-Stock Shortages,Closed,INPRAKASMA1,2026-09-03 17:03:00,,Closed,GT Distributors,Chirag Road Lines,2026.0,2.0,Feb,2026-02,Q1,1.0,Closed,Other Problem | Transit Shortage | Shortage during transportation | Owner: Transporter/Logistics,Transit Shortage,Transporter/Logistics,Stock Shortage; Transit,974811684,,,,,,950,1 CS,1.0,1.0,0.0,0.0,0.0,0.0,0.0,0.0,0.0,0.0,0.0,127,Closed,>15 Days
5584508-20260223-174234,2026-02-23 17:42:34,2026-02-23,,South Branch,L5 IN Chennai City 2,C749,5584508.0,Akshaya Agencies,IN NO  -974807805,BI-Stock Shortages,Closed,INPRAKASMA1,2026-09-03 17:03:00,,Closed,GT Distributors,Sakthi Jayavel Motors,2026.0,2.0,Feb,2026-02,Q1,1.0,Closed,Other Problem | Transit Shortage | Shortage during transportation | Owner: Transporter/Logistics,Transit Shortage,Transporter/Logistics,Stock Shortage; Transit,,,,,,,15,,1.0,1.0,0.0,0.0,0.0,0.0,0.0,0.0,0.0,0.0,0.0,127,Closed,>15 Days
5584508-20260223-174643,2026-02-23 17:46:44,2026-02-23,,South Branch,L5 IN Chennai City 2,C749,5584508.0,Akshaya Agencies,IN NO  974812373,BI-Stock Shortages,Reopened,,,,Reopened,GT Distributors,Sakthi Jayavel Motors,2026.0,2.0,Feb,2026-02,Q1,1.0,Open / Pending,Warehouse Problem | Stock Shortage | Short or not-received quantity | Owner: Warehouse/DC,Stock Shortage,Warehouse/DC,Stock Shortage,,,,,,,100,100 NO,0.0,1.0,0.0,0.0,0.0,0.0,0.0,0.0,0.0,0.0,0.0,127,Reopened,>15 Days
601213-20260223-162913,2026-02-23 16:29:14,2026-02-23,,South Branch,L5 IN Kerala 4,7793,601213.0,Kamalaksh Enterprises,INV NO: 1365356898,BI-Stock Shortages,Closed,INPRAKASMA1,2026-08-06 14:17:00,,Closed,GT Distributors,DRIVER LOGISTICS LLP,2026.0,2.0,Feb,2026-02,Q1,1.0,Closed,Warehouse Problem | Stock Shortage | Short or not-received quantity | Owner: Warehouse/DC,Stock Shortage,Warehouse/DC,Stock Shortage,1365356898,NESTCR9382,,,KIT KAT 2F MINI,,,1 CS,0.0,1.0,0.0,0.0,0.0,0.0,0.0,0.0,0.0,0.0,0.0,127,Closed,>15 Days
6625977-20260223-181902,2026-02-23 18:19:03,2026-02-23,,South Branch,L5 IN Tamil Nadu 4,B744,6625977.0,Sankari Agencies,INVOICE NO:959161250,BI-Stock Shortages,Closed,INPRAKASMA1,2026-09-03 17:03:00,,Closed,GT Distributors,KKP Express,2026.0,2.0,Feb,2026-02,Q1,1.0,Closed,Other Problem | Transit Shortage | Shortage during transportation | Owner: Transporter/Logistics,Transit Shortage,Transporter/Logistics,Stock Shortage; Transit,959161250,,,13680299,MAGGI 2-MINS MAS 16*450G PR RS4 OFF IN,,87,2 CASE,1.0,1.0,0.0,0.0,0.0,0.0,0.0,0.0,0.0,0.0,0.0,127,Closed,>15 Days
7083698-20260223-154031,2026-02-23 15:40:32,2026-02-23,,South Branch,L5 IN Bangalore City 2,B929,7083698.0,Intelligent Retail Private Limited,"We have received ""12893346"" - 'NESCAFE Sunrise Dawn Jar 30x45g APNR3 IN', MRP-170, 2 Pc damage for Invoice# 938409638 dated 21/02/2026",BI-Damages,Closed,INPRAKASMA1,2026-09-03 17:03:00,,Closed,GT Distributors,KKP Express,2026.0,2.0,Feb,2026-02,Q1,1.0,Closed,Other Problem | Transit Damage | Damage during transportation | Owner: Transporter/Logistics,Transit Damage,Transporter/Logistics,Damage; Transit,938409638,,,,,,170,2 PC,1.0,0.0,1.0,0.0,0.0,0.0,0.0,0.0,0.0,0.0,0.0,127,Closed,>15 Days
7083698-20260223-154150,2026-02-23 15:41:50,2026-02-23,,South Branch,L5 IN Bangalore City 2,B929,7083698.0,Intelligent Retail Private Limited,"We have received ""12601932"" - 'CERELAC STG1 Wheat Apple ZS 24x350g IN', MRP-265, 1 cases shortage for Invoice# 938409638 dated 21/02/2026",BI-Stock Shortages,Closed,INPRAKASMA1,2026-09-03 17:03:00,,Closed,GT Distributors,KKP Express,2026.0,2.0,Feb,2026-02,Q1,1.0,Closed,Warehouse Problem | Stock Shortage | Short or not-received quantity | Owner: Warehouse/DC,Stock Shortage,Warehouse/DC,Stock Shortage,938409638,,,,,,265,1 CASES,0.0,1.0,0.0,0.0,0.0,0.0,0.0,0.0,0.0,0.0,0.0,127,Closed,>15 Days
7206600-20260223-180638,2026-02-23 18:06:39,2026-02-23,,South Branch,L5 IN Andhrapradesh 2,2032,7206600.0,Sriram Enterprises,AVG Logistics LR No: 1985324 vehicle no: NL01AB8896 seven(07) cases are invoiced out of which 1 case of 13718181 - Kit Kat 2F 24(30x22.1g) IN was short.,BI-Stock Shortages,Reopened,,,,Reopened,GT Distributors,AVG Logistics Limited,2026.0,2.0,Feb,2026-02,Q1,1.0,Open / Pending,Warehouse Problem | Stock Shortage | Short or not-received quantity | Owner: Warehouse/DC,Stock Shortage,Warehouse/DC,Stock Shortage,,1985324,NL01AB8896,,,,,1 CASE,0.0,1.0,0.0,0.0,0.0,0.0,0.0,0.0,0.0,0.0,0.0,127,Reopened,>15 Days
970494-20260223-120732,2026-02-23 12:07:33,2026-02-23,,South Branch,L5 IN Chennai Rural,C749,970494.0,R L Agency,INVOICE NUMBER - 974809808 STABILO 190GM  PRODUCT CODE - 12603840   2 CASES SHORTAGE INVOICE DATE 4-2-2026,BI-Stock Shortages,Closed,INPRAKASMA1,2026-09-03 17:03:00,,Closed,GT Distributors,CCI Logistics Limited,2026.0,2.0,Feb,2026-02,Q1,1.0,Closed,Other Problem | Transit Shortage | Shortage during transportation | Owner: Transporter/Logistics,Transit Shortage,Transporter/Logistics,Stock Shortage; Transit,974809808,,,12603840,,,,2 CASES,1.0,1.0,0.0,0.0,0.0,0.0,0.0,0.0,0.0,0.0,0.0,127,Closed,>15 Days
601780-20260221-113437,2026-02-21 11:34:38,2026-02-21,,South Branch,L5 IN Hyderabad 1,2032,601780.0,Vijeta Enterprises,"INV NO : 1099837105, DATE: 21-02-26",BI-Stock Shortages,Closed,INPRAKASMA1,2026-10-04 00:17:00,,Closed,GT Distributors,TCI Supply Chain Solutions (A Divn.,2026.0,2.0,Feb,2026-02,Q1,1.0,Closed,Other Problem | Non-Warehouse Shortage | Warehouse dispatch verified; investigate transit/distributor | Owner: Transporter/Distributor,Non-Warehouse Shortage,Transporter/Distributor,Stock Shortage,1099837105,,,,"KIT KAT 2x3F 18(14x(2x28.5g))N1, MRP 50/-",,50,18 CS; 16 CS; 2 CS,1.0,1.0,0.0,0.0,0.0,0.0,0.0,0.0,0.0,0.0,0.0,129,Closed,>15 Days
7083698-20260221-120912,2026-02-21 12:09:13,2026-02-21,,South Branch,L5 IN Bangalore City 2,B929,7083698.0,Intelligent Retail Private Limited,"We have received ""12893346"" - 'NESCAFE Sunrise Dawn Jar 30x45g APNR3 IN', MRP-170, 1 Pc damage for Invoice# 938409393 dated 20/02/2026",BI-Damages,Closed,INPRAKASMA1,2026-09-03 17:03:00,,Closed,GT Distributors,KKP Express,2026.0,2.0,Feb,2026-02,Q1,1.0,Closed,Other Problem | Transit Damage | Damage during transportation | Owner: Transporter/Logistics,Transit Damage,Transporter/Logistics,Damage; Transit,938409393,,,,,,170,1 PC,1.0,0.0,1.0,0.0,0.0,0.0,0.0,0.0,0.0,0.0,0.0,129,Closed,>15 Days
7228376-20260221-152531,2026-02-21 15:25:32,2026-02-21,,South Branch,L5 IN Andhrapradesh 2,2032,7228376.0,Nahida Enterprises,SUNRISE EXTRA 1.2 KG SHORTAGE,BI-Stock Shortages,Closed,INPRAKASMA1,2026-10-04 00:17:00,,Closed,GT Distributors,AVG Logistics Limited,2026.0,2.0,Feb,2026-02,Q1,1.0,Closed,Other Problem | Transit Shortage | Shortage during transportation | Owner: Transporter/Logistics,Transit Shortage,Transporter/Logistics,Stock Shortage; Transit,,1985333,,,,,,75 CASES; 74 CASES,1.0,1.0,0.0,0.0,0.0,0.0,0.0,0.0,0.0,0.0,0.0,129,Closed,>15 Days
7328904-20260221-130229,2026-02-21 13:02:29,2026-02-21,,South Branch,L5 IN Tamil Nadu 4,B744,7328904.0,Shree Vari Agencies,Invoice No : 959157740,BI-Stock Shortages,Closed,INPRAKASMA1,2026-09-03 17:03:00,,Closed,GT Distributors,KKP Express,2026.0,2.0,Feb,2026-02,Q1,1.0,Closed,Other Problem | Transit Shortage | Shortage during transportation | Owner: Transporter/Logistics,Transit Shortage,Transporter/Logistics,Stock Shortage; Transit,959157740,,,12458982,Nescafe Gold Blend Int5 12X50g N1 IN,,,1 CASES,1.0,1.0,0.0,0.0,0.0,0.0,0.0,0.0,0.0,0.0,0.0,129,Closed,>15 Days
6614197-20260220-172509,2026-02-20 17:25:09,2026-02-20,,South Branch,L5 IN Chennai Rural,C749,6614197.0,Sri Ramajayam Agencies,VEHCLE NO.TN32 AP 3656,BI-Stock Shortages,Closed,INPRAKASMA1,2026-09-03 17:03:00,,Closed,GT Distributors,Sakthi Jayavel Motors,2026.0,2.0,Feb,2026-02,Q1,1.0,Closed,Other Problem | Transit Shortage | Shortage during transportation | Owner: Transporter/Logistics,Transit Shortage,Transporter/Logistics,Stock Shortage; Transit,,,,12956336,,,,,1.0,1.0,0.0,0.0,0.0,0.0,0.0,0.0,0.0,0.0,0.0,130,Closed,>15 Days
6614197-20260220-172840,2026-02-20 17:28:41,2026-02-20,,South Branch,L5 IN Chennai Rural,C749,6614197.0,Sri Ramajayam Agencies,VEHICLE NO TN13 J 2430,BI-Stock Shortages,Closed,INPRAKASMA1,2026-09-03 17:03:00,,Closed,GT Distributors,Sakthi Jayavel Motors,2026.0,2.0,Feb,2026-02,Q1,1.0,Closed,Other Problem | Transit Shortage | Shortage during transportation | Owner: Transporter/Logistics,Transit Shortage,Transporter/Logistics,Stock Shortage; Transit,974804731,,,12614824,,,,1 CASES,1.0,1.0,0.0,0.0,0.0,0.0,0.0,0.0,0.0,0.0,0.0,130,Closed,>15 Days
7043746-20260220-161421,2026-02-20 16:14:22,2026-02-20,,South Branch,L5 IN Tamil Nadu 2,B744,7043746.0,Best & Co,"3 CASE SHORTAGE, MAGGI Sauce NONG 24x190g N1 IN",BI-Stock Shortages,Closed,INPRAKASMA1,2026-09-03 17:03:00,,Closed,GT Distributors,KKP Express,2026.0,2.0,Feb,2026-02,Q1,1.0,Closed,Other Problem | Transit Shortage | Shortage during transportation | Owner: Transporter/Logistics,Transit Shortage,Transporter/Logistics,Stock Shortage; Transit,959158932,,,12595279,,60060455HB,75,3 CASE,1.0,1.0,0.0,0.0,0.0,0.0,0.0,0.0,0.0,0.0,0.0,130,Closed,>15 Days
4685760-20260219-115726,2026-02-19 11:57:26,2026-02-19,,South Branch,L5 IN Tamil Nadu 1,B744,4685760.0,Prem Agencies,INVOICE NO: 959161191 ; INVOICE DATE: 17.02.2026 PRODUCT CODE: 12499557 ; PRODUCT DESC: NESCAFE SUNRISE STRONG 12(5X200g) IN ;  MRP: 1400 ;QTY: 2 CS ;,BI-Any other,Closed,INPRAKASMA1,2026-09-03 17:03:00,,Closed,GT Distributors,Tamilnadu Transport Company,2026.0,2.0,Feb,2026-02,Q1,1.0,Closed,"Warehouse Problem | Promo / Free Goods Missing | Promotional child pack, gift, or free stock not received | Owner: Warehouse/DC",Promo / Free Goods Missing,Warehouse/DC,Promo Missing; Stock Shortage,959161191,,,12499557,,,1400,2 CS; 120 PC,0.0,1.0,0.0,0.0,0.0,0.0,0.0,0.0,1.0,0.0,0.0,131,Closed,>15 Days
7012481-20260219-130421,2026-02-19 13:04:22,2026-02-19,,South Branch,L5 IN Hyderabad 1,2032,7012481.0,S V Enterprises,INV - 1099836759,BI-Stock Shortages,Closed,INPRAKASMA1,2026-04-23 19:51:03,,Closed,GT Distributors,Glovis India Private Limited,2026.0,2.0,Feb,2026-02,Q1,1.0,Closed,Warehouse Problem | Wrong SKU / Product | Wrong or interchanged material supplied | Owner: Warehouse/DC,Wrong SKU / Product,Warehouse/DC,Wrong SKU,1099836759,,,,,,,2 CASE,0.0,0.0,0.0,0.0,0.0,1.0,0.0,0.0,0.0,0.0,0.0,131,Closed,>15 Days
7035170-20260219-120813,2026-02-19 12:08:13,2026-02-19,,South Branch,L5 IN Chennai City 1,C749,7035170.0,Intelligent Retail Private Limited,"We have received ""12617852"" - 'NAN EXLAPRO1 5HMO Tin15x400gINNWPB309 ', MRP-950, GRN BATCH CODE-60320453T3 Qty-255 Invoice# 974812563 dated 18/02/2026",BI-Batch Related Issues,Closed,INPRAKASMA1,2026-10-04 00:17:00,,Closed,GT Distributors,CCI Logistics Limited,2026.0,2.0,Feb,2026-02,Q1,1.0,Closed,Warehouse Problem | Batch Mismatch | Billed versus received batch mismatch | Owner: Warehouse/DC,Batch Mismatch,Warehouse/DC,Batch Mismatch,974812563,,,,,60320453T3,950,,0.0,0.0,0.0,0.0,0.0,0.0,1.0,0.0,0.0,0.0,0.0,131,Closed,>15 Days
601004-20260218-111714,2026-02-18 11:17:14,2026-02-18,,South Branch,L5 IN Chennai City 1,C749,601004.0,Aswin Enterprises,INVOICE NO 974807836,BI-Stock Shortages,Closed,INPRAKASMA1,2026-09-03 17:03:00,,Closed,GT Distributors,Sakthi Jayavel Motors,2026.0,2.0,Feb,2026-02,Q1,1.0,Closed,Other Problem | Transit Shortage | Shortage during transportation | Owner: Transporter/Logistics,Transit Shortage,Transporter/Logistics,Stock Shortage; Transit,974807836,,TN09BL1831,12606197,,60060452DA,230,180 PCS,1.0,1.0,0.0,0.0,0.0,0.0,0.0,0.0,0.0,0.0,0.0,132,Closed,>15 Days
601004-20260218-111836,2026-02-18 11:18:37,2026-02-18,,South Branch,L5 IN Chennai City 1,C749,601004.0,Aswin Enterprises,INVOICE NO 974810018,BI-Stock Shortages,Closed,INPRAKASMA1,2026-10-04 00:17:00,,Closed,GT Distributors,Sakthi Jayavel Motors,2026.0,2.0,Feb,2026-02,Q1,1.0,Closed,Other Problem | Transit Shortage | Shortage during transportation | Owner: Transporter/Logistics,Transit Shortage,Transporter/Logistics,Stock Shortage; Commercial/Billing; Transit,974810018,,,12567446,,53570453T1,710,30 PCS,1.0,1.0,0.0,0.0,0.0,0.0,0.0,0.0,0.0,0.0,0.0,132,Closed,>15 Days
601004-20260218-111934,2026-02-18 11:19:35,2026-02-18,,South Branch,L5 IN Chennai City 1,C749,601004.0,Aswin Enterprises,INVOICE NO 974809366,BI-Stock Shortages,Closed,INPRAKASMA1,2026-09-03 17:03:00,,Closed,GT Distributors,Sakthi Jayavel Motors,2026.0,2.0,Feb,2026-02,Q1,1.0,Closed,Other Problem | Transit Shortage | Shortage during transportation | Owner: Transporter/Logistics,Transit Shortage,Transporter/Logistics,Stock Shortage; Transit,974809366,,,12616251,,60070455EA,20,60070455 EA,1.0,1.0,0.0,0.0,0.0,0.0,0.0,0.0,0.0,0.0,0.0,132,Closed,>15 Days
601004-20260218-112030,2026-02-18 11:20:30,2026-02-18,,South Branch,L5 IN Chennai City 1,C749,601004.0,Aswin Enterprises,INVOICE NO 974812216,BI-Stock Shortages,Closed,INPRAKASMA1,2026-09-03 17:03:00,,Closed,GT Distributors,CCI Logistics Limited,2026.0,2.0,Feb,2026-02,Q1,1.0,Closed,Other Problem | Transit Shortage | Shortage during transportation | Owner: Transporter/Logistics,Transit Shortage,Transporter/Logistics,Stock Shortage; Transit,974812216,,,13679901,,60410452BB,15,960 PCS,1.0,1.0,0.0,0.0,0.0,0.0,0.0,0.0,0.0,0.0,0.0,132,Closed,>15 Days
601004-20260218-112124,2026-02-18 11:21:25,2026-02-18,,South Branch,L5 IN Chennai City 1,C749,601004.0,Aswin Enterprises,INVOICE NO 974812221,BI-Stock Shortages,Closed,INPRAKASMA1,2026-09-03 17:03:00,,Closed,GT Distributors,Sakthi Jayavel Motors,2026.0,2.0,Feb,2026-02,Q1,1.0,Closed,Other Problem | Transit Shortage | Shortage during transportation | Owner: Transporter/Logistics,Transit Shortage,Transporter/Logistics,Stock Shortage; Transit,974812221,,,13679901,,60440452BA,15,96 PCS,1.0,1.0,0.0,0.0,0.0,0.0,0.0,0.0,0.0,0.0,0.0,132,Closed,>15 Days
601738-20260218-185719,2026-02-18 18:57:19,2026-02-18,,South Branch,L5 IN Tamil Nadu 2,B744,601738.0,V.G.Rajamani Agencies (P) LTD,INV NO:959161380 DATED 18.02.2026,BI-Stock Shortages,Closed,INPRAKASMA1,2026-09-03 17:03:00,,Closed,GT Distributors,KKP Express,2026.0,2.0,Feb,2026-02,Q1,1.0,Closed,Warehouse Problem | Stock Shortage | Short or not-received quantity | Owner: Warehouse/DC,Stock Shortage,Warehouse/DC,Stock Shortage,959161380,,,12606106,,53240452DA,,1 CASE,0.0,1.0,0.0,0.0,0.0,0.0,0.0,0.0,0.0,0.0,0.0,132,Closed,>15 Days
6659937-20260218-125950,2026-02-18 12:59:50,2026-02-18,,South Branch,L5 IN Hyderabad 1,2032,6659937.0,Sri Laxmi Narasimha Agencies,maggi masala offer satock free pieces not recieved,BI-Any other,Closed,INPRAKASMA1,2026-04-23 19:51:03,,Closed,GT Distributors,Glovis India Private Limited,2026.0,2.0,Feb,2026-02,Q1,1.0,Closed,"Warehouse Problem | Promo / Free Goods Missing | Promotional child pack, gift, or free stock not received | Owner: Warehouse/DC",Promo / Free Goods Missing,Warehouse/DC,Promo Missing; Stock Shortage,,,TG08V7490,,,,,,0.0,1.0,0.0,0.0,0.0,0.0,0.0,0.0,1.0,0.0,0.0,132,Closed,>15 Days
6077575-20260217-181717,2026-02-17 18:17:18,2026-02-17,,South Branch,L5 IN Andhra Pradesh Purina,2032,6077575.0,Blitzhaus Pet Mart.,INV 1099836434 DT 16.02.2026,BI-Damages,Closed,INPRAKASMA1,2026-10-04 00:17:00,,Closed,Pet Food-Distributor,Smartship Logistics Private,2026.0,2.0,Feb,2026-02,Q1,1.0,Closed,Other Problem | Transit Damage | Damage during transportation | Owner: Transporter/Logistics,Transit Damage,Transporter/Logistics,Stock Shortage; Damage; Transit,1099836434,,,,,,,6 PC; 1 PC; 4 PC,1.0,1.0,1.0,0.0,0.0,0.0,0.0,0.0,0.0,0.0,0.0,133,Closed,>15 Days
6775174-20260217-133259,2026-02-17 13:33:00,2026-02-17,,South Branch,L5 IN Kerala 1,2040,6775174.0,Libra Consumables Private Limited,MILKYBAR MOOSHA MRP 10/- x 1 CASE SHORT,BI-Stock Shortages,Pending,,,,Pending,GT Distributors,Johnson Enterprises,2026.0,2.0,Feb,2026-02,Q1,1.0,Open / Pending,Warehouse Problem | Stock Shortage | Short or not-received quantity | Owner: Warehouse/DC,Stock Shortage,Warehouse/DC,Stock Shortage,1054169601,,,,,,10,1 CASE,0.0,1.0,0.0,0.0,0.0,0.0,0.0,0.0,0.0,0.0,0.0,133,Pending,>15 Days
7093228-20260217-132637,2026-02-17 13:26:37,2026-02-17,,South Branch,L5 IN Kerala 2,2040,7093228.0,Kottaram Business Corporation,Invoice Number Cmp invoice date,BI-Stock Shortages,Pending,,,,Pending,GT Distributors,Johnson Enterprises,2026.0,2.0,Feb,2026-02,Q1,1.0,Open / Pending,Warehouse Problem | Stock Shortage | Short or not-received quantity | Owner: Warehouse/DC,Stock Shortage,Warehouse/DC,Stock Shortage; Commercial/Billing; Return,,,,,,,,,0.0,1.0,0.0,0.0,0.0,0.0,0.0,0.0,0.0,0.0,0.0,133,Pending,>15 Days
7541792-20260217-204009,2026-02-17 20:40:10,2026-02-17,,South Branch,L5 IN Andhrapradesh 2,2032,7541792.0,Jaiteja Agencies,"INV. no. 1099835916, 13/02/2026,TS 02 UD 4148, GLOVIS           ",BI-Stock Shortages,Closed,INPRAKASMA1,2026-10-04 00:17:00,,Closed,GT Distributors,Glovis India Private Limited,2026.0,2.0,Feb,2026-02,Q1,1.0,Closed,Warehouse Problem | Stock Excess | Excess quantity received | Owner: Warehouse/DC,Stock Excess,Warehouse/DC,Stock Shortage; Stock Excess,,,,,,,,2 CASES; 1 CASE,0.0,1.0,0.0,1.0,0.0,0.0,0.0,0.0,0.0,0.0,0.0,133,Closed,>15 Days
3382314-20260216-171232,2026-02-16 17:12:32,2026-02-16,,South Branch,L5 IN Andhrapradesh 4,2032,3382314.0,Sri Sai Uma Generals,INVOICE NUM : 1099836220 DATE : 14/02/2026,BI-Stock Shortages,Reopened,,,,Reopened,GT Distributors,Glovis India Private Limited,2026.0,2.0,Feb,2026-02,Q1,1.0,Open / Pending,Warehouse Problem | Stock Shortage | Short or not-received quantity | Owner: Warehouse/DC,Stock Shortage,Warehouse/DC,Stock Shortage,1099836220,,,12612434,,43500452CA,,24 UNITS,0.0,1.0,0.0,0.0,0.0,0.0,0.0,0.0,0.0,0.0,0.0,134,Reopened,>15 Days
5533884-20260216-224158,2026-02-16 22:41:58,2026-02-16,,South Branch,L5 IN Hyderabad 1,2032,5533884.0,Shri Hanuman Agencies,product code 12610063,BI-Stock Shortages,Closed,INPRAKASMA1,2026-04-23 19:51:03,,Closed,GT Distributors,TCI Supply Chain Solutions (A Divn.,2026.0,2.0,Feb,2026-02,Q1,1.0,Closed,Other Problem | Transit Shortage | Shortage during transportation | Owner: Transporter/Logistics,Transit Shortage,Transporter/Logistics,Stock Shortage; Transit,1099836234; 1099836241,,,12610063; 12562440,,51671519RA; 60081530EA,10; 108,1 CASE; 60081530 EA; 2 CASE,1.0,1.0,0.0,0.0,0.0,0.0,0.0,0.0,0.0,0.0,0.0,134,Closed,>15 Days
601707-20260216-130319,2026-02-16 13:03:20,2026-02-16,,South Branch,L5 IN Hyderabad 1,2032,601707.0,Synergy Enterprises,INV NUM 1099834001 INV DT 04/02/2026         12615905 NESCAFE CLASSIC Sachet 96x45g NR N1 IN,BI-Stock Shortages,Closed,INPRAKASMA1,2026-10-04 00:17:00,,Closed,GT Distributors,Glovis India Private Limited,2026.0,2.0,Feb,2026-02,Q1,1.0,Closed,Other Problem | Transit Shortage | Shortage during transportation | Owner: Transporter/Logistics,Transit Shortage,Transporter/Logistics,Stock Shortage; Transit,1099834001,,,,,,260,2 CS,1.0,1.0,0.0,0.0,0.0,0.0,0.0,0.0,0.0,0.0,0.0,134,Closed,>15 Days
601773-20260216-140206,2026-02-16 14:02:06,2026-02-16,,South Branch,L5 IN Hyderabad 2,2032,601773.0,Vijayalaxmi Agencies,"DEAR SIR,",BI-Damages,Closed,INPRAKASMA1,2026-10-04 00:17:00,,Closed,GT Distributors,,2026.0,2.0,Feb,2026-02,Q1,1.0,Closed,Other Problem | Transit Damage | Damage during transportation | Owner: Transporter/Logistics,Transit Damage,Transporter/Logistics,Damage; Return; Transit,,,,,,,,,1.0,0.0,1.0,0.0,0.0,0.0,0.0,0.0,0.0,0.0,0.0,134,Closed,>15 Days
6801093-20260216-154250,2026-02-16 15:42:51,2026-02-16,,South Branch,L5 IN Tamil Nadu 2,B744,6801093.0,SR Trading Company,INV NO : 959160906,BI-Stock Shortages,Closed,INPRAKASMA1,2026-09-03 17:03:00,,Closed,GT Distributors,Indian Express Cargo,2026.0,2.0,Feb,2026-02,Q1,1.0,Closed,Other Problem | Transit Shortage | Shortage during transportation | Owner: Transporter/Logistics,Transit Shortage,Transporter/Logistics,Stock Shortage; Transit,959160906,17026,,,,,92,24 PCS; 1 CS,1.0,1.0,0.0,0.0,0.0,0.0,0.0,0.0,0.0,0.0,0.0,134,Closed,>15 Days
601632-20260214-100917,2026-02-14 10:09:17,2026-02-14,,South Branch,L5 IN Tamil Nadu 2,0,601632.0,Shri Rams Associates,"INV NO - 959160600, 959160601, 959160602, 959160603, 959160604, 959160605, 959160606 all dt 13/02/2026 inv not yet downloaded in SDS",BI-Any other,Closed,INPRAKASMA1,2026-09-03 17:03:00,,Not Related to DC,,,2026.0,2.0,Feb,2026-02,Q1,1.0,Closed,Other Problem | System / Application Issue | Invoices not downloading in SDS | Owner: IT/SDS Network,System / Application Issue,IT/SDS Network,System/Application; Invoice Download,959160600,,,,,,,,0.0,0.0,0.0,0.0,0.0,0.0,0.0,0.0,0.0,0.0,0.0,136,Closed,>15 Days
601780-20260214-150829,2026-02-14 15:08:30,2026-02-14,,South Branch,L5 IN Hyderabad 1,2032,601780.0,Vijeta Enterprises,"Inv No: 1099835316, Date: 10-02-2026",BI-Stock Shortages,Closed,INPRAKASMA1,2026-10-04 00:17:00,,Closed,GT Distributors,Glovis India Private Limited,2026.0,2.0,Feb,2026-02,Q1,1.0,Closed,Other Problem | Non-Warehouse Shortage | Warehouse dispatch verified; investigate transit/distributor | Owner: Transporter/Distributor,Non-Warehouse Shortage,Transporter/Distributor,Stock Shortage,1099835316,,,,"Nestle Everyday DW 32x400g, Mrp 255/-",,255,10 CS; 9 CS; 1 CS,1.0,1.0,0.0,0.0,0.0,0.0,0.0,0.0,0.0,0.0,0.0,136,Closed,>15 Days
601780-20260214-164305,2026-02-14 16:43:05,2026-02-14,,South Branch,L5 IN Hyderabad 1,2032,601780.0,Vijeta Enterprises,"Inv No: 1099835986, Date : 14-02-2026",BI-Stock Shortages,Closed,INPRAKASMA1,2026-10-04 00:17:00,,Closed,GT Distributors,TCI Supply Chain Solutions (A Divn.,2026.0,2.0,Feb,2026-02,Q1,1.0,Closed,Other Problem | Non-Warehouse Shortage | Warehouse dispatch verified; investigate transit/distributor | Owner: Transporter/Distributor,Non-Warehouse Shortage,Transporter/Distributor,Stock Shortage,1099835986,,,,,,122,8 CS; 7 CS; 1 CS,1.0,1.0,0.0,0.0,0.0,0.0,0.0,0.0,0.0,0.0,0.0,136,Closed,>15 Days
6754856-20260214-123639,2026-02-14 12:36:40,2026-02-14,,South Branch,L5 IN Chennai Rural,C749,6754856.0,Sadhmirra Private Limited,NAN PRO 1 IF MRP 775 1 CASE SHORTAGES,BI-Stock Shortages,Closed,INPRAKASMA1,2026-09-03 17:03:00,,Closed,GT Distributors,,2026.0,2.0,Feb,2026-02,Q1,1.0,Closed,Warehouse Problem | Stock Shortage | Short or not-received quantity | Owner: Warehouse/DC,Stock Shortage,Warehouse/DC,Stock Shortage,,,,,,,775,1 CASE,0.0,1.0,0.0,0.0,0.0,0.0,0.0,0.0,0.0,0.0,0.0,136,Closed,>15 Days
7459087-20260214-170920,2026-02-14 17:09:20,2026-02-14,,South Branch,L5 IN Bangalore City 2,B929,7459087.0,Sima Agency,Invoice No.938407527 Dated: 14/02/2026,BI-Stock Shortages,Closed,INPRAKASMA1,2026-09-03 17:03:00,,Closed,GT Distributors,Diptab Ventures Pvt ltd,2026.0,2.0,Feb,2026-02,Q1,1.0,Closed,Other Problem | Transit Shortage | Shortage during transportation | Owner: Transporter/Logistics,Transit Shortage,Transporter/Logistics,Stock Shortage; Transit,,,,14378778,,60246640PA,10,,1.0,1.0,0.0,0.0,0.0,0.0,0.0,0.0,0.0,0.0,0.0,136,Closed,>15 Days
7459087-20260214-171015,2026-02-14 17:10:15,2026-02-14,,South Branch,L5 IN Bangalore City 2,B929,7459087.0,Sima Agency,Invoice No.938407528 Dated: 14/02/2026,BI-Stock Shortages,Closed,INPRAKASMA1,2026-09-03 17:03:00,,Closed,GT Distributors,Diptab Ventures Pvt ltd,2026.0,2.0,Feb,2026-02,Q1,1.0,Closed,Other Problem | Transit Shortage | Shortage during transportation | Owner: Transporter/Logistics,Transit Shortage,Transporter/Logistics,Stock Shortage; Transit,,,,13679901,,60280455TA,15,,1.0,1.0,0.0,0.0,0.0,0.0,0.0,0.0,0.0,0.0,0.0,136,Closed,>15 Days
7489063-20260214-125249,2026-02-14 12:52:49,2026-02-14,,South Branch,L5 IN Karnataka 3,B929,7489063.0,Maruthi Enterprises,Munch Cereal 1 case Transit Shortage,BI-Stock Shortages,Closed,INPRAKASMA1,2026-09-03 17:03:00,,Closed,GT Distributors,Diptab Ventures Pvt ltd,2026.0,2.0,Feb,2026-02,Q1,1.0,Closed,Other Problem | Transit Shortage | Shortage during transportation | Owner: Transporter/Logistics,Transit Shortage,Transporter/Logistics,Stock Shortage; Transit,,,,,,5250T246CB,,1 CASE,1.0,1.0,0.0,0.0,0.0,0.0,0.0,0.0,0.0,0.0,0.0,136,Closed,>15 Days
6248455-20260213-091732,2026-02-13 09:17:32,2026-02-13,,South Branch,L5 IN Karnataka 2,B929,6248455.0,Sasnur Traders,1 pcs of Cerelac Multigrain fruit batch no:- 60030451DA,BI-Damages,Closed,INPRAKASMA1,2026-09-03 17:03:00,,Closed,GT Distributors,Diptab Ventures Pvt ltd,2026.0,2.0,Feb,2026-02,Q1,1.0,Closed,Other Problem | Transit Damage | Damage during transportation | Owner: Transporter/Logistics,Transit Damage,Transporter/Logistics,Damage; Transit,938406999,,,,,,295,1 PCS; 11 PCS,1.0,0.0,1.0,0.0,0.0,0.0,0.0,0.0,0.0,0.0,0.0,137,Closed,>15 Days
6310775-20260213-132935,2026-02-13 13:29:36,2026-02-13,,South Branch,L5 IN Andhrapradesh 4,2032,6310775.0,S S Distributors,1CB-MAGGI 2 MIN SPICY GARLIC 24*248G,BI-Batch Related Issues,Reopened,,,,Reopened,GT Distributors,Glovis India Private Limited,2026.0,2.0,Feb,2026-02,Q1,1.0,Open / Pending,Warehouse Problem | Batch Mismatch | Billed versus received batch mismatch | Owner: Warehouse/DC,Batch Mismatch,Warehouse/DC,Batch Mismatch,1099828537,70401; DATE,,,,52592814BA,,,1.0,0.0,0.0,0.0,0.0,0.0,1.0,0.0,0.0,0.0,0.0,137,Reopened,>15 Days
6866880-20260213-140239,2026-02-13 14:02:40,2026-02-13,,South Branch,L5 IN Hyderabad 2,2032,6866880.0,Venkateshwara Agencies,12612451 KIT KAT 4 Finger 18(21x38.5g)N1 IN 60170454C1 30 2,BI-Stock Shortages,Closed,INPRAKASMA1,2026-04-23 19:51:03,,Closed,GT Distributors,,2026.0,2.0,Feb,2026-02,Q1,1.0,Closed,Warehouse Problem | Stock Shortage | Short or not-received quantity | Owner: Warehouse/DC,Stock Shortage,Warehouse/DC,Stock Shortage,,,,,,,,,0.0,1.0,0.0,0.0,0.0,0.0,0.0,0.0,0.0,0.0,0.0,137,Closed,>15 Days
7023429-20260213-115522,2026-02-13 11:55:22,2026-02-13,,South Branch,L5 IN Tamil Nadu 5,B744,7023429.0,Abdhu Traders,Invoice Date               - 12/02/2026,BI-Stock Shortages,Closed,INPRAKASMA1,2026-09-03 17:03:00,,Closed,GT Distributors,Indian Express Cargo,2026.0,2.0,Feb,2026-02,Q1,1.0,Closed,Warehouse Problem | Stock Shortage | Short or not-received quantity | Owner: Warehouse/DC,Stock Shortage,Warehouse/DC,Stock Shortage,959160273,Number,,12567446,PRE NAN IF TIN 15X400g DS520-2          IN,,,2 CS,0.0,1.0,0.0,0.0,0.0,0.0,0.0,0.0,0.0,0.0,0.0,137,Closed,>15 Days
7339382-20260213-201959,2026-02-13 20:20:00,2026-02-13,,South Branch,L5 IN Bangalore City 2,B929,7339382.0,Pearl Enterprises,"nescafe ICED FRAPPE CND 60X170ML IN MRP.50  1 CASE DAMAGE IN TRANSIT. INVOICE NO;938406393 DATE 12-02-2026, LR NO; A 218229,  TRANSPORT; LETS TRANSPORT DRIVER NAME; MADHU CELL NO;8546908667, VEC.NO; KA04B8342",BI-Damages,Closed,INPRAKASMA1,2026-09-03 17:03:00,,Closed,GT Distributors,Diptab Ventures Pvt ltd,2026.0,2.0,Feb,2026-02,Q1,1.0,Closed,Other Problem | Transit Damage | Damage during transportation | Owner: Transporter/Logistics,Transit Damage,Transporter/Logistics,Damage; Transit,938406393,,,,,,,1 CASE,1.0,0.0,1.0,0.0,0.0,0.0,0.0,0.0,0.0,0.0,0.0,137,Closed,>15 Days
7465624-20260213-120606,2026-02-13 12:06:07,2026-02-13,,South Branch,L5 IN Karnataka 3,B929,7465624.0,Sannidhi Agencies,INV NO 938406180 DT 09.02.2026 RECIVED SHORT OF 1 CASE BOX NESCAFE SUNRISE DAWN JAR 30*45GM DRIVER HAS ACKWNOLDGE THE SAME IN L R COPY WITH SIGN,BI-Stock Shortages,Closed,INPRAKASMA1,2026-09-03 17:03:00,,Closed,GT Distributors,Diptab Ventures Pvt ltd,2026.0,2.0,Feb,2026-02,Q1,1.0,Closed,Other Problem | Transit Shortage | Shortage during transportation | Owner: Transporter/Logistics,Transit Shortage,Transporter/Logistics,Stock Shortage; Transit,938406180,,,,,,,1 CASE,1.0,1.0,0.0,0.0,0.0,0.0,0.0,0.0,0.0,0.0,0.0,137,Closed,>15 Days
3382314-20260206-165458,2026-06-02 16:54:00,2026-06-02,,South Branch,L5 IN Andhrapradesh 4,2032,3382314.0,Sri Sai Uma Generals,INVOICE NO : 1099834216   DATE : 4-02-2026,BI-Batch Related Issues,Closed,INPRAKASMA1,2026-02-26 13:57:52,,Closed,GT Distributors,AVG Logistics Limited,2026.0,2.0,Feb,2026-02,Q1,1.0,Closed,Warehouse Problem | Batch Mismatch | Billed versus received batch mismatch | Owner: Warehouse/DC,Batch Mismatch,Warehouse/DC,Batch Mismatch,1099834216,3472,,12497672,NAN PRO 1 IF BIB 24*400g INNWB174 NV IN,INVOICED; 60230453J2; 60230453K1,,,0.0,0.0,0.0,0.0,0.0,0.0,1.0,0.0,0.0,0.0,0.0,28,Closed,>15 Days
5881290-20260206-105202,2026-06-02 10:52:00,2026-06-02,,South Branch,L5 IN Andhrapradesh 4,C749,5881290.0,Lakshmi Enterprises,INV NO: 974809423,BI-Stock Shortages,Closed,INPRAKASMA1,2026-09-03 17:03:00,,Closed,GT Distributors,KKP Express,2026.0,2.0,Feb,2026-02,Q1,1.0,Closed,Warehouse Problem | Stock Shortage | Short or not-received quantity | Owner: Warehouse/DC,Stock Shortage,Warehouse/DC,Stock Shortage,974809423,,,,,,20,,0.0,1.0,0.0,0.0,0.0,0.0,0.0,0.0,0.0,0.0,0.0,28,Closed,>15 Days
5881290-20260206-110409,2026-06-02 11:04:00,2026-06-02,,South Branch,L5 IN Andhrapradesh 4,C749,5881290.0,Lakshmi Enterprises,INV NO: 974809423,BI-Batch Related Issues,Closed,INPRAKASMA1,2026-09-03 17:03:00,,Closed,GT Distributors,KKP Express,2026.0,2.0,Feb,2026-02,Q1,1.0,Closed,Warehouse Problem | Expiry / Short Expiry | Expired or insufficient shelf-life stock | Owner: Warehouse/DC,Expiry / Short Expiry,Warehouse/DC,MRP Mismatch; Expiry,974809423,,,,,51026763JAG,30,2 CASES,0.0,0.0,0.0,0.0,1.0,0.0,0.0,1.0,0.0,0.0,0.0,28,Closed,>15 Days
5881290-20260206-110502,2026-06-02 11:05:00,2026-06-02,,South Branch,L5 IN Andhrapradesh 4,C749,5881290.0,Lakshmi Enterprises,INV NO: 974809953,BI-Batch Related Issues,Closed,INPRAKASMA1,2026-09-03 17:03:00,,Closed,GT Distributors,KKP Express,2026.0,2.0,Feb,2026-02,Q1,1.0,Closed,Warehouse Problem | Expiry / Short Expiry | Expired or insufficient shelf-life stock | Owner: Warehouse/DC,Expiry / Short Expiry,Warehouse/DC,MRP Mismatch; Expiry,974809953,,,,,51026763JAG,30,,0.0,0.0,0.0,0.0,1.0,0.0,0.0,1.0,0.0,0.0,0.0,28,Closed,>15 Days
5881290-20260206-122923,2026-06-02 12:29:00,2026-06-02,,South Branch,L5 IN Andhrapradesh 4,C749,5881290.0,Lakshmi Enterprises,INV NO: 974805438,BI-Stock Shortages,Closed,INPRAKASMA1,2026-09-03 17:03:00,,Closed,GT Distributors,KKP Express,2026.0,2.0,Feb,2026-02,Q1,1.0,Closed,Other Problem | Transit Shortage | Shortage during transportation | Owner: Transporter/Logistics,Transit Shortage,Transporter/Logistics,Stock Shortage; Transit,974805438,,,,,,15,,1.0,1.0,0.0,0.0,0.0,0.0,0.0,0.0,0.0,0.0,0.0,28,Closed,>15 Days
601631-20260206-143510,2026-06-02 14:35:00,2026-06-02,,South Branch,L5 IN Chennai City 2,C749,601631.0,Sri Ramajayam Dhalls,We like to inform that we found 1case shortage of Kit Kat 2F Mini 13.6g invoiced via invoice No 974806016 dated 08/01/2026. The same has been mentioned in LR (No.30256) copy with Signed & acknowledged by driver Dillibabu(cell No 8946074834). Scanned LR copy has been emailed. Kindly approve transit shortage claim for above mentioned shortage at earliest.,BI-Stock Shortages,Closed,INPRAKASMA1,2026-09-03 17:03:00,,Closed,GT Distributors,Sakthi Jayavel Motors,2026.0,2.0,Feb,2026-02,Q1,1.0,Closed,Other Problem | Transit Shortage | Shortage during transportation | Owner: Transporter/Logistics,Transit Shortage,Transporter/Logistics,Stock Shortage; Transit,974806016,copy,,,,,,1 CASE,1.0,1.0,0.0,0.0,0.0,0.0,0.0,0.0,0.0,0.0,0.0,28,Closed,>15 Days
6204243-20260206-185602,2026-06-02 18:56:00,2026-06-02,,South Branch,L5 IN Karnataka Purina,B929,6204243.0,GM VENTURES,Damaged goods received from CFA,BI-Damages,Closed,INPRAKASMA1,2026-02-26 13:57:52,,Closed,Pet Food-Distributor,KKP Express,2026.0,2.0,Feb,2026-02,Q1,1.0,Closed,Other Problem | Transit Damage | Damage during transportation | Owner: Transporter/Logistics,Transit Damage,Transporter/Logistics,Damage; Transit,938404677,,KA50A3257,,Suparcoat adult chicken 10kg  -1 bag,,,,1.0,0.0,1.0,0.0,0.0,0.0,0.0,0.0,0.0,0.0,0.0,28,Closed,>15 Days
6700167-20260206-161240,2026-06-02 16:12:00,2026-06-02,,South Branch,L5 IN Andhrapradesh 2,2032,6700167.0,Laasritha Enterprises,INV NO1099833942 DT 04-02-2026 PROD NAME CERELAC STG1 Wheat ZS 24x300g PRO CODE12601907 BATCH60120451DA 3 PES DAMAGE DRIVER NAME RAJU CELL NO9640188892 VEH NO AP39UM4012,BI-Damages,Closed,INPRAKASMA1,2026-02-26 13:57:52,,Closed,GT Distributors,Chirag Road Lines,2026.0,2.0,Feb,2026-02,Q1,1.0,Closed,Other Problem | Transit Damage | Damage during transportation | Owner: Transporter/Logistics,Transit Damage,Transporter/Logistics,Damage; Transit,1099833942,,AP39UM4012,,,60120451DA,,,1.0,0.0,1.0,0.0,0.0,0.0,0.0,0.0,0.0,0.0,0.0,28,Closed,>15 Days
6824058-20260206-155104,2026-06-02 15:51:00,2026-06-02,,South Branch,L5 IN Karnataka 1,B929,6824058.0,Aarav Associates,"Dear Team,",BI-Stock Shortages,Closed,INPRAKASMA1,2026-02-26 13:57:52,,Closed,GT Distributors,KKP Express,2026.0,2.0,Feb,2026-02,Q1,1.0,Closed,Warehouse Problem | Stock Shortage | Short or not-received quantity | Owner: Warehouse/DC,Stock Shortage,Warehouse/DC,Stock Shortage,938405081,,,,MAGGI Coconut Milk Powder 12x1kg N2 IN,53210376DA,1000,1 CASE,0.0,1.0,0.0,0.0,0.0,0.0,0.0,0.0,0.0,0.0,0.0,28,Closed,>15 Days
7060882-20260206-123730,2026-06-02 12:37:00,2026-06-02,,South Branch,L5 IN Hyderabad 1,2032,7060882.0,S L N Marketers,Invoice No : 1099834297,BI-Any other,Closed,INPRAKASMA1,2026-02-26 13:57:52,,Not Related to DC-OID Issue,,,2026.0,2.0,Feb,2026-02,Q1,1.0,Closed,Warehouse Problem | MRP / Price Mismatch | Billed versus received MRP mismatch | Owner: Warehouse/DC,MRP / Price Mismatch,Warehouse/DC,Stock Shortage; MRP Mismatch,1099834297,,,12585137,,,,1 CASE,0.0,1.0,0.0,0.0,1.0,0.0,0.0,0.0,0.0,0.0,0.0,28,Closed,>15 Days
7060882-20260206-123848,2026-06-02 12:38:00,2026-06-02,,South Branch,L5 IN Hyderabad 1,2032,7060882.0,S L N Marketers,Invoice No : 1099833869,BI-Any other,Closed,INPRAKASMA1,2026-02-26 13:57:52,,Not Related to DC-OID Issue,,,2026.0,2.0,Feb,2026-02,Q1,1.0,Closed,Warehouse Problem | MRP / Price Mismatch | Billed versus received MRP mismatch | Owner: Warehouse/DC,MRP / Price Mismatch,Warehouse/DC,MRP Mismatch,1099833869,,,12567336,,,45; 42,,0.0,0.0,0.0,0.0,1.0,0.0,0.0,0.0,0.0,0.0,0.0,28,Closed,>15 Days
7060882-20260206-124152,2026-06-02 12:41:00,2026-06-02,,South Branch,L5 IN Hyderabad 1,2032,7060882.0,S L N Marketers,Invoice No : 1099834381 Dated 05.02.2026,BI-Any other,Closed,INPRAKASMA1,2026-02-26 13:57:52,,Not Related to DC-OID Issue,,,2026.0,2.0,Feb,2026-02,Q1,1.0,Closed,Warehouse Problem | Stock Shortage | Short or not-received quantity | Owner: Warehouse/DC,Stock Shortage,Warehouse/DC,Stock Shortage,1099834381,,,12616022,,,265,1 CASE,0.0,1.0,0.0,0.0,0.0,0.0,0.0,0.0,0.0,0.0,0.0,28,Closed,>15 Days
7060882-20260206-124331,2026-06-02 12:43:00,2026-06-02,,South Branch,L5 IN Hyderabad 1,2032,7060882.0,S L N Marketers,Invoice No : 1099834381 Dated 05.02.2026,BI-Any other,Closed,INPRAKASMA1,2026-02-26 13:57:52,,Not Related to DC-OID Issue,,,2026.0,2.0,Feb,2026-02,Q1,1.0,Closed,Warehouse Problem | Stock Shortage | Short or not-received quantity | Owner: Warehouse/DC,Stock Shortage,Warehouse/DC,Stock Shortage,1099834381,,,12610047,,,325,3 CASE,0.0,1.0,0.0,0.0,0.0,0.0,0.0,0.0,0.0,0.0,0.0,28,Closed,>15 Days
4966450-20260205-132655,2026-05-02 13:26:00,2026-05-02,,South Branch,L5 IN Andhrapradesh 4,C749,4966450.0,Sri Nidhi Marketings,DC MISS MATCH,BI-Stock Shortages,Closed,INPRAKASMA1,2026-09-03 17:03:00,,Closed,GT Distributors,KKP Express,2026.0,2.0,Feb,2026-02,Q1,1.0,Closed,Warehouse Problem | Stock Shortage | Short or not-received quantity | Owner: Warehouse/DC,Stock Shortage,Warehouse/DC,Stock Shortage,,1036,,,,,755,1 CS,0.0,1.0,0.0,0.0,0.0,0.0,0.0,0.0,0.0,0.0,0.0,59,Closed,>15 Days
601559-20260205-174837,2026-05-02 17:48:00,2026-05-02,,South Branch,L5 IN Karnataka 3,B929,601559.0,Smruthi Sales,INVOICE NUMBER-938404940,BI-Stock Shortages,Closed,INPRAKASMA1,2026-02-26 13:57:52,,Closed,GT Distributors,Diptab Ventures Pvt ltd,2026.0,2.0,Feb,2026-02,Q1,1.0,Closed,Warehouse Problem | MRP / Price Mismatch | Billed versus received MRP mismatch | Owner: Warehouse/DC,MRP / Price Mismatch,Warehouse/DC,Stock Shortage; Stock Excess; MRP Mismatch,938404940,,,,,,115; 108,1 CS,0.0,1.0,0.0,1.0,1.0,0.0,0.0,0.0,0.0,0.0,0.0,59,Closed,>15 Days
601683-20260205-193440,2026-05-02 19:34:00,2026-05-02,,South Branch,L5 IN Hyderabad 2,2032,601683.0,Subham Agencies,TRANSPORT NAME - GLOVIS INDIA PVT LTD,BI-Stock Shortages,Closed,INPRAKASMA1,2026-04-23 19:51:03,,Closed,GT Distributors,Glovis India Private Limited,2026.0,2.0,Feb,2026-02,Q1,1.0,Closed,Other Problem | Transit Shortage | Shortage during transportation | Owner: Transporter/Logistics,Transit Shortage,Transporter/Logistics,Stock Shortage; Transit,1099831320,,,,,,,1 CS,1.0,1.0,0.0,0.0,0.0,0.0,0.0,0.0,0.0,0.0,0.0,59,Closed,>15 Days
6865552-20260205-123147,2026-05-02 12:31:00,2026-05-02,,South Branch,L5 IN Bangalore City 2,B929,6865552.0,Intelligent Retail Private Limited,inv no 938404760 dt 04/02/2026 prd code 13700511 prd name sunrise rs 5/- 1 cs short received,BI-Stock Shortages,Closed,INPRAKASMA1,2026-02-26 13:57:52,,Closed,GT Distributors,Diptab Ventures Pvt ltd,2026.0,2.0,Feb,2026-02,Q1,1.0,Closed,Warehouse Problem | Stock Shortage | Short or not-received quantity | Owner: Warehouse/DC,Stock Shortage,Warehouse/DC,Stock Shortage,938404760,,,,,,,1 CS,0.0,1.0,0.0,0.0,0.0,0.0,0.0,0.0,0.0,0.0,0.0,59,Closed,>15 Days
7083698-20260205-163141,2026-05-02 16:31:00,2026-05-02,,South Branch,L5 IN Bangalore City 2,B929,7083698.0,Intelligent Retail Private Limited,"We have received ""12958509"" - 'NESCAFE Sunrise Sac 96x50g NW NR3 IN', MRP-175, 1 cases shortage for Invoice# 938404946 dated 04/02/2026",BI-Stock Shortages,Closed,INPRAKASMA1,2026-02-26 13:57:52,,Closed,GT Distributors,KKP Express,2026.0,2.0,Feb,2026-02,Q1,1.0,Closed,Warehouse Problem | Stock Shortage | Short or not-received quantity | Owner: Warehouse/DC,Stock Shortage,Warehouse/DC,Stock Shortage,938404946,,,,,,175,1 CASES,0.0,1.0,0.0,0.0,0.0,0.0,0.0,0.0,0.0,0.0,0.0,59,Closed,>15 Days
7265306-20260205-140432,2026-05-02 14:04:00,2026-05-02,,South Branch,L5 IN Bangalore City 2,B929,7265306.0,V Enterprises,INTACT CARTON DAMAGE RECEIVED VIDE INVOICE NO938404257 01 EA NESCAFE RTD ICED LATTE 53217742AA,BI-Damages,Closed,INPRAKASMA1,2026-02-26 13:57:52,,Closed,GT Distributors,Unity 3PL Services Pvt Ltd,2026.0,2.0,Feb,2026-02,Q1,1.0,Closed,Warehouse Problem | Product Damage | Damaged stock at receipt | Owner: Warehouse/DC,Product Damage,Warehouse/DC,Damage,93840425701,,,,,,,01 EA,0.0,0.0,1.0,0.0,0.0,0.0,0.0,0.0,0.0,0.0,0.0,59,Closed,>15 Days
7265306-20260205-141420,2026-05-02 14:14:00,2026-05-02,,South Branch,L5 IN Bangalore City 2,0,7265306.0,V Enterprises,Not receiving invoice soft copy on mail from bangaloreDC.,BI-Any other,Closed,INPRAKASMA1,2026-02-26 13:57:52,,Not Related to DC,,,2026.0,2.0,Feb,2026-02,Q1,1.0,Closed,Other Problem | System / Document Delivery | Invoice soft copy not received by email | Owner: IT/SDS Support,System / Document Delivery,IT/SDS Support,System/Application; Invoice Email,,,,,,,,,0.0,0.0,0.0,0.0,0.0,0.0,0.0,0.0,0.0,0.0,0.0,59,Closed,>15 Days
7366995-20260205-130533,2026-05-02 13:05:00,2026-05-02,,South Branch,L5 IN Hyderabad 2,2032,7366995.0,Intelligent Retail Private Limited,INV DATE 04/02/2026,BI-Stock Shortages,Closed,INPRAKASMA1,2026-02-13 00:55:56,,Closed,GT Distributors,AVG Logistics Limited,2026.0,2.0,Feb,2026-02,Q1,1.0,Closed,Warehouse Problem | Stock Shortage | Short or not-received quantity | Owner: Warehouse/DC,Stock Shortage,Warehouse/DC,Stock Shortage,1099834050,NL01AE7114,,13718181,,60130454A1,,3 CASES,0.0,1.0,0.0,0.0,0.0,0.0,0.0,0.0,0.0,0.0,0.0,59,Closed,>15 Days
7402262-20260205-210806,2026-05-02 21:08:00,2026-05-02,,South Branch,L5 IN Tamil Nadu 4,B744,7402262.0,Gem Agency,MISSING STOCKS:,BI-Stock Shortages,Closed,INPRAKASMA1,2026-02-26 13:57:52,,Closed,GT Distributors,Chakradhara Aerospace And Cargo,2026.0,2.0,Feb,2026-02,Q1,1.0,Closed,Other Problem | Transit Shortage | Shortage during transportation | Owner: Transporter/Logistics,Transit Shortage,Transporter/Logistics,Stock Shortage; Transit,959144115; 112429,COPY,,13700501,SUNRISE SAC RS.10,,,02 CASES,1.0,1.0,0.0,0.0,0.0,0.0,0.0,0.0,0.0,0.0,0.0,59,Closed,>15 Days
4685760-20260204-114206,2026-04-02 11:42:00,2026-04-02,,South Branch,L5 IN Tamil Nadu 1,B744,4685760.0,Prem Agencies,"INV NO: 959157227, INV DATE: 02/02/2026, PROD CODE: 12602687, PROD. DESC. NESCAFE SUNRISE DAWN Jar 24x90g TN NR IN; QTY: 1cs,  MRP in Invoice: 360  Received in MRP: 320",BI-Any other,Closed,INPRAKASMA1,2026-02-13 00:55:56,,Closed,GT Distributors,Chakradhara Aerospace And Cargo,2026.0,2.0,Feb,2026-02,Q1,1.0,Closed,Warehouse Problem | MRP / Price Mismatch | Billed versus received MRP mismatch | Owner: Warehouse/DC,MRP / Price Mismatch,Warehouse/DC,MRP Mismatch,959157227,,,,,,320,1 CS,0.0,0.0,0.0,0.0,1.0,0.0,0.0,0.0,0.0,0.0,0.0,89,Closed,>15 Days
5622725-20260204-183940,2026-04-02 18:39:00,2026-04-02,,South Branch,L5 IN Andhrapradesh 3,2032,5622725.0,Sri Uma Maheswara Agencies,LR NUMBER : 779,BI-Stock Shortages,Closed,INPRAKASMA1,2026-02-13 00:55:56,,Closed,GT Distributors,Action Supply Chain Solutions,2026.0,2.0,Feb,2026-02,Q1,1.0,Closed,Other Problem | Promo / Scheme Fulfilment | Free stock is CD holding / ASM-managed scheme stock | Owner: Sales/ASM,Promo / Scheme Fulfilment,Sales/ASM,Promo Missing; Scheme Fulfilment,1099833745,NUMBER,,14118476,MUNCH CEREALS 216*19G MB CHOO 5/-OFFER STOCK WAS INVOICED BUT OFFER STOCK OF MB CHOO 5/- NOT RECEIVED FOR FOUR CASES,,,864 PCS,0.0,1.0,0.0,0.0,0.0,0.0,0.0,0.0,1.0,0.0,0.0,89,Closed,>15 Days
7083698-20260204-173353,2026-04-02 17:33:00,2026-04-02,,South Branch,L5 IN Bangalore City 2,B929,7083698.0,Intelligent Retail Private Limited,"We have received ""13680299"" - 'MAGGI 2-MINN Mas 16x450g PR Rs 4 Off IN', MRP-87, 1 cases shortage for Invoice# 938404396 dated 03/02/2026",BI-Stock Shortages,Closed,INPRAKASMA1,2026-02-26 13:57:52,,Closed,GT Distributors,KKP Express,2026.0,2.0,Feb,2026-02,Q1,1.0,Closed,Warehouse Problem | Stock Shortage | Short or not-received quantity | Owner: Warehouse/DC,Stock Shortage,Warehouse/DC,Stock Shortage,938404396,,,,,,87,1 CASES,0.0,1.0,0.0,0.0,0.0,0.0,0.0,0.0,0.0,0.0,0.0,89,Closed,>15 Days
7465624-20260204-113952,2026-04-02 11:39:00,2026-04-02,,South Branch,L5 IN Karnataka 3,B929,7465624.0,Sannidhi Agencies,regarding sec claims,BI-Any other,Closed,INPRAKASMA1,2026-02-26 13:57:52,,Not Related to DC-OID Issue,,,2026.0,2.0,Feb,2026-02,Q1,1.0,Closed,Other Problem | Claims / OID Process | SEC claim issue marked as OID/non-DC | Owner: Commercial/Claims,Claims / OID Process,Commercial/Claims,Claims; OID,,,,,,,,,0.0,0.0,0.0,0.0,0.0,0.0,0.0,0.0,0.0,0.0,0.0,89,Closed,>15 Days
600991-20260203-104125,2026-03-02 10:41:00,2026-03-02,,South Branch,L5 IN Tamil Nadu 3,B744,600991.0,Annapoorni Agencies,LR NO: 3000388043 INV NO: 959157441 DATE: 02.02.2026 BATCH NO: 60130454F1 10RS  MOOSHA ONE CASE SHORTAGE AND INV NO : 959157447 DATE : 02.02.2026 BATCH CODE: 60192814AA 10RS MAGGI  ONE CASE SHORTAGE  LR NO: 3000390226,BI-Stock Shortages,Closed,INPRAKASMA1,2026-02-13 00:55:56,,Closed,GT Distributors,Chakradhara Aerospace And Cargo,2026.0,2.0,Feb,2026-02,Q1,1.0,Closed,Warehouse Problem | Stock Shortage | Short or not-received quantity | Owner: Warehouse/DC,Stock Shortage,Warehouse/DC,Stock Shortage,959157441; 959157447,3000388043; 3000390226,,,,60130454F1; 60192814AA,,,0.0,1.0,0.0,0.0,0.0,0.0,0.0,0.0,0.0,0.0,0.0,120,Closed,>15 Days
601517-20260203-221809,2026-03-02 22:18:00,2026-03-02,,South Branch,L5 IN Chennai City 2,C749,601517.0,Selva Kamatchi Agencies,"DUE FOR NAN PRO 1 BIB TWO PCS,CERELAC STG1 WHEAT APPLE ZS ONE PC, INVOICE NO 974809557 ,974809550 DATE 2/2/26 LLR NO 30231 DATE 2/2/26 DRIVER NAME UMAPARATHI MOBIL NO 8610367112",BI-Stock Shortages,Closed,INPRAKASMA1,2026-09-03 17:03:00,,Closed,GT Distributors,Sakthi Jayavel Motors,2026.0,2.0,Feb,2026-02,Q1,1.0,Closed,Other Problem | Transit Shortage | Shortage during transportation | Owner: Transporter/Logistics,Transit Shortage,Transporter/Logistics,Stock Shortage; Transit,974809557,,,,,,,,1.0,1.0,0.0,0.0,0.0,0.0,0.0,0.0,0.0,0.0,0.0,120,Closed,>15 Days
601713-20260203-174155,2026-03-02 17:41:00,2026-03-02,,South Branch,L5 IN Andhrapradesh 4,C749,601713.0,Tadikonda Koteswara Rao &Company,CERELAC APPLE CHERRY 290/-(MRP) 2 CS SHORTAGE FROM CHENNAI DC...,BI-Stock Shortages,Closed,INPRAKASMA1,2026-09-03 17:03:00,,Closed,GT Distributors,KKP Express,2026.0,2.0,Feb,2026-02,Q1,1.0,Closed,Other Problem | Transit Shortage | Shortage during transportation | Owner: Transporter/Logistics,Transit Shortage,Transporter/Logistics,Stock Shortage; Transit,974809296,,TN13X4294,,,,,2 CS,1.0,1.0,0.0,0.0,0.0,0.0,0.0,0.0,0.0,0.0,0.0,120,Closed,>15 Days
601713-20260203-174719,2026-03-02 17:47:00,2026-03-02,,South Branch,L5 IN Andhrapradesh 4,C749,601713.0,Tadikonda Koteswara Rao &Company,NESTUM S1 RICE 175/-(MRP) 1CS AND MOOSHA 20/-(MRP) 1CS SHORTAGE FROM CHENNAI DC...,BI-Stock Shortages,Closed,INPRAKASMA1,2026-09-03 17:03:00,,Closed,GT Distributors,KKP Express,2026.0,2.0,Feb,2026-02,Q1,1.0,Closed,Other Problem | Transit Shortage | Shortage during transportation | Owner: Transporter/Logistics,Transit Shortage,Transporter/Logistics,Stock Shortage; Transit,,1013,TN18BD2411,,,,,1 CS,1.0,1.0,0.0,0.0,0.0,0.0,0.0,0.0,0.0,0.0,0.0,120,Closed,>15 Days
724111-20260203-140834,2026-03-02 14:08:00,2026-03-02,,South Branch,L5 IN Karnataka 2,B929,724111.0,Munavalli Associates,NAN 1 TIN MRP 790/- 3 c/s INVOICED STOCK RECIVED NAN 1 TIN MRO 770/- 3c/s recived  invoiced no 9384043860 date 02/02/2026 Lr no A218461,BI-Batch Related Issues,Closed,INPRAKASMA1,2026-09-03 17:03:00,,Closed,GT Distributors,Diptab Ventures Pvt ltd,2026.0,2.0,Feb,2026-02,Q1,1.0,Closed,Warehouse Problem | Batch Mismatch | Billed versus received batch mismatch | Owner: Warehouse/DC,Batch Mismatch,Warehouse/DC,Batch Mismatch,,A218461; A218499,,,,,790,,0.0,0.0,0.0,0.0,0.0,0.0,1.0,0.0,0.0,0.0,0.0,120,Closed,>15 Days
7402251-20260203-182557,2026-03-02 18:25:00,2026-03-02,,South Branch,L5 IN Bangalore City 2,B929,7402251.0,Intelligent Retail Private Limited,INV No 938404320,BI-Stock Shortages,Closed,INPRAKASMA1,2026-09-03 17:03:00,,Closed,GT Distributors,Diptab Ventures Pvt ltd,2026.0,2.0,Feb,2026-02,Q1,1.0,Closed,Other Problem | Transit Shortage | Shortage during transportation | Owner: Transporter/Logistics,Transit Shortage,Transporter/Logistics,Stock Shortage; Transit,938404320,,,,,,30,2 CS,1.0,1.0,0.0,0.0,0.0,0.0,0.0,0.0,0.0,0.0,0.0,120,Closed,>15 Days
4796159-20260202-141114,2026-02-02 14:11:00,2026-02-02,,South Branch,L5 IN Tamil Nadu 2,B744,4796159.0,Surabi Agencies,"CD NAME : Surabi agencies Cd Code 4796159 Invoice No:959157098 ,Transport -J.P Transport Dt 01-02-2026",BI-Expiry / Bad Goods,Closed,INPRAKASMA1,2026-02-13 00:55:56,,Closed,GT Distributors,J P Transport,2026.0,2.0,Feb,2026-02,Q1,1.0,Closed,Warehouse Problem | Expiry / Short Expiry | Expired or insufficient shelf-life stock | Owner: Warehouse/DC,Expiry / Short Expiry,Warehouse/DC,Expiry; Commercial/Billing,959157098,,,12499557,Nescafe Sunrise Strong 12*5*200g - 1 case,50890452VA,1400,1 CASE,0.0,0.0,0.0,0.0,0.0,0.0,0.0,1.0,0.0,0.0,0.0,148,Closed,>15 Days
601086-20260202-134310,2026-02-02 13:43:00,2026-02-02,,South Branch,L5 IN Chennai Rural,C749,601086.0,Deva Trading Company,In a sealed case of maggi 75g--- 4 found shortage in the outlet by name  iyyappan maligai vide bill no 40839 dt 28.1.26 in Batch No.60060452BA . Outlet has sent  photos of the shortages which was forwarded to Sales Officer. request to issue a credit note for the same,BI-Any other,Closed,INPRAKASMA1,2026-09-03 17:03:00,,Closed,GT Distributors,Not Related to DC,2026.0,2.0,Feb,2026-02,Q1,1.0,Closed,Warehouse Problem | Stock Shortage | Short or not-received quantity | Owner: Warehouse/DC,Stock Shortage,Warehouse/DC,Stock Shortage; Commercial/Billing,,,,,,,,,0.0,1.0,0.0,0.0,0.0,0.0,0.0,0.0,0.0,0.0,0.0,148,Closed,>15 Days
601086-20260202-134512,2026-02-02 13:45:00,2026-02-02,,South Branch,L5 IN Chennai Rural,C749,601086.0,Deva Trading Company,In a sealed case of SURISE SAC 50G--- 5 found shortage in the outlet by name sri vijaya ganapathy store vide bill no 40825 dt 27.1.26 in Batch No.53610452WA . Outlet has sent  photos of the shortages which was forwarded to Sales Officer. request to issue a credit note for the same,BI-Any other,Closed,INPRAKASMA1,2026-09-03 17:03:00,,Closed,GT Distributors,Not Related to DC,2026.0,2.0,Feb,2026-02,Q1,1.0,Closed,Warehouse Problem | Stock Shortage | Short or not-received quantity | Owner: Warehouse/DC,Stock Shortage,Warehouse/DC,Stock Shortage; Commercial/Billing,,,,,,,,,0.0,1.0,0.0,0.0,0.0,0.0,0.0,0.0,0.0,0.0,0.0,148,Closed,>15 Days
601342-20260202-110600,2026-02-02 11:06:00,2026-02-02,,South Branch,L5 IN Bangalore City 2,B929,601342.0,Nikhil Enterprises,MAGGI  HOT & SWEET 24X500G  MRP 122.00,BI-Returns,Closed,INPRAKASMA1,2026-02-26 13:57:52,,Closed,GT Distributors,KKP Express,2026.0,2.0,Feb,2026-02,Q1,1.0,Closed,Other Problem | Transit Damage | Damage during transportation | Owner: Transporter/Logistics,Transit Damage,Transporter/Logistics,Damage; Transit,,NUMBER,,,,,122,1 CASE,1.0,0.0,1.0,0.0,0.0,0.0,0.0,0.0,0.0,0.0,0.0,148,Closed,>15 Days
601342-20260202-111028,2026-02-02 11:10:00,2026-02-02,,South Branch,L5 IN Bangalore City 2,B929,601342.0,Nikhil Enterprises,CERELAC  STAG 1 WHEAT APPLE 24X350G,BI-Damages,Closed,INPRAKASMA1,2026-02-26 13:57:52,,Closed,GT Distributors,KKP Express,2026.0,2.0,Feb,2026-02,Q1,1.0,Closed,Other Problem | Transit Damage | Damage during transportation | Owner: Transporter/Logistics,Transit Damage,Transporter/Logistics,Damage; Transit,938403977,NUMBER,,,,,265,265 CASE,1.0,0.0,1.0,0.0,0.0,0.0,0.0,0.0,0.0,0.0,0.0,148,Closed,>15 Days
7039866-20260202-130234,2026-02-02 13:02:00,2026-02-02,,South Branch,L5 IN Tamil Nadu 4,B929,7039866.0,Intelligent Retail Private Limited,"Dear Team,   ",BI-Stock Shortages,Closed,INPRAKASMA1,2026-02-26 13:57:52,,Closed,GT Distributors,KKP Express,2026.0,2.0,Feb,2026-02,Q1,1.0,Closed,Warehouse Problem | Stock Shortage | Short or not-received quantity | Owner: Warehouse/DC,Stock Shortage,Warehouse/DC,Stock Shortage,,,,12359021,SUNRISE EXTRA Sachet 12(5x200g) PR MB IN,,,,0.0,1.0,0.0,0.0,0.0,0.0,0.0,0.0,0.0,0.0,0.0,148,Closed,>15 Days
7291479-20260202-120429,2026-02-02 12:04:00,2026-02-02,,South Branch,L5 IN Hyderabad 2,2032,7291479.0,Pay One Retail Private Limited,We had received 30Cases Shortage Of Product- Maggi 75G,BI-Stock Shortages,Closed,INPRAKASMA1,2026-02-13 00:55:56,,Closed,GT Distributors,Glovis India Private Limited,2026.0,2.0,Feb,2026-02,Q1,1.0,Closed,Warehouse Problem | Stock Shortage | Short or not-received quantity | Owner: Warehouse/DC,Stock Shortage,Warehouse/DC,Stock Shortage,1099833228,129298,TS12UD1851,13679901,Maggi 2-MINN Masala 96*75g IN X244,60180455TA,,30 CASES; 300 CASES,0.0,1.0,0.0,0.0,0.0,0.0,0.0,0.0,0.0,0.0,0.0,148,Closed,>15 Days
7366995-20260202-141124,2026-02-02 14:11:00,2026-02-02,,South Branch,L5 IN Hyderabad 2,2032,7366995.0,Intelligent Retail Private Limited,INV  NUMBER 1099822425,BI-Stock Shortages,Closed,INPRAKASMA1,2026-02-13 00:55:56,,Closed,GT Distributors,Glovis India Private Limited,2026.0,2.0,Feb,2026-02,Q1,1.0,Closed,Warehouse Problem | Stock Shortage | Short or not-received quantity | Owner: Warehouse/DC,Stock Shortage,Warehouse/DC,Stock Shortage,1099822425,,,12595302,,52760455HA,,1 CASE,0.0,1.0,0.0,0.0,0.0,0.0,0.0,0.0,0.0,0.0,0.0,148,Closed,>15 Days
7366995-20260202-141740,2026-02-02 14:17:00,2026-02-02,,South Branch,L5 IN Hyderabad 2,2032,7366995.0,Intelligent Retail Private Limited,INV NUMBER 1099822425,BI-Stock Shortages,Closed,INPRAKASMA1,2026-02-13 00:55:56,,Closed,GT Distributors,Glovis India Private Limited,2026.0,2.0,Feb,2026-02,Q1,1.0,Closed,Other Problem | Transit Shortage | Shortage during transportation | Owner: Transporter/Logistics,Transit Shortage,Transporter/Logistics,Stock Shortage; Transit,1099822425,NO-TS,,12569170,,52860453J2,,,1.0,1.0,0.0,0.0,0.0,0.0,0.0,0.0,0.0,0.0,0.0,148,Closed,>15 Days
7366995-20260202-142238,2026-02-02 14:22:00,2026-02-02,,South Branch,L5 IN Hyderabad 2,2032,7366995.0,Intelligent Retail Private Limited,INV NUMBER -1099822420,BI-Stock Shortages,Closed,INPRAKASMA1,2026-02-13 00:55:56,,Closed,GT Distributors,Glovis India Private Limited,2026.0,2.0,Feb,2026-02,Q1,1.0,Closed,Other Problem | Transit Shortage | Shortage during transportation | Owner: Transporter/Logistics,Transit Shortage,Transporter/Logistics,Stock Shortage; Transit,1099822420,NO-TS,,12608321,,52690453A7,,3 CASES,1.0,1.0,0.0,0.0,0.0,0.0,0.0,0.0,0.0,0.0,0.0,148,Closed,>15 Days
7366995-20260202-142639,2026-02-02 14:26:00,2026-02-02,,South Branch,L5 IN Hyderabad 2,2032,7366995.0,Intelligent Retail Private Limited,INV NUMBER-1099822420,BI-Stock Shortages,Closed,INPRAKASMA1,2026-02-13 00:55:56,,Closed,GT Distributors,Glovis India Private Limited,2026.0,2.0,Feb,2026-02,Q1,1.0,Closed,Other Problem | Transit Shortage | Shortage during transportation | Owner: Transporter/Logistics,Transit Shortage,Transporter/Logistics,Stock Shortage; Transit,1099822420,BER-TS,,12608321,,52690453A7,,2 CASES,1.0,1.0,0.0,0.0,0.0,0.0,0.0,0.0,0.0,0.0,0.0,148,Closed,>15 Days
7366995-20260202-152625,2026-02-02 15:26:00,2026-02-02,,South Branch,L5 IN Hyderabad 2,2032,7366995.0,Intelligent Retail Private Limited,INV NUMBER-1099820872,BI-Stock Shortages,Closed,INPRAKASMA1,2026-02-13 00:55:56,,Closed,GT Distributors,Glovis India Private Limited,2026.0,2.0,Feb,2026-02,Q1,1.0,Closed,Other Problem | Transit Shortage | Shortage during transportation | Owner: Transporter/Logistics,Transit Shortage,Transporter/Logistics,Stock Shortage; Transit,1099820872,TS12U0209,,12606043,,52320451FB,,1 CASE,1.0,1.0,0.0,0.0,0.0,0.0,0.0,0.0,0.0,0.0,0.0,148,Closed,>15 Days
7369977-20260202-190055,2026-02-02 19:00:00,2026-02-02,,South Branch,L5 IN Hyderabad 2,2032,7369977.0,Sri Sudharshana Traders,"IN THE INV NO 1099832512 WE RECEIVED 1 CASE OF WHEAT APPLE 33G(NOT  FOR SALE) STOCK  IN PLACE OF MU FRT, 2 CASES OF 15RS MAGGI IN PLACE OF 30RS MAGGI AND RECEIVED 1 ACSE LACTOGEN 4 WITH MRP 435 BUT BILLED MRP IS 450",BI-Stock Shortages,Closed,INPRAKASMA1,2026-02-26 13:57:52,,Closed,GT Distributors,TCI Supply Chain Solutions (A Divn.,2026.0,2.0,Feb,2026-02,Q1,1.0,Closed,Other Problem | Transit / Logistics Other | Transport-related issue without clear subtype | Owner: Transporter/Logistics,Transit / Logistics Other,Transporter/Logistics,MRP Mismatch; Transit,1099832512,,,,,,435,1 CASE; 2 CASES,1.0,0.0,0.0,0.0,1.0,0.0,0.0,0.0,0.0,0.0,0.0,148,Closed,>15 Days
6975857-20260131-123658,2026-01-31 12:36:59,2026-01-31,,South Branch,L5 IN Hyderabad 2,2032,6975857.0,Sri Raghavendra Foods,"Dear Sir/Madam,",BI-Stock Shortages,Closed,INPRAKASMA1,2026-02-13 00:55:56,,Closed,GT Distributors,Not Related to DC,2026.0,1.0,Jan,2026-01,Q1,1.0,Closed,Other Problem | Promo / Scheme Fulfilment | Free stock is CD holding / ASM-managed scheme stock | Owner: Sales/ASM,Promo / Scheme Fulfilment,Sales/ASM,Promo Missing; Scheme Fulfilment,,,,,MUNCH Cereal PR MB Choo IN,14118476,,,0.0,1.0,0.0,0.0,0.0,0.0,0.0,0.0,1.0,0.0,0.0,150,Closed,>15 Days
7012481-20260131-124828,2026-01-31 12:48:29,2026-01-31,,South Branch,L5 IN Hyderabad 1,2032,7012481.0,S V Enterprises,INV-1099833568,BI-Stock Shortages,Closed,INPRAKASMA1,2026-02-26 13:57:52,,Closed,GT Distributors,Glovis India Private Limited,2026.0,1.0,Jan,2026-01,Q1,1.0,Closed,Warehouse Problem | Stock Shortage | Short or not-received quantity | Owner: Warehouse/DC,Stock Shortage,Warehouse/DC,Stock Shortage,1099833568,,TS12UE4063,,,,,3 CASES,0.0,1.0,0.0,0.0,0.0,0.0,0.0,0.0,0.0,0.0,0.0,150,Closed,>15 Days
7216265-20260131-175656,2026-01-31 17:56:56,2026-01-31,,South Branch,L5 IN Andhra Pradesh NP,2032,7216265.0,Right Angle Enterprises,12620350 KIT KAT CHUNKY MP16(12x40g) IN,BI-Stock Shortages,Closed,INPRAKASMA1,2026-02-13 00:55:56,,Closed,NP-Distributor,,2026.0,1.0,Jan,2026-01,Q1,1.0,Closed,Other Problem | Transit Shortage | Shortage during transportation | Owner: Transporter/Logistics,Transit Shortage,Transporter/Logistics,Stock Shortage; Transit,,,,,,,,12 PC,1.0,1.0,0.0,0.0,0.0,0.0,0.0,0.0,0.0,0.0,0.0,150,Closed,>15 Days
600985-20260130-164353,2026-01-30 16:43:53,2026-01-30,,South Branch,L5 IN Hyderabad 2,2032,600985.0,Amrutha Enterprises,Invoice Number ; 1099833367,BI-Stock Shortages,Closed,INPRAKASMA1,2026-02-26 13:57:52,,Closed,GT Distributors,Glovis India Private Limited,2026.0,1.0,Jan,2026-01,Q1,1.0,Closed,Warehouse Problem | Stock Shortage | Short or not-received quantity | Owner: Warehouse/DC,Stock Shortage,Warehouse/DC,Stock Shortage,1099833367,,,,,,,,0.0,1.0,0.0,0.0,0.0,0.0,0.0,0.0,0.0,0.0,0.0,151,Closed,>15 Days
600985-20260130-164828,2026-01-30 16:48:29,2026-01-30,,South Branch,L5 IN Hyderabad 2,2032,600985.0,Amrutha Enterprises,Invoice Number ; 1099833367,BI-Stock Shortages,Closed,INPRAKASMA1,2026-02-13 00:55:56,,Closed,GT Distributors,Glovis India Private Limited,2026.0,1.0,Jan,2026-01,Q1,1.0,Closed,Warehouse Problem | Stock Shortage | Short or not-received quantity | Owner: Warehouse/DC,Stock Shortage,Warehouse/DC,Stock Shortage,1099833367,34531599,TS08UJ7176,12518426,,,,1 PC,0.0,1.0,0.0,0.0,0.0,0.0,0.0,0.0,0.0,0.0,0.0,151,Closed,>15 Days
601004-20260130-113534,2026-01-30 11:35:35,2026-01-30,,South Branch,L5 IN Chennai City 1,C749,601004.0,Aswin Enterprises,INVOICE NO 974808556,BI-Stock Shortages,Closed,INPRAKASMA1,2026-10-04 00:17:00,,Closed,GT Distributors,Sakthi Jayavel Motors,2026.0,1.0,Jan,2026-01,Q1,1.0,Closed,Other Problem | Transit Shortage | Shortage during transportation | Owner: Transporter/Logistics,Transit Shortage,Transporter/Logistics,Stock Shortage; Transit,974808556,,TN18M5989,12602710,,60060452DB,170,,1.0,1.0,0.0,0.0,0.0,0.0,0.0,0.0,0.0,0.0,0.0,151,Closed,>15 Days
601004-20260130-113750,2026-01-30 11:37:51,2026-01-30,,South Branch,L5 IN Chennai City 1,C749,601004.0,Aswin Enterprises,INVOICE NO 974808981,BI-Stock Shortages,Closed,INPRAKASMA1,2026-09-03 17:03:00,,Closed,GT Distributors,Sakthi Jayavel Motors,2026.0,1.0,Jan,2026-01,Q1,1.0,Closed,Other Problem | Transit Shortage | Shortage during transportation | Owner: Transporter/Logistics,Transit Shortage,Transporter/Logistics,Stock Shortage; Transit,974808981,,,12516486; 12584920; 12608543,,60031530KB; 52760451ZA; 53109939EA,45; 145; 116,53109939 EA,1.0,1.0,0.0,0.0,0.0,0.0,0.0,0.0,0.0,0.0,0.0,151,Closed,>15 Days
601004-20260130-113849,2026-01-30 11:38:50,2026-01-30,,South Branch,L5 IN Chennai City 1,C749,601004.0,Aswin Enterprises,INVOICE NO 974808981,BI-Stock Shortages,Closed,INPRAKASMA1,2026-09-03 17:03:00,,Closed,GT Distributors,Sakthi Jayavel Motors,2026.0,1.0,Jan,2026-01,Q1,1.0,Closed,Other Problem | Transit Shortage | Shortage during transportation | Owner: Transporter/Logistics,Transit Shortage,Transporter/Logistics,Stock Shortage; Transit,974808981,,,12617902; 12553664,,52560454X2; 52510454X2,80; 40,,1.0,1.0,0.0,0.0,0.0,0.0,0.0,0.0,0.0,0.0,0.0,151,Closed,>15 Days
601086-20260130-132218,2026-01-30 13:22:18,2026-01-30,,South Branch,L5 IN Chennai Rural,C749,601086.0,Deva Trading Company,In a sealed case of Atta 24x290g--- 1 found shortage in the outlet by name selvi store vide bill no 40134 dt 2.1.26 in Batch No.5347045CA . Outlet has sent  photos of the shortages which was forwarded to Sales Officer. request to issue a credit note for the same,BI-Any other,Closed,INPRAKASMA1,2026-09-03 17:03:00,,Closed,GT Distributors,Not Related to DC,2026.0,1.0,Jan,2026-01,Q1,1.0,Closed,Warehouse Problem | Stock Shortage | Short or not-received quantity | Owner: Warehouse/DC,Stock Shortage,Warehouse/DC,Stock Shortage; Commercial/Billing,,,,,,,,,0.0,1.0,0.0,0.0,0.0,0.0,0.0,0.0,0.0,0.0,0.0,151,Closed,>15 Days
6852868-20260130-160237,2026-01-30 16:02:37,2026-01-30,,South Branch,L5 IN Andhra Pradesh NP,2032,6852868.0,18MILES,Order wrongly invoiced for MRP 1450 while delivered SKUs of MRP 1290. (4 Cases total),BI-Any other,Closed,INPRAKASMA1,2026-10-04 00:17:00,,Closed,NP-Distributor,TCI Supply Chain Solutions (A Divn.,2026.0,1.0,Jan,2026-01,Q1,1.0,Closed,Warehouse Problem | MRP / Price Mismatch | Billed versus received MRP mismatch | Owner: Warehouse/DC,MRP / Price Mismatch,Warehouse/DC,MRP Mismatch; Commercial/Billing,,,,,,,1450; 1290,4 CASES; 2 CASES,0.0,0.0,0.0,0.0,1.0,0.0,0.0,0.0,0.0,0.0,0.0,151,Closed,>15 Days
6960711-20260130-082806,2026-01-30 08:28:06,2026-01-30,,South Branch,L5 IN Andhrapradesh 4,C749,6960711.0,Tadepalli Eswararao Son,INV NO 974808858,BI-Any other,Closed,INPRAKASMA1,2026-02-13 00:55:56,,Closed,GT Distributors,KKP Express,2026.0,1.0,Jan,2026-01,Q1,1.0,Closed,Other Problem | Promo / Scheme Fulfilment | Free pieces managed by CD stock holding / ASM | Owner: Sales/ASM,Promo / Scheme Fulfilment,Sales/ASM,Promo Missing; Scheme Fulfilment,974808858,,,,,,,3 CASE,0.0,0.0,0.0,0.0,0.0,0.0,0.0,0.0,1.0,0.0,0.0,151,Closed,>15 Days
7402251-20260130-165910,2026-01-30 16:59:10,2026-01-30,,South Branch,L5 IN Bangalore City 2,B929,7402251.0,Intelligent Retail Private Limited,"We have received ""12585176"" - 'LACTOGEN PRO 3 BIB 24x400g INJE087 IN', MRP-450, 1 cases shortage for Invoice# 938402418 dated 25/01/2026",BI-Stock Shortages,Closed,INPRAKASMA1,2026-02-26 13:57:52,,Closed,GT Distributors,Diptab Ventures Pvt ltd,2026.0,1.0,Jan,2026-01,Q1,1.0,Closed,Warehouse Problem | Stock Shortage | Short or not-received quantity | Owner: Warehouse/DC,Stock Shortage,Warehouse/DC,Stock Shortage; Commercial/Billing,938402418,,,,,,450; 80,1 CASES,0.0,1.0,0.0,0.0,0.0,0.0,0.0,0.0,0.0,0.0,0.0,151,Closed,>15 Days
3650468-20260129-183130,2026-01-29 18:31:30,2026-01-29,,South Branch,L5 IN Bangalore City 1,B929,3650468.0,Global Distributors,INV.NO.938400164 DTD:17/01/2026 - PRODUCT CODE/BATCH CODE-13797726/53620452LA - HSN/SAC CODE - 09109100  - MAGGI MeM 16(2(60x6g) PR B5G1 N2 IN,BI-Stock Shortages,Closed,INPRAKASMA1,2026-02-26 13:57:52,,Closed,GT Distributors,KKP Express,2026.0,1.0,Jan,2026-01,Q1,1.0,Closed,Other Problem | Transit Shortage | Shortage during transportation | Owner: Transporter/Logistics,Transit Shortage,Transporter/Logistics,Stock Shortage; MRP Mismatch; Transit,,,,,,13797726,,,1.0,1.0,0.0,0.0,1.0,0.0,0.0,0.0,0.0,0.0,0.0,152,Closed,>15 Days
601014-20260129-130343,2026-01-29 13:03:43,2026-01-29,,South Branch,L5 IN Andhrapradesh 2,2032,601014.0,B Yemmaji Rao Sons,INV NO.1099833034 DATE 26/01/2026,BI-Stock Shortages,Closed,INPRAKASMA1,2026-02-13 00:55:56,,Closed,GT Distributors,TCI Supply Chain Solutions (A Divn.,2026.0,1.0,Jan,2026-01,Q1,1.0,Closed,Other Problem | Transit Shortage | Shortage during transportation | Owner: Transporter/Logistics,Transit Shortage,Transporter/Logistics,Stock Shortage; Transit,,,,,,,295,2 CASES,1.0,1.0,0.0,0.0,0.0,0.0,0.0,0.0,0.0,0.0,0.0,152,Closed,>15 Days
7206600-20260129-182851,2026-01-29 18:28:52,2026-01-29,,South Branch,L5 IN Andhrapradesh 2,2032,7206600.0,Sriram Enterprises,"LR No: 129279 of Glovis Dt: 26-01-2026 Vehicle AP29U7670 , Invoice No: 1099833052 Dt: 26-01-2026 1 case short of 12610047 - CERELAC STG4 Wheat Honey 24x300g WS IN MRP: 325.00",BI-Stock Shortages,Closed,INPRAKASMA1,2026-02-26 13:57:52,,Closed,GT Distributors,Glovis India Private Limited,2026.0,1.0,Jan,2026-01,Q1,1.0,Closed,Warehouse Problem | Stock Shortage | Short or not-received quantity | Owner: Warehouse/DC,Stock Shortage,Warehouse/DC,Stock Shortage,1099833052,129279,AP29U7670,,,,325,1 CASE,0.0,1.0,0.0,0.0,0.0,0.0,0.0,0.0,0.0,0.0,0.0,152,Closed,>15 Days
7463388-20260129-151026,2026-01-29 15:10:27,2026-01-29,,South Branch,L5 IN Tamil Nadu 5,B744,7463388.0,Deluxe Traders,1.INVOICE NO:959156222,BI-Stock Shortages,Closed,INPRAKASMA1,2026-02-13 00:55:56,,Closed,GT Distributors,KKP Express,2026.0,1.0,Jan,2026-01,Q1,1.0,Closed,Other Problem | Promo / Scheme Fulfilment | Free stock is CD holding / ASM-managed scheme stock | Owner: Sales/ASM,Promo / Scheme Fulfilment,Sales/ASM,Promo Missing; Scheme Fulfilment,959156222,,,14118476,MUNCH CEREAL PB MB CHOO,5356T246C,,,0.0,1.0,0.0,0.0,0.0,0.0,0.0,0.0,1.0,0.0,0.0,152,Closed,>15 Days
7463388-20260129-151228,2026-01-29 15:12:28,2026-01-29,,South Branch,L5 IN Tamil Nadu 5,B744,7463388.0,Deluxe Traders,1.INVOICE NO:959153114,BI-Stock Shortages,Closed,INPRAKASMA1,2026-02-13 00:55:56,,Closed,GT Distributors,Indian Express Cargo,2026.0,1.0,Jan,2026-01,Q1,1.0,Closed,Other Problem | Transit Shortage | Shortage during transportation | Owner: Transporter/Logistics,Transit Shortage,Transporter/Logistics,Stock Shortage; Transit,959153114,,,12608496; 13679901,MAGGI 150G; MAGGI 75G,53580452CF; 53640452BA,30; 15,57 CASE; 3 CASE; 128 CASE; 2 CASE,1.0,1.0,0.0,0.0,0.0,0.0,0.0,0.0,0.0,0.0,0.0,152,Closed,>15 Days
4766881-20260128-163822,2026-01-28 16:38:23,2026-01-28,,South Branch,L5 IN Hyderabad 2,2032,4766881.0,Balaji Agencies,"INVOICE NO.1099832886, 1099832885 DT 25.01.2026",BI-Stock Shortages,Closed,INPRAKASMA1,2026-02-26 13:57:52,,Closed,GT Distributors,Glovis India Private Limited,2026.0,1.0,Jan,2026-01,Q1,1.0,Closed,Warehouse Problem | MRP / Price Mismatch | Billed versus received MRP mismatch | Owner: Warehouse/DC,MRP / Price Mismatch,Warehouse/DC,Stock Shortage; MRP Mismatch,,,,,,,10,1 CASE,0.0,1.0,0.0,0.0,1.0,0.0,0.0,0.0,0.0,0.0,0.0,153,Closed,>15 Days
5444484-20260128-124659,2026-01-28 12:47:00,2026-01-28,,South Branch,L5 IN Tamil Nadu 5,B744,5444484.0,R J Swetha Agency,INV NO                 :               959156281,BI-Stock Shortages,Closed,INPRAKASMA1,2026-02-13 00:55:56,,Closed,GT Distributors,KKP Express,2026.0,1.0,Jan,2026-01,Q1,1.0,Closed,Other Problem | Transit Shortage | Shortage during transportation | Owner: Transporter/Logistics,Transit Shortage,Transporter/Logistics,Stock Shortage; Transit,959156281,,,12359021,SUNRISE EXTRA 12(5*200G),,,1 CS,1.0,1.0,0.0,0.0,0.0,0.0,0.0,0.0,0.0,0.0,0.0,153,Closed,>15 Days
5727250-20260128-175322,2026-01-28 17:53:23,2026-01-28,,South Branch,L5 IN Andhra Pradesh NP,2032,5727250.0,Yaswantth Enterprises,Product code:- 12685777,BI-Stock Shortages,Closed,INPRAKASMA1,2026-08-06 14:17:00,,Closed,NP-Distributor,Glovis India Private Limited,2026.0,1.0,Jan,2026-01,Q1,1.0,Closed,Other Problem | Transit Shortage | Shortage during transportation | Owner: Transporter/Logistics,Transit Shortage,Transporter/Logistics,Stock Shortage; Transit,,-70456,,,- Nescafe classic vend 12*500g N2IN,,,1 CS,1.0,1.0,0.0,0.0,0.0,0.0,0.0,0.0,0.0,0.0,0.0,153,Closed,>15 Days
6006337-20260128-135651,2026-01-28 13:56:51,2026-01-28,,South Branch,L5 IN Hyderabad 2,2032,6006337.0,Laxmi Prasanna Agencies,Free product with MUNCH Cereal 216x19g PR MB,BI-Stock Shortages,Closed,INPRAKASMA1,2026-02-13 00:55:56,,Closed,GT Distributors,Glovis India Private Limited,2026.0,1.0,Jan,2026-01,Q1,1.0,Closed,Warehouse Problem | Stock Shortage | Short or not-received quantity | Owner: Warehouse/DC,Stock Shortage,Warehouse/DC,Stock Shortage,,,,,,,,,0.0,1.0,0.0,0.0,0.0,0.0,0.0,0.0,0.0,0.0,0.0,153,Closed,>15 Days
601328-20260128-161928,2026-01-28 16:19:29,2026-01-28,,South Branch,L5 IN Karnataka 2,B929,601328.0,Narayan Keshappa Sindol,Inv No. 938402195 dated 24.01.2026,BI-Batch Related Issues,Closed,INPRAKASMA1,2026-02-26 13:57:52,,Closed,GT Distributors,AVG Logistics Limited,2026.0,1.0,Jan,2026-01,Q1,1.0,Closed,Warehouse Problem | MRP / Price Mismatch | Billed versus received MRP mismatch | Owner: Warehouse/DC,MRP / Price Mismatch,Warehouse/DC,MRP Mismatch; Wrong SKU,,,,,Maggi Sauce Nong 24X190gm,,80; 75,,0.0,0.0,0.0,0.0,1.0,1.0,0.0,0.0,0.0,0.0,0.0,153,Closed,>15 Days
7090083-20260128-092719,2026-01-28 09:27:20,2026-01-28,,South Branch,L5 IN Hyderabad 1,2032,7090083.0,SRI DATTA AGENCIES,Invoice no 1099832092  Date : 20/01/2026,BI-Excess Against Invoice Quantity,Closed,INPRAKASMA1,2026-02-26 13:57:52,,Closed,GT Distributors,TCI Supply Chain Solutions (A Divn.,2026.0,1.0,Jan,2026-01,Q1,1.0,Closed,Warehouse Problem | Stock Shortage | Short or not-received quantity | Owner: Warehouse/DC,Stock Shortage,Warehouse/DC,Stock Shortage,1099832092,,,,,,,,0.0,1.0,0.0,0.0,0.0,0.0,0.0,0.0,0.0,0.0,0.0,153,Closed,>15 Days
6852868-20260127-120147,2026-01-27 12:01:47,2026-01-27,,South Branch,L5 IN Andhra Pradesh NP,2032,6852868.0,18MILES,Milkybar Mould Rs. 20 SKU: The quantity ordered was 20 cases while only 19 cases have been delivered. Request you to please raise claim for the pending 1 case,BI-Stock Shortages,Closed,INPRAKASMA1,2026-10-04 00:17:00,,Closed,NP-Distributor,Smartship Logistics Private,2026.0,1.0,Jan,2026-01,Q1,1.0,Closed,Other Problem | Transit Shortage | Shortage during transportation | Owner: Transporter/Logistics,Transit Shortage,Transporter/Logistics,Stock Shortage; Transit,,,,5341C711AA,Milkybar Mould 16(24*24.5g) N1 IN,,,20 CASES; 19 CASES; 1 CASE,1.0,1.0,0.0,0.0,0.0,0.0,0.0,0.0,0.0,0.0,0.0,154,Closed,>15 Days
6852868-20260127-120439,2026-01-27 12:04:40,2026-01-27,,South Branch,L5 IN Andhra Pradesh NP,2032,6852868.0,18MILES,Iced Premix received: MRP 444 (Invoicing done for MRP 499 while stocks received with MRP 444). 2 cases have been returned to DC. Request you to raise a credit note for the same as the CD has placed order again due to shortage.,BI-Any other,Closed,INPRAKASMA1,2026-10-04 00:17:00,,Closed,NP-Distributor,Smartship Logistics Private,2026.0,1.0,Jan,2026-01,Q1,1.0,Closed,Warehouse Problem | MRP / Price Mismatch | Billed versus received MRP mismatch | Owner: Warehouse/DC,MRP / Price Mismatch,Warehouse/DC,Stock Shortage; MRP Mismatch; Commercial/Billing; Return,,,,524928141B,Iced Premix- 2 Cases,,444; 499,2 CASES,0.0,1.0,0.0,0.0,1.0,0.0,0.0,0.0,0.0,0.0,0.0,154,Closed,>15 Days
7093900-20260127-133140,2026-01-27 13:31:41,2026-01-27,,South Branch,L5 IN Chennai City 2,C749,7093900.0,Sri Swastik Agencies,INV NO- 974806649,BI-Stock Shortages,Closed,INPRAKASMA1,2026-09-03 17:03:00,,Closed,GT Distributors,CCI Logistics Limited,2026.0,1.0,Jan,2026-01,Q1,1.0,Closed,Other Problem | Transit Shortage | Shortage during transportation | Owner: Transporter/Logistics,Transit Shortage,Transporter/Logistics,Stock Shortage; Transit,974806649,,,,,,,1 CS,1.0,1.0,0.0,0.0,0.0,0.0,0.0,0.0,0.0,0.0,0.0,154,Closed,>15 Days
7347613-20260127-115507,2026-01-27 11:55:07,2026-01-27,,South Branch,L5 IN Karnataka 1,B929,7347613.0,I J ENTERPRISES,10 Case Short,BI-Stock Shortages,Closed,INPRAKASMA1,2026-02-26 13:57:52,,Closed,GT Distributors,Diptab Ventures Pvt ltd,2026.0,1.0,Jan,2026-01,Q1,1.0,Closed,Warehouse Problem | Stock Shortage | Short or not-received quantity | Owner: Warehouse/DC,Stock Shortage,Warehouse/DC,Stock Shortage,938402136,,,12603833,MAGGI TOM KET 24X190G,53510455HA,70,10 CASE,0.0,1.0,0.0,0.0,0.0,0.0,0.0,0.0,0.0,0.0,0.0,154,Closed,>15 Days
7402251-20260127-170011,2026-01-27 17:00:11,2026-01-27,,South Branch,L5 IN Bangalore City 2,B929,7402251.0,Intelligent Retail Private Limited,"We have received ""12585176"" - 'LACTOGEN PRO 3 BIB 24x400g INJE087 IN', MRP-450, 1 cases shortage for Invoice# 938402418 dated 25/01/2026",BI-Any other,Closed,INPRAKASMA1,2026-02-26 13:57:52,,Closed,GT Distributors,Diptab Ventures Pvt ltd,2026.0,1.0,Jan,2026-01,Q1,1.0,Closed,Warehouse Problem | Stock Shortage | Short or not-received quantity | Owner: Warehouse/DC,Stock Shortage,Warehouse/DC,Stock Shortage,938402418,,,,,,450; 80,1 CASES,0.0,1.0,0.0,0.0,0.0,0.0,0.0,0.0,0.0,0.0,0.0,154,Closed,>15 Days
7402251-20260127-171851,2026-01-27 17:18:51,2026-01-27,,South Branch,L5 IN Bangalore City 2,B929,7402251.0,Intelligent Retail Private Limited,"We have received ""12585176"" - 'LACTOGEN PRO 3 BIB 24x400g INJE087 IN', MRP-450 ,1 cases shortage for Invoice# 938402418 dated 25/01/2026",BI-Stock Shortages,Closed,INPRAKASMA1,2026-02-26 13:57:52,,Closed,GT Distributors,Diptab Ventures Pvt ltd,2026.0,1.0,Jan,2026-01,Q1,1.0,Closed,Warehouse Problem | Stock Shortage | Short or not-received quantity | Owner: Warehouse/DC,Stock Shortage,Warehouse/DC,Stock Shortage,938402418,,,,,,450; 80,1 CASES,0.0,1.0,0.0,0.0,0.0,0.0,0.0,0.0,0.0,0.0,0.0,154,Closed,>15 Days
600991-20260126-115228,2026-01-26 11:52:29,2026-01-26,,South Branch,L5 IN Tamil Nadu 3,B744,600991.0,Annapoorni Agencies,LR NO: 3000378555 INV NO : 959156050 BATCH CODE: 53600452DA  DATE: 24.01.2026 320RS 100G NESCAFE SUNRISE JAR THREE CASES RECEIVED STOCK BUT 2 PCS ONLY SHORTAGE,BI-Stock Shortages,Closed,INPRAKASMA1,2026-02-13 00:55:56,,Closed,GT Distributors,Delhi Punjab Roadlines,2026.0,1.0,Jan,2026-01,Q1,1.0,Closed,Other Problem | Transit Shortage | Shortage during transportation | Owner: Transporter/Logistics,Transit Shortage,Transporter/Logistics,Stock Shortage; Transit,959156050,3000378555,,,,53600452DA,,2 PCS,1.0,1.0,0.0,0.0,0.0,0.0,0.0,0.0,0.0,0.0,0.0,155,Closed,>15 Days
6204243-20260126-152342,2026-01-26 15:23:42,2026-01-26,,South Branch,L5 IN Karnataka Purina,B929,6204243.0,GM VENTURES,Damaged goods received from CFA,BI-Any other,Closed,INPRAKASMA1,2026-02-26 13:57:52,,Closed,Pet Food-Distributor,Diptab Ventures Pvt ltd,2026.0,1.0,Jan,2026-01,Q1,1.0,Closed,Other Problem | Transit Damage | Damage during transportation | Owner: Transporter/Logistics,Transit Damage,Transporter/Logistics,Damage; Transit,938391950,,KA52A5962,,proplan puppy starter  12 kg  -1 bag,,,,1.0,0.0,1.0,0.0,0.0,0.0,0.0,0.0,0.0,0.0,0.0,155,Closed,>15 Days
6235172-20260126-114010,2026-01-26 11:40:10,2026-01-26,,South Branch,L5 IN Tamil Nadu 5,B744,6235172.0,Kumar Associates,MUNCH - 5/ - 1 CS MISSING:,BI-Stock Shortages,Closed,INPRAKASMA1,2026-02-13 00:55:56,,Closed,GT Distributors,KKP Express,2026.0,1.0,Jan,2026-01,Q1,1.0,Closed,Other Problem | Transit Shortage | Shortage during transportation | Owner: Transporter/Logistics,Transit Shortage,Transporter/Logistics,Stock Shortage; Transit,959152765,,,13796954,,53620454P1,5,1 CS; 1 CASES,1.0,1.0,0.0,0.0,0.0,0.0,0.0,0.0,0.0,0.0,0.0,155,Closed,>15 Days
7039866-20260126-132940,2026-01-26 13:29:41,2026-01-26,,South Branch,L5 IN Tamil Nadu 4,B929,7039866.0,Intelligent Retail Private Limited,"Dear Team,   ",BI-Stock Shortages,Closed,INPRAKASMA1,2026-02-26 13:57:52,,Closed,GT Distributors,KKP Express,2026.0,1.0,Jan,2026-01,Q1,1.0,Closed,Warehouse Problem | Stock Shortage | Short or not-received quantity | Owner: Warehouse/DC,Stock Shortage,Warehouse/DC,Stock Shortage,,,,14118476,MUNCH Cereal 216x19g PR MB Choo IN,,,,0.0,1.0,0.0,0.0,0.0,0.0,0.0,0.0,0.0,0.0,0.0,155,Closed,>15 Days
7461710-20260126-143916,2026-01-26 14:39:17,2026-01-26,,South Branch,L5 IN Karnataka 3,B929,7461710.0,Sri Sapthagiri Consumers,INV NO: 938401415,BI-Stock Shortages,Closed,INPRAKASMA1,2026-02-26 13:57:52,,Closed,GT Distributors,Diptab Ventures Pvt ltd,2026.0,1.0,Jan,2026-01,Q1,1.0,Closed,Warehouse Problem | Stock Shortage | Short or not-received quantity | Owner: Warehouse/DC,Stock Shortage,Warehouse/DC,Stock Shortage; Promo Missing,938401415,A218673,,13680372,MAGGI 2-MINN MASALA 16x450G N1 IN,60042814TA; 60010452KA,,3 CASE,0.0,1.0,0.0,0.0,0.0,0.0,0.0,0.0,1.0,0.0,0.0,155,Closed,>15 Days
5811821-20260124-100012,2026-01-24 10:00:12,2026-01-24,,South Branch,L5 IN Tamil Nadu 1,B744,5811821.0,LR SWAMY AGENCIES,Child Pack not Invoiced,BI-Promo SKUs,Closed,INPRAKASMA1,2026-10-04 00:17:00,,Closed,GT Distributors,Delhi Punjab Roadlines,2026.0,1.0,Jan,2026-01,Q1,1.0,Closed,Other Problem | Promo / OBD Process | Free or child pack pending additional-quantity OBD | Owner: O2C/Commercial,Promo / OBD Process,O2C/Commercial,Promo Missing; OBD Process,,,,13797726,MAGGI MeM 16(2X60X6G) PRB5G1 N2 IN,,,1 CS,0.0,0.0,0.0,0.0,0.0,0.0,0.0,0.0,1.0,0.0,0.0,157,Closed,>15 Days
601258-20260124-093011,2026-01-24 09:30:12,2026-01-24,,South Branch,L5 IN Kerala 1,2040,601258.0,Lekshmi Enterprises,In the invoice number  1054168062 dated on 22/01/2026  maggi mas 450gm 6 cfc and nescafe iced frappe 1 cfc short.,BI-Stock Shortages,Closed,INPRAKASMA1,2026-02-13 00:55:56,,Closed,GT Distributors,BlueWave Supply Chain,2026.0,1.0,Jan,2026-01,Q1,1.0,Closed,Warehouse Problem | Stock Shortage | Short or not-received quantity | Owner: Warehouse/DC,Stock Shortage,Warehouse/DC,Stock Shortage,1054168062,,,,,,,,0.0,1.0,0.0,0.0,0.0,0.0,0.0,0.0,0.0,0.0,0.0,157,Closed,>15 Days
601383-20260124-105342,2026-01-24 10:53:43,2026-01-24,,South Branch,L5 IN Karnataka 2,B929,601383.0,Pavan Agencies,MRP MISSMATCH OF STOCK,BI-Any other,Closed,INPRAKASMA1,2026-02-26 13:57:52,,Closed,GT Distributors,Bharath Transport Company,2026.0,1.0,Jan,2026-01,Q1,1.0,Closed,Warehouse Problem | MRP / Price Mismatch | Billed versus received MRP mismatch | Owner: Warehouse/DC,MRP / Price Mismatch,Warehouse/DC,MRP Mismatch,,,,,- CERELAC STG 4MU Dal Veg 24x300g ZS IN,,,2 CASES,0.0,0.0,0.0,0.0,1.0,0.0,0.0,0.0,0.0,0.0,0.0,157,Closed,>15 Days
6077575-20260124-115342,2026-01-24 11:53:42,2026-01-24,,South Branch,L5 IN Andhra Pradesh Purina,2032,6077575.0,Blitzhaus Pet Mart.,LR NO 1578 INV 1099832535 DT 23.01.2026,BI-Damages,Closed,INPRAKASMA1,2026-02-13 00:55:56,,Closed,Pet Food-Distributor,Smartship Logistics Private,2026.0,1.0,Jan,2026-01,Q1,1.0,Closed,Other Problem | Transit Damage | Damage during transportation | Owner: Transporter/Logistics,Transit Damage,Transporter/Logistics,Damage; Transit,1099832535,1578,,,,,,1 PC,1.0,0.0,1.0,0.0,0.0,0.0,0.0,0.0,0.0,0.0,0.0,157,Closed,>15 Days
7083698-20260124-174404,2026-01-24 17:44:04,2026-01-24,,South Branch,L5 IN Bangalore City 2,B929,7083698.0,Intelligent Retail Private Limited,"We have received ""13689089"" - 'MAGGI H&S Sauce Doy 6(16x80g) IN', MRP-22, 10 cases shortage for Invoice# 938401986 dated 23/01/2026",BI-Stock Shortages,Closed,INPRAKASMA1,2026-02-26 13:57:52,,Closed,GT Distributors,Diptab Ventures Pvt ltd,2026.0,1.0,Jan,2026-01,Q1,1.0,Closed,Warehouse Problem | Stock Shortage | Short or not-received quantity | Owner: Warehouse/DC,Stock Shortage,Warehouse/DC,Stock Shortage,938401986,,,,,,22,10 CASES,0.0,1.0,0.0,0.0,0.0,0.0,0.0,0.0,0.0,0.0,0.0,157,Closed,>15 Days
7459087-20260124-163518,2026-01-24 16:35:18,2026-01-24,,South Branch,L5 IN Bangalore City 2,B929,7459087.0,Sima Agency,Invoice No.938402058 Dated: 24/01/2026,BI-Stock Shortages,Closed,INPRAKASMA1,2026-02-26 13:57:52,,Closed,GT Distributors,Diptab Ventures Pvt ltd,2026.0,1.0,Jan,2026-01,Q1,1.0,Closed,Other Problem | Transit Shortage | Shortage during transportation | Owner: Transporter/Logistics,Transit Shortage,Transporter/Logistics,Stock Shortage; Transit,,,,12586404,,53280455CB,168,,1.0,1.0,0.0,0.0,0.0,0.0,0.0,0.0,0.0,0.0,0.0,157,Closed,>15 Days
5533884-20260123-181745,2026-01-23 18:17:45,2026-01-23,,South Branch,L5 IN Hyderabad 1,2032,5533884.0,Shri Hanuman Agencies,product code 12606197,BI-Stock Shortages,Closed,INPRAKASMA1,2026-08-06 14:17:00,,Closed,GT Distributors,Glovis India Private Limited,2026.0,1.0,Jan,2026-01,Q1,1.0,Closed,Warehouse Problem | Stock Shortage | Short or not-received quantity | Owner: Warehouse/DC,Stock Shortage,Warehouse/DC,Stock Shortage,1099832489,,,12606197,,53180452DA,235,2 CASE,0.0,1.0,0.0,0.0,0.0,0.0,0.0,0.0,0.0,0.0,0.0,158,Closed,>15 Days
600985-20260123-141004,2026-01-23 14:10:05,2026-01-23,,South Branch,L5 IN Hyderabad 2,2032,600985.0,Amrutha Enterprises,Invoice Number ; 1099828709 / invoice date ;01/01/2026,BI-Damages,Closed,INPRAKASMA1,2026-02-13 00:55:56,,Closed,GT Distributors,TCI Supply Chain Solutions (A Divn.,2026.0,1.0,Jan,2026-01,Q1,1.0,Closed,Other Problem | Transit Damage | Damage during transportation | Owner: Transporter/Logistics,Transit Damage,Transporter/Logistics,Damage; Transit,1099828709,34531233,TS12UC5012,,,,1250,1 PCS,1.0,0.0,1.0,0.0,0.0,0.0,0.0,0.0,0.0,0.0,0.0,158,Closed,>15 Days
600985-20260123-141635,2026-01-23 14:16:36,2026-01-23,,South Branch,L5 IN Hyderabad 2,2032,600985.0,Amrutha Enterprises,Invoice Number ;1099829151 / invoice date ;02/01/2026,BI-Stock Shortages,Closed,INPRAKASMA1,2026-02-26 13:57:52,,Closed,GT Distributors,TCI Supply Chain Solutions (A Divn.,2026.0,1.0,Jan,2026-01,Q1,1.0,Closed,Warehouse Problem | Stock Shortage | Short or not-received quantity | Owner: Warehouse/DC,Stock Shortage,Warehouse/DC,Stock Shortage,1099829151,34531243,TS08UJ7176,,,,295,1 CASES,0.0,1.0,0.0,0.0,0.0,0.0,0.0,0.0,0.0,0.0,0.0,158,Closed,>15 Days
600985-20260123-142139,2026-01-23 14:21:39,2026-01-23,,South Branch,L5 IN Hyderabad 2,2032,600985.0,Amrutha Enterprises,Invoice Number 1099830664,BI-Stock Shortages,Closed,INPRAKASMA1,2026-02-26 13:57:52,,Closed,GT Distributors,TCI Supply Chain Solutions (A Divn.,2026.0,1.0,Jan,2026-01,Q1,1.0,Closed,Warehouse Problem | Stock Shortage | Short or not-received quantity | Owner: Warehouse/DC,Stock Shortage,Warehouse/DC,Stock Shortage,1099830664; 1099830666,,,,,,70; 23,1 CASE; 3 CASES,0.0,1.0,0.0,0.0,0.0,0.0,0.0,0.0,0.0,0.0,0.0,158,Closed,>15 Days
601086-20260123-173530,2026-01-23 17:35:31,2026-01-23,,South Branch,L5 IN Chennai Rural,C749,601086.0,Deva Trading Company,In a sealed case of SUNRISE 30(48x7.6g) ---3 bags (144 pcs) found shortage in the outlet by name DAILY NEEDS vide bill no 40581 dt 19.1.26 in Batch No.53506763MA . Outlet has sent  photos of the shortages which was forwarded to Sales Officer. request to issue a credit note for the same,BI-Stock Shortages,Closed,INPRAKASMA1,2026-09-03 17:03:00,,Closed,GT Distributors,Not Related to DC,2026.0,1.0,Jan,2026-01,Q1,1.0,Closed,Warehouse Problem | Stock Shortage | Short or not-received quantity | Owner: Warehouse/DC,Stock Shortage,Warehouse/DC,Stock Shortage; Commercial/Billing,,,,,,,,144 PCS,0.0,1.0,0.0,0.0,0.0,0.0,0.0,0.0,0.0,0.0,0.0,158,Closed,>15 Days
6261280-20260123-104455,2026-01-23 10:44:55,2026-01-23,,South Branch,L5 IN Tamil Nadu 1,B744,6261280.0,Visalakshi Communication,"TRANSIT SHORTAGE-12559605-PAZZSTA TOMATO 32RS-2CS,12601932-CER APPLE CRT-1CS,13776790-MOOSHA-10RS-CS. STOCK SHORTTAGE",BI-Stock Shortages,Closed,INPRAKASMA1,2026-02-13 00:55:56,,Closed,GT Distributors,Transit Shortage,2026.0,1.0,Jan,2026-01,Q1,1.0,Closed,Other Problem | Transit Shortage | Shortage during transportation | Owner: Transporter/Logistics,Transit Shortage,Transporter/Logistics,Stock Shortage; Transit,,,,,,,,2 CS; 1 CS,1.0,1.0,0.0,0.0,0.0,0.0,0.0,0.0,0.0,0.0,0.0,158,Closed,>15 Days
7209153-20260123-144603,2026-01-23 14:46:04,2026-01-23,,South Branch,L5 IN Hyderabad 2,2032,7209153.0,Vinayak Agencies,"INVOICE NO 1099832415 DATED 22.01.2026 LACTOZEN 3 MRP 450 2 CASES NOT RECIVED VALUE 18679 ,VEHICLE NO 1924V5296 DRIVER AKBAR 9395789616",BI-Stock Shortages,Closed,INPRAKASMA1,2026-02-13 00:55:56,,Closed,GT Distributors,Glovis India Private Limited,2026.0,1.0,Jan,2026-01,Q1,1.0,Closed,Other Problem | Transit Shortage | Shortage during transportation | Owner: Transporter/Logistics,Transit Shortage,Transporter/Logistics,Stock Shortage; Transit,1099832415,,1924V5296,,,,450,2 CASES,1.0,1.0,0.0,0.0,0.0,0.0,0.0,0.0,0.0,0.0,0.0,158,Closed,>15 Days
7291479-20260123-132038,2026-01-23 13:20:38,2026-01-23,,South Branch,L5 IN Hyderabad 2,2032,7291479.0,Pay One Retail Private Limited,We Received MRP interchanged Of Following Items:,BI-Any other,Closed,INPRAKASMA1,2026-02-13 00:55:56,,Closed,GT Distributors,TCI Supply Chain Solutions (A Divn.,2026.0,1.0,Jan,2026-01,Q1,1.0,Closed,Warehouse Problem | MRP / Price Mismatch | Billed versus received MRP mismatch | Owner: Warehouse/DC,MRP / Price Mismatch,Warehouse/DC,MRP Mismatch; Wrong SKU,1099828838,,TS24TA1960,12601907; 12601931; 12607972,CERELAC STG2 Whe App Chry ZS 24x350g IN,52520451DB; 52310453A7; 52540453A8,260; 275; 325,260 CASES; 275 CASES; 325 CASES,0.0,0.0,0.0,0.0,1.0,1.0,0.0,0.0,0.0,0.0,0.0,158,Closed,>15 Days
7291479-20260123-133547,2026-01-23 13:35:48,2026-01-23,,South Branch,L5 IN Hyderabad 2,2032,7291479.0,Pay One Retail Private Limited,We Received MRP Interchanged Of Following Items:,BI-Batch Related Issues,Closed,INPRAKASMA1,2026-02-13 00:55:56,,Closed,GT Distributors,TCI Supply Chain Solutions (A Divn.,2026.0,1.0,Jan,2026-01,Q1,1.0,Closed,Warehouse Problem | MRP / Price Mismatch | Billed versus received MRP mismatch | Owner: Warehouse/DC,MRP / Price Mismatch,Warehouse/DC,MRP Mismatch; Wrong SKU,1099828838,,TS24TA1960,12601755; 12602711; 12609885,MAGGI HOT & SWEET 12x1Kg N1 IN,53430455HA; 52600452CB; 52260453A7,178; 699; 339,,0.0,0.0,0.0,0.0,1.0,1.0,0.0,0.0,0.0,0.0,0.0,158,Closed,>15 Days
1081682-20260122-131456,2026-01-22 13:14:57,2026-01-22,,South Branch,L5 IN Andhrapradesh 4,2032,1081682.0,Sri Sai Vasavi Agencies,date 22/01/2026,BI-Stock Shortages,Closed,INPRAKASMA1,2026-02-13 00:55:56,,Closed,GT Distributors,Glovis India Private Limited,2026.0,1.0,Jan,2026-01,Q1,1.0,Closed,Warehouse Problem | Stock Shortage | Short or not-received quantity | Owner: Warehouse/DC,Stock Shortage,Warehouse/DC,Stock Shortage,1099832256,number,,12609760,,5113T246CB,20,,0.0,1.0,0.0,0.0,0.0,0.0,0.0,0.0,0.0,0.0,0.0,159,Closed,>15 Days
601738-20260122-153131,2026-01-22 15:31:31,2026-01-22,,South Branch,L5 IN Tamil Nadu 2,B744,601738.0,V.G.Rajamani Agencies (P) LTD,INV NO:959155443 DATED 21.01.2026,BI-Any other,Closed,INPRAKASMA1,2026-02-13 00:55:56,,Closed,GT Distributors,Tamilnadu Transport Company,2026.0,1.0,Jan,2026-01,Q1,1.0,Closed,Warehouse Problem | MRP / Price Mismatch | Billed versus received MRP mismatch | Owner: Warehouse/DC,MRP / Price Mismatch,Warehouse/DC,MRP Mismatch,959155443,,,12606782,,52010452CA,950; 870,1 CASE,0.0,0.0,0.0,0.0,1.0,0.0,0.0,0.0,0.0,0.0,0.0,159,Closed,>15 Days
601760-20260122-183915,2026-01-22 18:39:16,2026-01-22,,South Branch,L5 IN Tamil Nadu 3,B744,601760.0,Veerappa Chetty Agencies,"DEAR SIR/MADAM,",BI-Stock Shortages,Closed,INPRAKASMA1,2026-02-13 00:55:56,,Closed,GT Distributors,J P Transport,2026.0,1.0,Jan,2026-01,Q1,1.0,Closed,Warehouse Problem | Stock Shortage | Short or not-received quantity | Owner: Warehouse/DC,Stock Shortage,Warehouse/DC,Stock Shortage,959155315,,,,,,,,0.0,1.0,0.0,0.0,0.0,0.0,0.0,0.0,0.0,0.0,0.0,159,Closed,>15 Days
601761-20260122-172851,2026-01-22 17:28:51,2026-01-22,,South Branch,L5 IN Tamil Nadu 3,B744,601761.0,Veerappa Chetty Agencies,"DEAR SIR/MADAM,",BI-Stock Shortages,Closed,INPRAKASMA1,2026-02-13 00:55:56,,Closed,GT Distributors,KKP Express,2026.0,1.0,Jan,2026-01,Q1,1.0,Closed,Warehouse Problem | Stock Shortage | Short or not-received quantity | Owner: Warehouse/DC,Stock Shortage,Warehouse/DC,Stock Shortage,959155502,,,,,,,,0.0,1.0,0.0,0.0,0.0,0.0,0.0,0.0,0.0,0.0,0.0,159,Closed,>15 Days
6775174-20260122-122054,2026-01-22 12:20:55,2026-01-22,,South Branch,L5 IN Kerala 1,2040,6775174.0,Libra Consumables Private Limited,Invoice no:1054167876,BI-Any other,Closed,INPRAKASMA1,2026-02-13 00:55:56,,Closed,GT Distributors,BlueWave Supply Chain,2026.0,1.0,Jan,2026-01,Q1,1.0,Closed,Warehouse Problem | Stock Shortage | Short or not-received quantity | Owner: Warehouse/DC,Stock Shortage,Warehouse/DC,Stock Shortage; Damage,1054167876,,,,,,,1 CASE,0.0,1.0,1.0,0.0,0.0,0.0,0.0,0.0,0.0,0.0,0.0,159,Closed,>15 Days
7281254-20260122-123952,2026-01-22 12:39:52,2026-01-22,,South Branch,L5 IN Andhrapradesh 3,B929,7281254.0,Lalitha Agencies,"1)1BOX OF MAG2MINNM Mas320x35gSingle IN/bill no 938390489-dated 18/11/2025-2)1 pac(60 pics) of NESC SUNRISE Sac24(60x3.8g) 1 paket-LR NO-GC No-166 Transporter Name-KKP EXPRESS,Bangalore-driver Name Basvaraj,Mobile NO-9731875523",BI-Stock Shortages,Closed,INPRAKASMA1,2026-02-26 13:57:52,,Closed,GT Distributors,KKP Express,2026.0,1.0,Jan,2026-01,Q1,1.0,Closed,Warehouse Problem | Stock Shortage | Short or not-received quantity | Owner: Warehouse/DC,Stock Shortage,Warehouse/DC,Stock Shortage,,NO-GC,,,,,,1 BOX,0.0,1.0,0.0,0.0,0.0,0.0,0.0,0.0,0.0,0.0,0.0,159,Closed,>15 Days
7402251-20260122-163949,2026-01-22 16:39:49,2026-01-22,,South Branch,L5 IN Bangalore City 2,B929,7402251.0,Intelligent Retail Private Limited,"We have received ""12608496"" - 'MAGGI 2-MINN Masala 48x150g N1 IN', MRP-30, 3 cases shortage for Invoice# 938401405 dated 21/01/2026",BI-Stock Shortages,Closed,INPRAKASMA1,2026-02-26 13:57:52,,Closed,GT Distributors,KKP Express,2026.0,1.0,Jan,2026-01,Q1,1.0,Closed,Other Problem | Non-Warehouse Shortage | Warehouse dispatch verified; investigate transit/distributor | Owner: Transporter/Distributor,Non-Warehouse Shortage,Transporter/Distributor,Stock Shortage,938401405,,,,,,30; 58,3 CASES; 5 CASES,1.0,1.0,0.0,0.0,0.0,0.0,0.0,0.0,0.0,0.0,0.0,159,Closed,>15 Days
1996721-20260121-152812,2026-01-21 15:28:12,2026-01-21,,South Branch,L5 IN Tamil Nadu 5,B744,1996721.0,R P Agency,DATE: 20.01.2026,BI-Damages,Closed,INPRAKASMA1,2026-02-13 00:55:56,,Closed,GT Distributors,Delhi Punjab Roadlines,2026.0,1.0,Jan,2026-01,Q1,1.0,Closed,Other Problem | Transit Damage | Damage during transportation | Owner: Transporter/Logistics,Transit Damage,Transporter/Logistics,Damage; Transit,959154966; 959154964,,DAMAGES,,,,,1 PCS; 2 PCS,1.0,0.0,1.0,0.0,0.0,0.0,0.0,0.0,0.0,0.0,0.0,160,Closed,>15 Days
601004-20260121-160642,2026-01-21 16:06:43,2026-01-21,,South Branch,L5 IN Chennai City 1,C749,601004.0,Aswin Enterprises,INVOICE NO 974807420,BI-Stock Shortages,Closed,INPRAKASMA1,2026-09-03 17:03:00,,Closed,GT Distributors,Sakthi Jayavel Motors,2026.0,1.0,Jan,2026-01,Q1,1.0,Closed,Other Problem | Transit Shortage | Shortage during transportation | Owner: Transporter/Logistics,Transit Shortage,Transporter/Logistics,Stock Shortage; Transit,974807420,,TN22CC5692,12630272,,52220455KC,30,96 PCS,1.0,1.0,0.0,0.0,0.0,0.0,0.0,0.0,0.0,0.0,0.0,160,Closed,>15 Days
7083698-20260121-121255,2026-01-21 12:12:55,2026-01-21,,South Branch,L5 IN Bangalore City 2,B929,7083698.0,Intelligent Retail Private Limited,"We have received ""12572863"" - 'NESC GOLD Roastery Dk Rst Can 6x95g IN', MRP-890, 6 cases shortage for Invoice# 938399322 dated 14/01/2026",BI-Stock Shortages,Closed,INPRAKASMA1,2026-02-26 13:57:52,,Closed,GT Distributors,KKP Express,2026.0,1.0,Jan,2026-01,Q1,1.0,Closed,Warehouse Problem | Stock Shortage | Short or not-received quantity | Owner: Warehouse/DC,Stock Shortage,Warehouse/DC,Stock Shortage,938399322,,,,,,890,6 CASES,0.0,1.0,0.0,0.0,0.0,0.0,0.0,0.0,0.0,0.0,0.0,160,Closed,>15 Days
7083698-20260121-121548,2026-01-21 12:15:48,2026-01-21,,South Branch,L5 IN Bangalore City 2,B929,7083698.0,Intelligent Retail Private Limited,"We have received ""12572905"" - 'NESC GOLD Roastery Lt Rst Can 6x95g IN', MRP-890, 1 cases shortage for Invoice# 938400602 dated 18/01/2026",BI-Stock Shortages,Closed,INPRAKASMA1,2026-02-26 13:57:52,,Closed,GT Distributors,KKP Express,2026.0,1.0,Jan,2026-01,Q1,1.0,Closed,Warehouse Problem | Stock Shortage | Short or not-received quantity | Owner: Warehouse/DC,Stock Shortage,Warehouse/DC,Stock Shortage,938400602,,,,,,890,1 CASES,0.0,1.0,0.0,0.0,0.0,0.0,0.0,0.0,0.0,0.0,0.0,160,Closed,>15 Days
7083698-20260121-121640,2026-01-21 12:16:41,2026-01-21,,South Branch,L5 IN Bangalore City 2,B929,7083698.0,Intelligent Retail Private Limited,"We have received ""12572905"" - 'NESC GOLD Roastery Lt Rst Can 6x95g IN', MRP-890, 1 cases shortage for Invoice# 938400603 dated 18/01/2026",BI-Stock Shortages,Closed,INPRAKASMA1,2026-02-26 13:57:52,,Closed,GT Distributors,KKP Express,2026.0,1.0,Jan,2026-01,Q1,1.0,Closed,Warehouse Problem | Stock Shortage | Short or not-received quantity | Owner: Warehouse/DC,Stock Shortage,Warehouse/DC,Stock Shortage,938400603,,,,,,890,1 CASES,0.0,1.0,0.0,0.0,0.0,0.0,0.0,0.0,0.0,0.0,0.0,160,Closed,>15 Days
7083698-20260121-121726,2026-01-21 12:17:26,2026-01-21,,South Branch,L5 IN Bangalore City 2,B929,7083698.0,Intelligent Retail Private Limited,"We have received ""12572905"" - 'NESC GOLD Roastery Lt Rst Can 6x95g IN', MRP-890, 1 cases shortage for Invoice# 938400930 dated 20/01/2026",BI-Stock Shortages,Closed,INPRAKASMA1,2026-02-26 13:57:52,,Closed,GT Distributors,KKP Express,2026.0,1.0,Jan,2026-01,Q1,1.0,Closed,Warehouse Problem | Stock Shortage | Short or not-received quantity | Owner: Warehouse/DC,Stock Shortage,Warehouse/DC,Stock Shortage,938400930,,,,,,890,1 CASES,0.0,1.0,0.0,0.0,0.0,0.0,0.0,0.0,0.0,0.0,0.0,160,Closed,>15 Days
7369977-20260121-122525,2026-01-21 12:25:26,2026-01-21,,South Branch,L5 IN Hyderabad 2,2032,7369977.0,Sri Sudharshana Traders,for the inv -no 1099822163 dated on 7/11/25 we got 2 cases of damaged(rat bite) cereal choco fills by the dc. Till  now he issue haven't resolved by the corresponding person in the dc. we stopped the Lrs of the transport of next vehicles but the issues is not solved.,BI-Stock Shortages,Closed,INPRAKASMA1,2026-02-26 13:57:52,,Closed,GT Distributors,Glovis India Private Limited,2026.0,1.0,Jan,2026-01,Q1,1.0,Closed,Warehouse Problem | Product Damage | Damaged stock at receipt | Owner: Warehouse/DC,Product Damage,Warehouse/DC,Damage,,,,,,,,2 CASES,0.0,0.0,1.0,0.0,0.0,0.0,0.0,0.0,0.0,0.0,0.0,160,Closed,>15 Days
7369977-20260121-170257,2026-01-21 17:02:58,2026-01-21,,South Branch,L5 IN Hyderabad 2,D915,7369977.0,Sri Sudharshana Traders,"In the invoice no 1099822163 dated on 7/1/25 we received 2 damaged cases of munch choco fills i,e. rate bite cottons. We informed to the DC and we stopped the transport Lrs, till now they didn't exchanged the stock",BI-Stock Shortages,Closed,INPRAKASMA1,2026-02-26 13:57:52,,Duplicate OTR,,,2026.0,1.0,Jan,2026-01,Q1,1.0,Closed,Other Problem | Duplicate / Non-OTR | Duplicate or invalid OTR record | Owner: Process/System,Duplicate / Non-OTR,Process/System,Damage; Duplicate/Non-OTR,1099822163,,,,,,,,0.0,0.0,1.0,0.0,0.0,0.0,0.0,0.0,0.0,0.0,1.0,160,Closed,>15 Days
7369977-20260121-170849,2026-01-21 17:08:49,2026-01-21,,South Branch,L5 IN Hyderabad 2,2032,7369977.0,Sri Sudharshana Traders,in the inv no 1099820134 dated on 23/10/25 we received  1 case of maggi 15/- inplace of lactogen-2 case we informed to the dc till now  the issue  is not solved by the corresponding person in the dc,BI-Stock Shortages,Closed,INPRAKASMA1,2026-02-26 13:57:52,,Closed,GT Distributors,Glovis India Private Limited,2026.0,1.0,Jan,2026-01,Q1,1.0,Closed,Warehouse Problem | Stock Shortage | Short or not-received quantity | Owner: Warehouse/DC,Stock Shortage,Warehouse/DC,Stock Shortage,1099820134,,,,,,,1 CASE; 2 CASE,0.0,1.0,0.0,0.0,0.0,0.0,0.0,0.0,0.0,0.0,0.0,160,Closed,>15 Days
7369977-20260121-171902,2026-01-21 17:19:03,2026-01-21,,South Branch,L5 IN Hyderabad 2,2032,7369977.0,Sri Sudharshana Traders,in the inv no 1099828542 we received  1 case of 30/- maggi instead of 1 case of lactogen pro 1,BI-Stock Shortages,Closed,INPRAKASMA1,2026-02-26 13:57:52,,Closed,GT Distributors,Glovis India Private Limited,2026.0,1.0,Jan,2026-01,Q1,1.0,Closed,Warehouse Problem | Wrong SKU / Product | Wrong or interchanged material supplied | Owner: Warehouse/DC,Wrong SKU / Product,Warehouse/DC,Wrong SKU,1099828542,,,,,,,1 CASE,0.0,0.0,0.0,0.0,0.0,1.0,0.0,0.0,0.0,0.0,0.0,160,Closed,>15 Days
7369977-20260121-172458,2026-01-21 17:24:58,2026-01-21,,South Branch,L5 IN Hyderabad 2,2032,7369977.0,Sri Sudharshana Traders,in the inv no 1099827369 we received 1case of  everyday 10/- with opened case and  4 pieces less,BI-Stock Shortages,Closed,INPRAKASMA1,2026-02-26 13:57:52,,Closed,GT Distributors,Glovis India Private Limited,2026.0,1.0,Jan,2026-01,Q1,1.0,Closed,Warehouse Problem | Stock Shortage | Short or not-received quantity | Owner: Warehouse/DC,Stock Shortage,Warehouse/DC,Stock Shortage,1099827369,,,,,,,1 CASE; 4 PIECES,0.0,1.0,0.0,0.0,0.0,0.0,0.0,0.0,0.0,0.0,0.0,160,Closed,>15 Days
7459087-20260121-124200,2026-01-21 12:42:01,2026-01-21,,South Branch,L5 IN Bangalore City 2,B929,7459087.0,Sima Agency,Invoice No.938401067 Dated: 21/01/2026,BI-Stock Shortages,Closed,INPRAKASMA1,2026-02-26 13:57:52,,Closed,GT Distributors,KKP Express,2026.0,1.0,Jan,2026-01,Q1,1.0,Closed,Other Problem | Transit Shortage | Shortage during transportation | Owner: Transporter/Logistics,Transit Shortage,Transporter/Logistics,Stock Shortage; Transit,,,,12629157,,60070454B1,10,,1.0,1.0,0.0,0.0,0.0,0.0,0.0,0.0,0.0,0.0,0.0,160,Closed,>15 Days
7459087-20260121-124400,2026-01-21 12:44:01,2026-01-21,,South Branch,L5 IN Bangalore City 2,B929,7459087.0,Sima Agency,Invoice No.938401068 Dated: 21/01/2026,BI-Stock Shortages,Closed,INPRAKASMA1,2026-02-26 13:57:52,,Closed,GT Distributors,KKP Express,2026.0,1.0,Jan,2026-01,Q1,1.0,Closed,Other Problem | Transit Shortage | Shortage during transportation | Owner: Transporter/Logistics,Transit Shortage,Transporter/Logistics,Stock Shortage; Transit,,,,12559238,,52602814BA,100,,1.0,1.0,0.0,0.0,0.0,0.0,0.0,0.0,0.0,0.0,0.0,160,Closed,>15 Days
7486326-20260121-203809,2026-01-21 20:38:10,2026-01-21,,South Branch,L5 IN Tamil Nadu 4,B744,7486326.0,Sun Agencies,MISSING STOCK,BI-Stock Shortages,Closed,INPRAKASMA1,2026-02-13 00:55:56,,Closed,GT Distributors,Delhi Punjab Roadlines,2026.0,1.0,Jan,2026-01,Q1,1.0,Closed,Other Problem | Transit Shortage | Shortage during transportation | Owner: Transporter/Logistics,Transit Shortage,Transporter/Logistics,Stock Shortage; Transit,959151608,,,13796414,MUNCH TWIN BAR 12(42*19.6g),,,3 CASES,1.0,1.0,0.0,0.0,0.0,0.0,0.0,0.0,0.0,0.0,0.0,160,Closed,>15 Days
2583184-20260120-123124,2026-01-20 12:31:24,2026-01-20,,South Branch,L5 IN Tamil Nadu 5,B744,2583184.0,Varthini Marketing,Product Code  :  13680087,BI-Stock Shortages,Closed,INPRAKASMA1,2026-02-13 00:55:56,,Closed,GT Distributors,Transit Shortage,2026.0,1.0,Jan,2026-01,Q1,1.0,Closed,Other Problem | Transit Shortage | Shortage during transportation | Owner: Transporter/Logistics,Transit Shortage,Transporter/Logistics,Stock Shortage; Transit,,,,13680087,Maggi 300g,60069939CA,58,58 CASE; 1 CASE,1.0,1.0,0.0,0.0,0.0,0.0,0.0,0.0,0.0,0.0,0.0,161,Closed,>15 Days
5444484-20260120-132834,2026-01-20 13:28:35,2026-01-20,,South Branch,L5 IN Tamil Nadu 5,B744,5444484.0,R J Swetha Agency,PRODUCT CODE: 13632235,BI-Stock Shortages,Closed,INPRAKASMA1,2026-02-13 00:55:56,,Closed,GT Distributors,KKP Express,2026.0,1.0,Jan,2026-01,Q1,1.0,Closed,Other Problem | Transit Shortage | Shortage during transportation | Owner: Transporter/Logistics,Transit Shortage,Transporter/Logistics,Stock Shortage; Transit,959154423,,,13632235,LACTOGEN 2 (24*400G),60040453J1,,1 CS,1.0,1.0,0.0,0.0,0.0,0.0,0.0,0.0,0.0,0.0,0.0,161,Closed,>15 Days
5444484-20260120-134750,2026-01-20 13:47:51,2026-01-20,,South Branch,L5 IN Tamil Nadu 5,B744,5444484.0,R J Swetha Agency,PRODUCT CODE:  13678304,BI-Stock Shortages,Closed,INPRAKASMA1,2026-02-13 00:55:56,,Closed,GT Distributors,Chakradhara Aerospace And Cargo,2026.0,1.0,Jan,2026-01,Q1,1.0,Closed,Other Problem | Transit Shortage | Shortage during transportation | Owner: Transporter/Logistics,Transit Shortage,Transporter/Logistics,Stock Shortage; Transit,959147350,,,13678304,MAGGI SPEC MAS 24*300G,52802814BC,,1 CS,1.0,1.0,0.0,0.0,0.0,0.0,0.0,0.0,0.0,0.0,0.0,161,Closed,>15 Days
5622725-20260120-111031,2026-01-20 11:10:32,2026-01-20,,South Branch,L5 IN Andhrapradesh 3,2032,5622725.0,Sri Uma Maheswara Agencies,LR NUMBER : 129129,BI-Stock Shortages,Closed,INPRAKASMA1,2026-08-06 14:17:00,,Closed,GT Distributors,Glovis India Private Limited,2026.0,1.0,Jan,2026-01,Q1,1.0,Closed,Other Problem | Promo / OBD Process | Free or child pack pending additional-quantity OBD | Owner: O2C/Commercial,Promo / OBD Process,O2C/Commercial,Promo Missing; OBD Process,1099831596,129129,,137977726,MAGGI MEM 162(60-6G)PRB5G1,,,,0.0,1.0,0.0,0.0,0.0,0.0,0.0,0.0,1.0,0.0,0.0,161,Closed,>15 Days
5802282-20260120-121628,2026-01-20 12:16:28,2026-01-20,,South Branch,L5 IN Karnataka 1,B929,5802282.0,Shri Vinayaka Agencies,MRP CHANGES,BI-Any other,Closed,INPRAKASMA1,2026-02-26 13:57:52,,Closed,GT Distributors,KKP Express,2026.0,1.0,Jan,2026-01,Q1,1.0,Closed,Warehouse Problem | MRP / Price Mismatch | Billed versus received MRP mismatch | Owner: Warehouse/DC,MRP / Price Mismatch,Warehouse/DC,MRP Mismatch,938400586,4493,,12585137,LACTOGEN PRO 4 BIB 24x400g IN,53620453K1,450.00; 435.00,,0.0,0.0,0.0,0.0,1.0,0.0,0.0,0.0,0.0,0.0,0.0,161,Closed,>15 Days
601004-20260120-131042,2026-01-20 13:10:42,2026-01-20,,South Branch,L5 IN Chennai City 1,C749,601004.0,Aswin Enterprises,INVOICE NO 974806940,BI-Stock Shortages,Closed,INPRAKASMA1,2026-09-03 17:03:00,,Closed,GT Distributors,Sakthi Jayavel Motors,2026.0,1.0,Jan,2026-01,Q1,1.0,Closed,Other Problem | Transit Shortage | Shortage during transportation | Owner: Transporter/Logistics,Transit Shortage,Transporter/Logistics,Stock Shortage; Transit,974806940,,KA51C4377,13680206,,60030452CB,58,1 PCS,1.0,1.0,0.0,0.0,0.0,0.0,0.0,0.0,0.0,0.0,0.0,161,Closed,>15 Days
601004-20260120-131137,2026-01-20 13:11:38,2026-01-20,,South Branch,L5 IN Chennai City 1,C749,601004.0,Aswin Enterprises,INVOICE NO 974805803,BI-Stock Shortages,Closed,INPRAKASMA1,2026-09-03 17:03:00,,Closed,GT Distributors,CCI Logistics Limited,2026.0,1.0,Jan,2026-01,Q1,1.0,Closed,Warehouse Problem | Stock Shortage | Short or not-received quantity | Owner: Warehouse/DC,Stock Shortage,Warehouse/DC,Stock Shortage,974805803,,,12620326,,5340417615,80,,0.0,1.0,0.0,0.0,0.0,0.0,0.0,0.0,0.0,0.0,0.0,161,Closed,>15 Days
601004-20260120-131218,2026-01-20 13:12:18,2026-01-20,,South Branch,L5 IN Chennai City 1,C749,601004.0,Aswin Enterprises,INVOICE NO 974806966,BI-Stock Shortages,Closed,INPRAKASMA1,2026-09-03 17:03:00,,Closed,GT Distributors,Sakthi Jayavel Motors,2026.0,1.0,Jan,2026-01,Q1,1.0,Closed,Other Problem | Transit Shortage | Shortage during transportation | Owner: Transporter/Logistics,Transit Shortage,Transporter/Logistics,Stock Shortage; Transit,974806966,,KA51C4377,12610093,,52467742AB,80,60 PCS,1.0,1.0,0.0,0.0,0.0,0.0,0.0,0.0,0.0,0.0,0.0,161,Closed,>15 Days
601658-20260120-104014,2026-01-20 10:40:14,2026-01-20,,South Branch,L5 IN Andhrapradesh 2,2032,601658.0,Sri Venkateswara Marketing Services,PRODUCT CODE:12609760 MUNCH Cereal Choco Fills 144x30g IN one case shortage in invoice no 1099831789 date:19/01/2026 . GLOVIS INDIA PVT LTD.,BI-Stock Shortages,Closed,INPRAKASMA1,2026-08-06 14:17:00,,Closed,GT Distributors,Glovis India Private Limited,2026.0,1.0,Jan,2026-01,Q1,1.0,Closed,Warehouse Problem | Stock Shortage | Short or not-received quantity | Owner: Warehouse/DC,Stock Shortage,Warehouse/DC,Stock Shortage,1099831789,129148,,12609760,,,,,0.0,1.0,0.0,0.0,0.0,0.0,0.0,0.0,0.0,0.0,0.0,161,Closed,>15 Days
6754856-20260120-103243,2026-01-20 10:32:44,2026-01-20,,South Branch,L5 IN Chennai Rural,C749,6754856.0,Sadhmirra Private Limited,invoice number : 974807208,BI-Stock Shortages,Closed,INPRAKASMA1,2026-09-03 17:03:00,,Closed,GT Distributors,CCI Logistics Limited,2026.0,1.0,Jan,2026-01,Q1,1.0,Closed,Other Problem | Transit Shortage | Shortage during transportation | Owner: Transporter/Logistics,Transit Shortage,Transporter/Logistics,Stock Shortage; Transit,974807208,,,,,,1,1 CASES,1.0,1.0,0.0,0.0,0.0,0.0,0.0,0.0,0.0,0.0,0.0,161,Closed,>15 Days
6999039-20260120-190922,2026-01-20 19:09:22,2026-01-20,,South Branch,L5 IN Tamil Nadu 1,B744,6999039.0,A S Distributor,INV NO:959153285,BI-Stock Shortages,Closed,INPRAKASMA1,2026-02-13 00:55:56,,Closed,GT Distributors,KKP Express,2026.0,1.0,Jan,2026-01,Q1,1.0,Closed,Other Problem | Transit Shortage | Shortage during transportation | Owner: Transporter/Logistics,Transit Shortage,Transporter/Logistics,Stock Shortage; Transit,959153285,6055,,12584920,MILK MAID,,145,145 CASE; 1 CASE,1.0,1.0,0.0,0.0,0.0,0.0,0.0,0.0,0.0,0.0,0.0,161,Closed,>15 Days
7198893-20260120-134804,2026-01-20 13:48:05,2026-01-20,,South Branch,L5 IN Andhrapradesh 2,2032,7198893.0,Sri Lakshmi Srinivasa Distributors,Invoice NO-1099831406 Invoice Date-17/1/26,BI-Stock Shortages,Closed,INPRAKASMA1,2026-02-13 00:55:56,,Closed,GT Distributors,AVG Logistics Limited,2026.0,1.0,Jan,2026-01,Q1,1.0,Closed,Other Problem | Transit Shortage | Shortage during transportation | Owner: Transporter/Logistics,Transit Shortage,Transporter/Logistics,Stock Shortage; Transit,1099831406,,,13767984,,60051519GA,,1 CS,1.0,1.0,0.0,0.0,0.0,0.0,0.0,0.0,0.0,0.0,0.0,161,Closed,>15 Days
4808207-20260119-161513,2026-01-19 16:15:14,2026-01-19,,South Branch,L5 IN Karnataka NP,B929,4808207.0,PREMIER MARKETING AGENCIES,"1 piece of MILKMAID 380G CUT OPEN IN OPEN CASE ,",BI-Damages,Closed,INPRAKASMA1,2026-02-26 13:57:52,,Closed,NP-Distributor,Unity 3PL Services Pvt Ltd,2026.0,1.0,Jan,2026-01,Q1,1.0,Closed,Warehouse Problem | Product Damage | Damaged stock at receipt | Owner: Warehouse/DC,Product Damage,Warehouse/DC,Damage,938398177,,,,,,,1 PIECE,0.0,0.0,1.0,0.0,0.0,0.0,0.0,0.0,0.0,0.0,0.0,162,Closed,>15 Days
5533884-20260119-185425,2026-01-19 18:54:26,2026-01-19,,South Branch,L5 IN Hyderabad 1,2032,5533884.0,Shri Hanuman Agencies,product code 12585137,BI-Stock Shortages,Closed,INPRAKASMA1,2026-08-06 14:17:00,,Closed,GT Distributors,TCI Supply Chain Solutions (A Divn.,2026.0,1.0,Jan,2026-01,Q1,1.0,Closed,Warehouse Problem | Stock Shortage | Short or not-received quantity | Owner: Warehouse/DC,Stock Shortage,Warehouse/DC,Stock Shortage,1099831747,,,12585137,,52530453J1,490,3 CASE,0.0,1.0,0.0,0.0,0.0,0.0,0.0,0.0,0.0,0.0,0.0,162,Closed,>15 Days
601559-20260119-113122,2026-01-19 11:31:22,2026-01-19,,South Branch,L5 IN Karnataka 3,B929,601559.0,Smruthi Sales,INVOICE NO-938400346,BI-Stock Shortages,Closed,INPRAKASMA1,2026-02-26 13:57:52,,Closed,GT Distributors,Delhi Punjab Roadlines,2026.0,1.0,Jan,2026-01,Q1,1.0,Closed,Warehouse Problem | MRP / Price Mismatch | Billed versus received MRP mismatch | Owner: Warehouse/DC,MRP / Price Mismatch,Warehouse/DC,Stock Shortage; Stock Excess; MRP Mismatch,938400346,,,,,,,1 CS,0.0,1.0,0.0,1.0,1.0,0.0,0.0,0.0,0.0,0.0,0.0,162,Closed,>15 Days
601707-20260119-144218,2026-01-19 14:42:19,2026-01-19,,South Branch,L5 IN Hyderabad 1,2032,601707.0,Synergy Enterprises,INV NUM 1099831147  DT  14/01/2026 12967299 NESCAFE Sunrise Stabilo 36x190g APNR3 IN,BI-Stock Shortages,Closed,INPRAKASMA1,2026-10-04 00:17:00,,Closed,GT Distributors,Glovis India Private Limited,2026.0,1.0,Jan,2026-01,Q1,1.0,Closed,Warehouse Problem | Stock Shortage | Short or not-received quantity | Owner: Warehouse/DC,Stock Shortage,Warehouse/DC,Stock Shortage,1099831147; 1099831150,,,,,,699; 168,3 CS; 1 CS,0.0,1.0,0.0,0.0,0.0,0.0,0.0,0.0,0.0,0.0,0.0,162,Closed,>15 Days
601707-20260119-144541,2026-01-19 14:45:41,2026-01-19,,South Branch,L5 IN Hyderabad 1,2032,601707.0,Synergy Enterprises,INV NUM 1099830625   DT  10/01/2026  12586404 MAGGI Ntr-lcs Atta 16x435g RC 2 IN,BI-Stock Shortages,Closed,INPRAKASMA1,2026-10-04 00:17:00,,Closed,GT Distributors,Glovis India Private Limited,2026.0,1.0,Jan,2026-01,Q1,1.0,Closed,Warehouse Problem | Stock Shortage | Short or not-received quantity | Owner: Warehouse/DC,Stock Shortage,Warehouse/DC,Stock Shortage,1099830625,,,,,,168,1 CS,0.0,1.0,0.0,0.0,0.0,0.0,0.0,0.0,0.0,0.0,0.0,162,Closed,>15 Days
601707-20260119-144736,2026-01-19 14:47:36,2026-01-19,,South Branch,L5 IN Hyderabad 1,2032,601707.0,Synergy Enterprises,INV NUM 1099830399   DT  09/01/2026  12606197 NESCAFE CLASSIC Dawn Jar 30x45g NR IN,BI-Stock Shortages,Closed,INPRAKASMA1,2026-10-04 00:17:00,,Closed,GT Distributors,TCI Supply Chain Solutions (A Divn.,2026.0,1.0,Jan,2026-01,Q1,1.0,Closed,Warehouse Problem | Stock Shortage | Short or not-received quantity | Owner: Warehouse/DC,Stock Shortage,Warehouse/DC,Stock Shortage,1099830399,,,,,,235,2 CS,0.0,1.0,0.0,0.0,0.0,0.0,0.0,0.0,0.0,0.0,0.0,162,Closed,>15 Days
601707-20260119-144935,2026-01-19 14:49:35,2026-01-19,,South Branch,L5 IN Hyderabad 1,2032,601707.0,Synergy Enterprises,INV NUM 1099829858   DT 07/01/2026 12606197 NESCAFE CLASSIC Dawn Jar 30x45g NR IN,BI-Stock Shortages,Closed,INPRAKASMA1,2026-10-04 00:17:00,,Closed,GT Distributors,SF Logistics Private Limited,2026.0,1.0,Jan,2026-01,Q1,1.0,Closed,Warehouse Problem | Stock Shortage | Short or not-received quantity | Owner: Warehouse/DC,Stock Shortage,Warehouse/DC,Stock Shortage,1099829858,,,,,,235,1 CS,0.0,1.0,0.0,0.0,0.0,0.0,0.0,0.0,0.0,0.0,0.0,162,Closed,>15 Days
601707-20260119-145211,2026-01-19 14:52:12,2026-01-19,,South Branch,L5 IN Hyderabad 1,2032,601707.0,Synergy Enterprises,INV NUM  1099828890  DT  02/01/2026   12615905 NESCAFE CLASSIC Sachet 96x45g NR N1 IN,BI-Stock Shortages,Closed,INPRAKASMA1,2026-10-04 00:17:00,,Closed,GT Distributors,AVG Logistics Limited,2026.0,1.0,Jan,2026-01,Q1,1.0,Closed,Warehouse Problem | Stock Shortage | Short or not-received quantity | Owner: Warehouse/DC,Stock Shortage,Warehouse/DC,Stock Shortage,1099828890,,,,,,260,2 CS,0.0,1.0,0.0,0.0,0.0,0.0,0.0,0.0,0.0,0.0,0.0,162,Closed,>15 Days
601707-20260119-145351,2026-01-19 14:53:52,2026-01-19,,South Branch,L5 IN Hyderabad 1,2032,601707.0,Synergy Enterprises,INV NUM 1099828745  DT  01/01/2026   12499422 NESCAFE RTD Mochaccino 30x180ml IN,BI-Stock Shortages,Closed,INPRAKASMA1,2026-10-04 00:17:00,,Closed,GT Distributors,Unity 3PL Services Pvt Ltd,2026.0,1.0,Jan,2026-01,Q1,1.0,Closed,Warehouse Problem | Stock Shortage | Short or not-received quantity | Owner: Warehouse/DC,Stock Shortage,Warehouse/DC,Stock Shortage,1099828745,,,,,,45,2 CS,0.0,1.0,0.0,0.0,0.0,0.0,0.0,0.0,0.0,0.0,0.0,162,Closed,>15 Days
601738-20260119-165259,2026-01-19 16:53:00,2026-01-19,,South Branch,L5 IN Tamil Nadu 2,B744,601738.0,V.G.Rajamani Agencies (P) LTD,INV NO:959154405 DATED 17.01.2026,BI-Any other,Closed,INPRAKASMA1,2026-02-13 00:55:56,,Closed,GT Distributors,J P Transport,2026.0,1.0,Jan,2026-01,Q1,1.0,Closed,Warehouse Problem | MRP / Price Mismatch | Received MRP differs due to batch mix-up during loading | Owner: Warehouse/DC,MRP / Price Mismatch,Warehouse/DC,MRP Mismatch; Batch Mismatch,959154405,,,12606782,,51090452CC,920; 950,,0.0,0.0,0.0,0.0,1.0,0.0,1.0,0.0,0.0,0.0,0.0,162,Closed,>15 Days
601780-20260119-135330,2026-01-19 13:53:31,2026-01-19,,South Branch,L5 IN Hyderabad 1,2032,601780.0,Vijeta Enterprises,"INV NO : 1099831500, DATE:17-01-2026",BI-Stock Shortages,Closed,INPRAKASMA1,2026-02-13 00:55:56,,Closed,GT Distributors,Glovis India Private Limited,2026.0,1.0,Jan,2026-01,Q1,1.0,Closed,Warehouse Problem | MRP / Price Mismatch | Billed versus received MRP mismatch | Owner: Warehouse/DC,MRP / Price Mismatch,Warehouse/DC,MRP Mismatch,1099831500,,,,,,97; 60,4 CS; 1 CS; 2 CS; 24 CS; 53421530 EA; 53101530 EA; 11 CS; 7 CS,1.0,0.0,0.0,0.0,1.0,0.0,0.0,0.0,0.0,0.0,0.0,162,Closed,>15 Days
601780-20260119-135421,2026-01-19 13:54:21,2026-01-19,,South Branch,L5 IN Hyderabad 1,2032,601780.0,Vijeta Enterprises,"INV NO : 1099831500, DATE:17-01-2026",BI-Stock Shortages,Closed,INPRAKASMA1,2026-02-13 00:55:56,,Closed,GT Distributors,Glovis India Private Limited,2026.0,1.0,Jan,2026-01,Q1,1.0,Closed,Warehouse Problem | Stock Shortage | Short or not-received quantity | Owner: Warehouse/DC,Stock Shortage,Warehouse/DC,Stock Shortage,1099831500; 1099831499,,,,,,92; 68,10 CS; 9 CS; 1 CS; 25 CS; 24 CS,0.0,1.0,0.0,0.0,0.0,0.0,0.0,0.0,0.0,0.0,0.0,162,Closed,>15 Days
7347613-20260119-190835,2026-01-19 19:08:36,2026-01-19,,South Branch,L5 IN Karnataka 1,B929,7347613.0,I J ENTERPRISES,MRP INTERCHANGE,BI-Stock Shortages,Closed,INPRAKASMA1,2026-02-26 13:57:52,,Closed,GT Distributors,Diptab Ventures Pvt ltd,2026.0,1.0,Jan,2026-01,Q1,1.0,Closed,Warehouse Problem | MRP / Price Mismatch | Billed versus received MRP mismatch | Owner: Warehouse/DC,MRP / Price Mismatch,Warehouse/DC,Stock Shortage; MRP Mismatch; Wrong SKU,938400406,,,13762739,NESCAFE GOLD BLEND INT5 12X50G,,399; 449,1 CASE,0.0,1.0,0.0,0.0,1.0,1.0,0.0,0.0,0.0,0.0,0.0,162,Closed,>15 Days
7366995-20260119-114014,2026-01-19 11:40:14,2026-01-19,,South Branch,L5 IN Hyderabad 2,2032,7366995.0,Intelligent Retail Private Limited,INV NUMBER-1099830322,BI-Stock Shortages,Closed,INPRAKASMA1,2026-02-13 00:55:56,,Closed,GT Distributors,SF Logistics Private Limited,2026.0,1.0,Jan,2026-01,Q1,1.0,Closed,Warehouse Problem | Stock Shortage | Short or not-received quantity | Owner: Warehouse/DC,Stock Shortage,Warehouse/DC,Stock Shortage,1099830322,,,12609883,,53390453A8,,,0.0,1.0,0.0,0.0,0.0,0.0,0.0,0.0,0.0,0.0,0.0,162,Closed,>15 Days
7402251-20260119-172932,2026-01-19 17:29:33,2026-01-19,,South Branch,L5 IN Bangalore City 2,B929,7402251.0,Intelligent Retail Private Limited,"We have received ""12893346"" - 'NESCAFE Sunrise Dawn Jar 30x45g APNR3 IN', MRP-190, 1 cases shortage for Invoice# 938400518 dated 18/01/2026",BI-Stock Shortages,Closed,INPRAKASMA1,2026-02-26 13:57:52,,Closed,GT Distributors,KKP Express,2026.0,1.0,Jan,2026-01,Q1,1.0,Closed,Warehouse Problem | Stock Shortage | Short or not-received quantity | Owner: Warehouse/DC,Stock Shortage,Warehouse/DC,Stock Shortage,938400518,,,,,,190,1 CASES,0.0,1.0,0.0,0.0,0.0,0.0,0.0,0.0,0.0,0.0,0.0,162,Closed,>15 Days
601773-20260117-175202,2026-01-17 17:52:02,2026-01-17,,South Branch,L5 IN Hyderabad 2,2032,601773.0,Vijayalaxmi Agencies,"SIR,",BI-Stock Shortages,Closed,INPRAKASMA1,2026-02-13 00:55:56,,Closed,GT Distributors,TCI Supply Chain Solutions (A Divn.,2026.0,1.0,Jan,2026-01,Q1,1.0,Closed,Other Problem | Transit Shortage | Shortage during transportation | Owner: Transporter/Logistics,Transit Shortage,Transporter/Logistics,Stock Shortage; Transit,,,,,,,,,1.0,1.0,0.0,0.0,0.0,0.0,0.0,0.0,0.0,0.0,0.0,164,Closed,>15 Days
601785-20260117-110951,2026-01-17 11:09:51,2026-01-17,,South Branch,L5 IN Kerala 1,2040,601785.0,Vinod Agencies,invoice number:52830452,BI-Damages,Closed,INPRAKASMA1,2026-02-13 00:55:56,,Closed,GT Distributors,,2026.0,1.0,Jan,2026-01,Q1,1.0,Closed,Warehouse Problem | Product Damage | Damaged stock at receipt | Owner: Warehouse/DC,Product Damage,Warehouse/DC,Damage,52830452,,,12606755,NESCAFE CLASSIC Dawn Jar 12x180g NR IN,,870,,0.0,0.0,1.0,0.0,0.0,0.0,0.0,0.0,0.0,0.0,0.0,164,Closed,>15 Days
4766881-20260115-155323,2026-01-15 15:53:23,2026-01-15,,South Branch,L5 IN Hyderabad 2,2032,4766881.0,Balaji Agencies,MAGGI 58/- 1 CS SHORT RECIEVED IN INV NO 1099831230 DATE 14.01.2026 PRODUCT CODE 13680206 VEH TS12UA7564,BI-Stock Shortages,Closed,INPRAKASMA1,2026-02-26 13:57:52,,Closed,GT Distributors,TCI Supply Chain Solutions (A Divn.,2026.0,1.0,Jan,2026-01,Q1,1.0,Closed,Warehouse Problem | Stock Shortage | Short or not-received quantity | Owner: Warehouse/DC,Stock Shortage,Warehouse/DC,Stock Shortage,1099831230,,TS12UA7564,13680206,,,,1 CS,0.0,1.0,0.0,0.0,0.0,0.0,0.0,0.0,0.0,0.0,0.0,166,Closed,>15 Days
6775174-20260115-175740,2026-01-15 17:57:41,2026-01-15,,South Branch,L5 IN Kerala 1,2040,6775174.0,Libra Consumables Private Limited,INV NO-1054167284 14.01.26,BI-Stock Shortages,Closed,INPRAKASMA1,2026-02-13 00:55:56,,Closed,GT Distributors,BlueWave Supply Chain,2026.0,1.0,Jan,2026-01,Q1,1.0,Closed,Warehouse Problem | Stock Shortage | Short or not-received quantity | Owner: Warehouse/DC,Stock Shortage,Warehouse/DC,Stock Shortage,105000000000,,,,,,,1 CASE,0.0,1.0,0.0,0.0,0.0,0.0,0.0,0.0,0.0,0.0,0.0,166,Closed,>15 Days
7313829-20260115-130151,2026-01-15 13:01:51,2026-01-15,,South Branch,L5 IN Kerala 4,7793,7313829.0,Aspire Business Hub,"INVOICE NO- 1365352559, INVO DATE-13/01/2026",BI-Any other,Closed,INPRAKASMA1,2026-02-26 13:57:52,,Closed,GT Distributors,Caspian Shipping & Logistics,2026.0,1.0,Jan,2026-01,Q1,1.0,Closed,Warehouse Problem | Expiry / Short Expiry | Expired or insufficient shelf-life stock | Owner: Warehouse/DC,Expiry / Short Expiry,Warehouse/DC,MRP Mismatch; Expiry,1365352559,,,19023010,,,30,,0.0,0.0,0.0,0.0,1.0,0.0,0.0,1.0,0.0,0.0,0.0,166,Closed,>15 Days
601620-20260114-122630,2026-01-14 12:26:30,2026-01-14,,South Branch,L5 IN Andhrapradesh 3,2032,601620.0,Sri Padmavathi Venkata Ramana Traders,IN INV NO 1099830645 MAGGI 2-MIN Spicy Garlic 24x248g  92RS ONE CASE TRANSPORT DAMAGE .LR NO 129057,BI-Stock Shortages,Closed,INPRAKASMA1,2026-02-13 00:55:56,,Closed,GT Distributors,Glovis India Private Limited,2026.0,1.0,Jan,2026-01,Q1,1.0,Closed,Other Problem | Transit Damage | Damage during transportation | Owner: Transporter/Logistics,Transit Damage,Transporter/Logistics,Damage; Transit,1099830645,129057,,,,,,,1.0,0.0,1.0,0.0,0.0,0.0,0.0,0.0,0.0,0.0,0.0,167,Closed,>15 Days
601771-20260114-113454,2026-01-14 11:34:54,2026-01-14,,South Branch,L5 IN Hyderabad 2,2032,601771.0,Vijay Enterprises,1). NAN PRO4 FU Form BIB 24x400g INJE097-! IN,BI-Any other,Closed,INPRAKASMA1,2026-02-13 00:55:56,,Not Related to DC,,,2026.0,1.0,Jan,2026-01,Q1,1.0,Closed,Other Problem | Return / Replacement | Return or replacement request | Owner: Customer Service/Commercial,Return / Replacement,Customer Service/Commercial,Return,,,,12578183,,53530453K2,,,0.0,0.0,0.0,0.0,0.0,0.0,0.0,0.0,0.0,0.0,0.0,167,Closed,>15 Days
601771-20260114-114434,2026-01-14 11:44:35,2026-01-14,,South Branch,L5 IN Hyderabad 2,2032,601771.0,Vijay Enterprises,"NESC SUNRISE Sac 30(156X1.3g) TPBLR IN,",BI-Any other,Closed,INPRAKASMA1,2026-02-13 00:55:56,,Not Related to DC,,,2026.0,1.0,Jan,2026-01,Q1,1.0,Closed,Other Problem | Return / Replacement | Return or replacement request | Owner: Customer Service/Commercial,Return / Replacement,Customer Service/Commercial,Return,,,,,,53470452PA,,6 CASE; 10 CASE,0.0,0.0,0.0,0.0,0.0,0.0,0.0,0.0,0.0,0.0,0.0,167,Closed,>15 Days
7083698-20260114-180124,2026-01-14 18:01:24,2026-01-14,,South Branch,L5 IN Bangalore City 2,B929,7083698.0,Intelligent Retail Private Limited,"We have received ""12606106"" - 'NESCAFE CLASSIC Dawn Jar 24x90g NR IN', MRP-445, 5 Pc damage for Invoice# 938397773 dated 08/01/2026",BI-Damages,Closed,INPRAKASMA1,2026-02-26 13:57:52,,Closed,GT Distributors,KKP Express,2026.0,1.0,Jan,2026-01,Q1,1.0,Closed,Warehouse Problem | Product Damage | Damaged stock at receipt | Owner: Warehouse/DC,Product Damage,Warehouse/DC,Damage,938397773,,,,,,445,5 PC,0.0,0.0,1.0,0.0,0.0,0.0,0.0,0.0,0.0,0.0,0.0,167,Closed,>15 Days
6077575-20260113-115610,2026-01-13 11:56:11,2026-01-13,,South Branch,L5 IN Andhra Pradesh Purina,2032,6077575.0,Blitzhaus Pet Mart.,"INV 1099830617, 1099830618  DT 10.01.2026",BI-Stock Shortages,Closed,INPRAKASMA1,2026-02-13 00:55:56,,Closed,Pet Food-Distributor,Glovis India Private Limited,2026.0,1.0,Jan,2026-01,Q1,1.0,Closed,Warehouse Problem | Expiry / Short Expiry | Expired or insufficient shelf-life stock | Owner: Warehouse/DC,Expiry / Short Expiry,Warehouse/DC,Stock Shortage; Expiry,1099830617,,,,,,10950,,0.0,1.0,0.0,0.0,0.0,0.0,0.0,1.0,0.0,0.0,0.0,168,Closed,>15 Days
6077575-20260113-115741,2026-01-13 11:57:41,2026-01-13,,South Branch,L5 IN Andhra Pradesh Purina,2032,6077575.0,Blitzhaus Pet Mart.,LR ON 129055,BI-Damages,Closed,INPRAKASMA1,2026-02-13 00:55:56,,Closed,Pet Food-Distributor,Glovis India Private Limited,2026.0,1.0,Jan,2026-01,Q1,1.0,Closed,Other Problem | Transit Damage | Damage during transportation | Owner: Transporter/Logistics,Transit Damage,Transporter/Logistics,Damage; Transit,1099830616,,,,,,,2 PC,1.0,0.0,1.0,0.0,0.0,0.0,0.0,0.0,0.0,0.0,0.0,168,Closed,>15 Days
6204243-20260113-193416,2026-01-13 19:34:16,2026-01-13,,South Branch,L5 IN Karnataka Purina,B929,6204243.0,GM VENTURES,Damaged goods received from CFA,BI-Damages,Closed,INPRAKASMA1,2026-02-26 13:57:52,,Closed,Pet Food-Distributor,Diptab Ventures Pvt ltd,2026.0,1.0,Jan,2026-01,Q1,1.0,Closed,Other Problem | Transit Damage | Damage during transportation | Owner: Transporter/Logistics,Transit Damage,Transporter/Logistics,Damage; Transit,938396265,,KA40A9669,,Supercoat adult 20 kg -2 bag,,,,1.0,0.0,1.0,0.0,0.0,0.0,0.0,0.0,0.0,0.0,0.0,168,Closed,>15 Days
6204243-20260113-194314,2026-01-13 19:43:14,2026-01-13,,South Branch,L5 IN Karnataka Purina,B929,6204243.0,GM VENTURES,Damaged goods received from CFA,BI-Any other,Closed,INPRAKASMA1,2026-02-26 13:57:52,,Closed,Pet Food-Distributor,Diptab Ventures Pvt ltd,2026.0,1.0,Jan,2026-01,Q1,1.0,Closed,Other Problem | Transit Damage | Damage during transportation | Owner: Transporter/Logistics,Transit Damage,Transporter/Logistics,Damage; Transit,938387399,,KA52A8965,,Supercoat adult 10 kg -2 bag,,,,1.0,0.0,1.0,0.0,0.0,0.0,0.0,0.0,0.0,0.0,0.0,168,Closed,>15 Days
6204243-20260113-194619,2026-01-13 19:46:20,2026-01-13,,South Branch,L5 IN Karnataka Purina,B929,6204243.0,GM VENTURES,Damaged goods received from CFA,BI-Any other,Closed,INPRAKASMA1,2026-02-26 13:57:52,,Closed,Pet Food-Distributor,Diptab Ventures Pvt ltd,2026.0,1.0,Jan,2026-01,Q1,1.0,Closed,Other Problem | Transit Damage | Damage during transportation | Owner: Transporter/Logistics,Transit Damage,Transporter/Logistics,Damage; Transit,938391950,,KA52A8965,,Supercoat adult 10 kg -2 bag,,,,1.0,0.0,1.0,0.0,0.0,0.0,0.0,0.0,0.0,0.0,0.0,168,Closed,>15 Days
3382314-20260106-103816,2026-06-01 10:38:00,2026-06-01,,South Branch,L5 IN Andhrapradesh 4,2032,3382314.0,Sri Sai Uma Generals,Invoice No : 1099828714 Date : 01/01/2026,BI-Stock Shortages,Closed,INPRAKASMA1,2026-05-02 18:28:00,,Closed,GT Distributors,Glovis India Private Limited,2026.0,1.0,Jan,2026-01,Q1,1.0,Closed,Other Problem | Transit Shortage | Shortage during transportation | Owner: Transporter/Logistics,Transit Shortage,Transporter/Logistics,Stock Shortage; Transit,1099828714,70422,,,,53261519VA,,,1.0,1.0,0.0,0.0,0.0,0.0,0.0,0.0,0.0,0.0,0.0,29,Closed,>15 Days
601383-20260106-164843,2026-06-01 16:48:00,2026-06-01,,South Branch,L5 IN Karnataka 2,B929,601383.0,Pavan Agencies,STILL VEHICLE NOT RECEIVED,BI-Transport Delays,Closed,INPRAKASMA1,2026-05-02 18:28:00,,Not Related to DC,,,2026.0,1.0,Jan,2026-01,Q1,1.0,Closed,Other Problem | Transport Delay | Delivery / logistics delay | Owner: Transporter/Logistics,Transport Delay,Transporter/Logistics,Stock Shortage; Transport Delay,,,,,,,,,0.0,1.0,0.0,0.0,0.0,0.0,0.0,0.0,0.0,0.0,0.0,29,Closed,>15 Days
6775174-20260106-124820,2026-06-01 12:48:00,2026-06-01,,South Branch,L5 IN Kerala 1,2040,6775174.0,Libra Consumables Private Limited,Invoice no: 1054166401,BI-Stock Shortages,Closed,INPRAKASMA1,2026-02-13 00:55:56,,Closed,GT Distributors,BlueWave Supply Chain,2026.0,1.0,Jan,2026-01,Q1,1.0,Closed,Warehouse Problem | Stock Shortage | Short or not-received quantity | Owner: Warehouse/DC,Stock Shortage,Warehouse/DC,Stock Shortage,1054166401,,,,,,,3 CASE,0.0,1.0,0.0,0.0,0.0,0.0,0.0,0.0,0.0,0.0,0.0,29,Closed,>15 Days
4685760-20260105-121032,2026-05-01 12:10:00,2026-05-01,,South Branch,L5 IN Tamil Nadu 1,B744,4685760.0,Prem Agencies,"INV NO: 959151988, DATE: 04/01/2026, BILLED SKU: MAGGI CUPPA CHILLI NDLS 48X70G N2 IN:   RECEIVED SKU: MAGGI CUPPA MASALA NOODLES 48X70G, QTY:1 CS",BI-Any other,Closed,INPRAKASMA1,2026-05-02 18:28:00,,Closed,GT Distributors,M S P Transports,2026.0,1.0,Jan,2026-01,Q1,1.0,Closed,Warehouse Problem | Wrong SKU / Product | Billed chilli noodles but masala noodles received | Owner: Warehouse/DC,Wrong SKU / Product,Warehouse/DC,Wrong SKU,959151988,,,,,,,1 CS,0.0,0.0,0.0,0.0,0.0,1.0,0.0,0.0,0.0,0.0,0.0,60,Closed,>15 Days
4766881-20260105-113635,2026-05-01 11:36:00,2026-05-01,,South Branch,L5 IN Hyderabad 2,2032,4766881.0,Balaji Agencies,EVERYDAY CREAMER 390/- 6CS HORT RECIEVED IN INV NO 1099829004 DT 02.01.2026 CODE 12426635,BI-Stock Shortages,Closed,INPRAKASMA1,2026-02-26 13:57:52,,Closed,GT Distributors,Unity 3PL Services Pvt Ltd,2026.0,1.0,Jan,2026-01,Q1,1.0,Closed,Warehouse Problem | Stock Shortage | Short or not-received quantity | Owner: Warehouse/DC,Stock Shortage,Warehouse/DC,Stock Shortage,1099829004,,,,,,,6 CS,0.0,1.0,0.0,0.0,0.0,0.0,0.0,0.0,0.0,0.0,0.0,60,Closed,>15 Days
4776511-20260105-163942,2026-05-01 16:39:00,2026-05-01,,South Branch,L5 IN Tamil Nadu 1,B744,4776511.0,Visalakshi Corporation,CODE-13680299,BI-Stock Shortages,Closed,INPRAKASMA1,2026-05-02 18:28:00,,Closed,GT Distributors,Transit Shortage,2026.0,1.0,Jan,2026-01,Q1,1.0,Closed,Other Problem | Transit Shortage | Shortage during transportation | Owner: Transporter/Logistics,Transit Shortage,Transporter/Logistics,Stock Shortage; Transit,,,,,,,87,,1.0,1.0,0.0,0.0,0.0,0.0,0.0,0.0,0.0,0.0,0.0,60,Closed,>15 Days
4776511-20260105-171027,2026-05-01 17:10:00,2026-05-01,,South Branch,L5 IN Tamil Nadu 1,B744,4776511.0,Visalakshi Corporation,CODE-13679901,BI-Stock Shortages,Closed,INPRAKASMA1,2026-05-02 18:28:00,,Closed,GT Distributors,Transit Shortage,2026.0,1.0,Jan,2026-01,Q1,1.0,Closed,Other Problem | Transit Shortage | Shortage during transportation | Owner: Transporter/Logistics,Transit Shortage,Transporter/Logistics,Stock Shortage; Transit,,,,,,,15,,1.0,1.0,0.0,0.0,0.0,0.0,0.0,0.0,0.0,0.0,0.0,60,Closed,>15 Days
601559-20260105-105035,2026-05-01 10:50:00,2026-05-01,,South Branch,L5 IN Karnataka 3,B929,601559.0,Smruthi Sales,INVOICE NO-938395958,BI-Stock Shortages,Closed,INPRAKASMA1,2026-05-02 18:28:00,,Closed,GT Distributors,Delhi Punjab Roadlines,2026.0,1.0,Jan,2026-01,Q1,1.0,Closed,Warehouse Problem | Stock Excess | Excess quantity received | Owner: Warehouse/DC,Stock Excess,Warehouse/DC,Stock Shortage; Stock Excess,938395958,,KA15A3231,,,,185; 330; 25; 295; 23,1 CS; 4 CS; 2 CS,0.0,1.0,0.0,1.0,0.0,0.0,0.0,0.0,0.0,0.0,0.0,60,Closed,>15 Days
6969839-20260105-110221,2026-05-01 11:02:00,2026-05-01,,South Branch,L5 IN Karnataka 2,B929,6969839.0,Itagi Associates,TRANSIT SHORTAGES.,BI-Stock Shortages,Reopened,,,,Reopened,GT Distributors,Diptab Ventures Pvt ltd,2026.0,1.0,Jan,2026-01,Q1,1.0,Open / Pending,Other Problem | Transit Shortage | Shortage during transportation | Owner: Transporter/Logistics,Transit Shortage,Transporter/Logistics,Stock Shortage; Transit,,,,,,,100,,1.0,1.0,0.0,0.0,0.0,0.0,0.0,0.0,0.0,0.0,0.0,60,Reopened,>15 Days
7228376-20260105-132403,2026-05-01 13:24:00,2026-05-01,,South Branch,L5 IN Andhrapradesh 2,2032,7228376.0,Nahida Enterprises,invoice no 1099829263,BI-Stock Shortages,Closed,INPRAKASMA1,2026-05-02 18:28:00,,Closed,GT Distributors,Glovis India Private Limited,2026.0,1.0,Jan,2026-01,Q1,1.0,Closed,Other Problem | Transit Shortage | Shortage during transportation | Owner: Transporter/Logistics,Transit Shortage,Transporter/Logistics,Stock Shortage; Transit,1099829263,,,12607948,,,275,,1.0,1.0,0.0,0.0,0.0,0.0,0.0,0.0,0.0,0.0,0.0,60,Closed,>15 Days
7356847-20260105-112052,2026-05-01 11:20:00,2026-05-01,,South Branch,L5 IN Karnataka 3,B929,7356847.0,Shree Guru Enterprises,product name :milky bar choo strawberry sbg 64(9*11g),BI-Stock Shortages,Closed,INPRAKASMA1,2026-05-02 18:28:00,,Closed,GT Distributors,KKP Express,2026.0,1.0,Jan,2026-01,Q1,1.0,Closed,Warehouse Problem | Stock Shortage | Short or not-received quantity | Owner: Warehouse/DC,Stock Shortage,Warehouse/DC,Stock Shortage,938396712,5256,,,milky bar choo strawberry sbg 64(9*11g),,,1 CASE,0.0,1.0,0.0,0.0,0.0,0.0,0.0,0.0,0.0,0.0,0.0,60,Closed,>15 Days
7402251-20260105-104747,2026-05-01 10:47:00,2026-05-01,,South Branch,L5 IN Bangalore City 2,B929,7402251.0,Intelligent Retail Private Limited,"We have received ""12609760"" - 'MUNCH Cereal Choco Fills 144x30g IN', MRP-20, 1 cases shortage for Invoice# 938396702 dated 03/01/2026",BI-Stock Shortages,Closed,INPRAKASMA1,2026-05-02 18:28:00,,Closed,GT Distributors,KKP Express,2026.0,1.0,Jan,2026-01,Q1,1.0,Closed,Warehouse Problem | Stock Shortage | Short or not-received quantity | Owner: Warehouse/DC,Stock Shortage,Warehouse/DC,Stock Shortage; Commercial/Billing,938396702,,,,,,20,1 CASES,0.0,1.0,0.0,0.0,0.0,0.0,0.0,0.0,0.0,0.0,0.0,60,Closed,>15 Days
7459087-20260105-180255,2026-05-01 18:02:00,2026-05-01,,South Branch,L5 IN Bangalore City 2,B929,7459087.0,Sima Agency,Invoice No.938396752 Dated: 03/01/2026,BI-Stock Shortages,Closed,INPRAKASMA1,2026-05-02 18:28:00,,Closed,GT Distributors,KKP Express,2026.0,1.0,Jan,2026-01,Q1,1.0,Closed,Warehouse Problem | Stock Shortage | Short or not-received quantity | Owner: Warehouse/DC,Stock Shortage,Warehouse/DC,Stock Shortage,,,,12630048,,52660451AA,60,,0.0,1.0,0.0,0.0,0.0,0.0,0.0,0.0,0.0,0.0,0.0,60,Closed,>15 Days
5533884-20260104-093957,2026-04-01 09:39:00,2026-04-01,,South Branch,L5 IN Hyderabad 1,2032,5533884.0,Shri Hanuman Agencies,product code 12569989,BI-Stock Shortages,Closed,INPRAKASMA1,2026-02-13 00:55:56,,Closed,GT Distributors,Glovis India Private Limited,2026.0,1.0,Jan,2026-01,Q1,1.0,Closed,Other Problem | Transit Shortage | Shortage during transportation | Owner: Transporter/Logistics,Transit Shortage,Transporter/Logistics,Stock Shortage; Transit,1099828609,,TS12UC0209,12569989,,51840455BE,60,2 CASE,1.0,1.0,0.0,0.0,0.0,0.0,0.0,0.0,0.0,0.0,0.0,90,Closed,>15 Days
5533884-20260104-095319,2026-04-01 09:53:00,2026-04-01,,South Branch,L5 IN Hyderabad 1,2032,5533884.0,Shri Hanuman Agencies,Product code 12623305,BI-Stock Shortages,Closed,INPRAKASMA1,2026-02-13 00:55:56,,Closed,GT Distributors,TCI Supply Chain Solutions (A Divn.,2026.0,1.0,Jan,2026-01,Q1,1.0,Closed,Other Problem | Transit Shortage | Shortage during transportation | Owner: Transporter/Logistics,Transit Shortage,Transporter/Logistics,Stock Shortage; Transit,1099829034,,TS24TA1960,12623305,,51830455KD,60,1 CASE,1.0,1.0,0.0,0.0,0.0,0.0,0.0,0.0,0.0,0.0,0.0,90,Closed,>15 Days
1081682-20260103-130308,2026-03-01 13:03:00,2026-03-01,,South Branch,L5 IN Andhrapradesh 4,2032,1081682.0,Sri Sai Vasavi Agencies,avg logistics ltd,BI-Stock Shortages,Closed,INPRAKASMA1,2026-05-02 18:28:00,,Closed,GT Distributors,AVG Logistics Limited,2026.0,1.0,Jan,2026-01,Q1,1.0,Closed,Warehouse Problem | Stock Shortage | Short or not-received quantity | Owner: Warehouse/DC,Stock Shortage,Warehouse/DC,Stock Shortage,1099828864,1964406,,,,53380454B1,10,24 CASES; 340 CASES,0.0,1.0,0.0,0.0,0.0,0.0,0.0,0.0,0.0,0.0,0.0,121,Closed,>15 Days
6248455-20260103-071517,2026-03-01 07:15:00,2026-03-01,,South Branch,L5 IN Karnataka 2,B929,6248455.0,Sasnur Traders,1 pcs cerelac apple damaged during transit and loading,BI-Damages,Closed,INPRAKASMA1,2026-05-02 18:28:00,,Closed,GT Distributors,Diptab Ventures Pvt ltd,2026.0,1.0,Jan,2026-01,Q1,1.0,Closed,Other Problem | Transit Damage | Damage during transportation | Owner: Transporter/Logistics,Transit Damage,Transporter/Logistics,Damage; Transit,,,,,,53251530MB,,1 PCS; 6 PCS,1.0,0.0,1.0,0.0,0.0,0.0,0.0,0.0,0.0,0.0,0.0,121,Closed,>15 Days
6775174-20260103-111615,2026-03-01 11:16:00,2026-03-01,,South Branch,L5 IN Kerala 1,2040,6775174.0,Libra Consumables Private Limited,1054162920 18-10-2025 MAGGI 2-MINN Masala Pouch 12x560g NR IN  120/--  2 case,BI-Sealing Issue,Closed,INPRAKASMA1,2026-02-13 00:55:56,,Closed,GT Distributors,BlueWave Supply Chain,2026.0,1.0,Jan,2026-01,Q1,1.0,Closed,"Warehouse Problem | Packaging / Sealing | Packing, sealing, or case configuration issue | Owner: Warehouse/DC",Packaging / Sealing,Warehouse/DC,Packaging/Sealing,,,,,,,,2 CASE; 1 CASE,0.0,0.0,0.0,0.0,0.0,0.0,0.0,0.0,0.0,0.0,0.0,121,Closed,>15 Days
7031803-20260103-124711,2026-03-01 12:47:00,2026-03-01,,South Branch,L5 IN Hyderabad 1,2032,7031803.0,Sri Lalithambica Traders,Transport shortage,BI-Stock Shortages,Closed,INPRAKASMA1,2026-05-02 18:28:00,,Closed,GT Distributors,Glovis India Private Limited,2026.0,1.0,Jan,2026-01,Q1,1.0,Closed,Other Problem | Transit Shortage | Shortage during transportation | Owner: Transporter/Logistics,Transit Shortage,Transporter/Logistics,Stock Shortage; Transit,,,,,,,,1 CS,1.0,1.0,0.0,0.0,0.0,0.0,0.0,0.0,0.0,0.0,0.0,121,Closed,>15 Days
7031803-20260103-125008,2026-03-01 12:50:00,2026-03-01,,South Branch,L5 IN Hyderabad 1,0,7031803.0,Sri Lalithambica Traders,Stock received shortage,BI-Any other,Closed,INPRAKASMA1,2026-05-02 18:28:00,,Duplicate OTR,,,2026.0,1.0,Jan,2026-01,Q1,1.0,Closed,Other Problem | Duplicate / Non-OTR | Duplicate or invalid OTR record | Owner: Process/System,Duplicate / Non-OTR,Process/System,Stock Shortage; Duplicate/Non-OTR,,,,,,,,1 CASE,0.0,1.0,0.0,0.0,0.0,0.0,0.0,0.0,0.0,0.0,1.0,121,Closed,>15 Days
7031803-20260103-130740,2026-03-01 13:07:00,2026-03-01,,South Branch,L5 IN Hyderabad 1,2032,7031803.0,Sri Lalithambica Traders,shortage details,BI-Stock Shortages,Closed,INPRAKASMA1,2026-05-02 18:28:00,,Closed,GT Distributors,Glovis India Private Limited,2026.0,1.0,Jan,2026-01,Q1,1.0,Closed,Other Problem | Transit Shortage | Shortage during transportation | Owner: Transporter/Logistics,Transit Shortage,Transporter/Logistics,Stock Shortage; Transit,,,,,,,,1 CASE,1.0,1.0,0.0,0.0,0.0,0.0,0.0,0.0,0.0,0.0,0.0,121,Closed,>15 Days
7209865-20260103-145648,2026-03-01 14:56:00,2026-03-01,,South Branch,L5 IN Andhrapradesh 2,2032,7209865.0,Lakshmi Venkateswara Agency,lactogen2 -1cs shortage,BI-Stock Shortages,Closed,INPRAKASMA1,2026-05-02 18:28:00,,Closed,GT Distributors,Chirag Road Lines,2026.0,1.0,Jan,2026-01,Q1,1.0,Closed,Other Problem | Transit Shortage | Shortage during transportation | Owner: Transporter/Logistics,Transit Shortage,Transporter/Logistics,Stock Shortage; Transit,1099828289,,,,,,1,1 CS; 1 PC,1.0,1.0,0.0,0.0,0.0,0.0,0.0,0.0,0.0,0.0,0.0,121,Closed,>15 Days
601366-20260102-123313,2026-02-01 12:33:00,2026-02-01,,South Branch,L5 IN Karnataka 1,B929,601366.0,Pai Traders,DAMAGED STOCK RECEIVED IN INVOICED QUANTITY,BI-Damages,Closed,INPRAKASMA1,2026-05-02 18:28:00,,Closed,GT Distributors,Diptab Ventures Pvt ltd,2026.0,1.0,Jan,2026-01,Q1,1.0,Closed,Other Problem | Transit Damage | Damage during transportation | Owner: Transporter/Logistics,Transit Damage,Transporter/Logistics,Damage; Transit,938396200,,,12595279,,52580455HA,80,1 EA,1.0,0.0,1.0,0.0,0.0,0.0,0.0,0.0,0.0,0.0,0.0,149,Closed,>15 Days
601383-20260102-184610,2026-02-01 18:46:00,2026-02-01,,South Branch,L5 IN Karnataka 2,B929,601383.0,Pavan Agencies,Stock Not Received,BI-Stock Shortages,Closed,INPRAKASMA1,2026-05-02 18:28:00,,Closed,GT Distributors,Delhi Punjab Roadlines,2026.0,1.0,Jan,2026-01,Q1,1.0,Closed,Warehouse Problem | Stock Shortage | Short or not-received quantity | Owner: Warehouse/DC,Stock Shortage,Warehouse/DC,Stock Shortage,938395971,,,12585176; 12610495,,53220453J1; 535304515A,435; 129,5 CASES; 0 CASES; 2 CASES,0.0,1.0,0.0,0.0,0.0,0.0,0.0,0.0,0.0,0.0,0.0,149,Closed,>15 Days
601383-20260102-185140,2026-02-01 18:51:00,2026-02-01,,South Branch,L5 IN Karnataka 2,B929,601383.0,Pavan Agencies,MRP MISSMATCH,BI-Any other,Closed,INPRAKASMA1,2026-05-02 18:28:00,,Closed,GT Distributors,Delhi Punjab Roadlines,2026.0,1.0,Jan,2026-01,Q1,1.0,Closed,Warehouse Problem | MRP / Price Mismatch | Billed versus received MRP mismatch | Owner: Warehouse/DC,MRP / Price Mismatch,Warehouse/DC,MRP Mismatch,938395971,,,12559339,,52242814KA,25; 23,,0.0,0.0,0.0,0.0,1.0,0.0,0.0,0.0,0.0,0.0,0.0,149,Closed,>15 Days
601383-20260102-185406,2026-02-01 18:54:00,2026-02-01,,South Branch,L5 IN Karnataka 2,B929,601383.0,Pavan Agencies,MRP MISSMATCH OF STOCKS,BI-Any other,Closed,INPRAKASMA1,2026-05-02 18:28:00,,Closed,GT Distributors,KKP Express,2026.0,1.0,Jan,2026-01,Q1,1.0,Closed,Warehouse Problem | MRP / Price Mismatch | Billed versus received MRP mismatch | Owner: Warehouse/DC,MRP / Price Mismatch,Warehouse/DC,MRP Mismatch,938395933,,,12621098,,52230454UF,210; 185,1 CASES,0.0,0.0,0.0,0.0,1.0,0.0,0.0,0.0,0.0,0.0,0.0,149,Closed,>15 Days
6775174-20260102-121832,2026-02-01 12:18:00,2026-02-01,,South Branch,L5 IN Kerala 1,2040,6775174.0,Libra Consumables Private Limited,INV NO 1054166129 01/01/2026,BI-Stock Shortages,Closed,INPRAKASMA1,2026-02-13 00:55:56,,Closed,GT Distributors,BlueWave Supply Chain,2026.0,1.0,Jan,2026-01,Q1,1.0,Closed,Warehouse Problem | Stock Shortage | Short or not-received quantity | Owner: Warehouse/DC,Stock Shortage,Warehouse/DC,Stock Shortage,105000000000,,,,,,,1 CASE,0.0,1.0,0.0,0.0,0.0,0.0,0.0,0.0,0.0,0.0,0.0,149,Closed,>15 Days
6912092-20260102-132752,2026-02-01 13:27:00,2026-02-01,,South Branch,L5 IN Karnataka 3,B929,6912092.0,Intelligent Retail Private Limited,12629157 KIT KAT 2F MINI 24(42x13.2g) IN,BI-Stock Shortages,Closed,INPRAKASMA1,2026-05-02 18:28:00,,Closed,GT Distributors,DPR,2026.0,1.0,Jan,2026-01,Q1,1.0,Closed,Other Problem | Transit Shortage | Shortage during transportation | Owner: Transporter/Logistics,Transit Shortage,Transporter/Logistics,Stock Shortage; Transit,,297906,,,,53280454B1; 52710454X2,10; 95,1 CS; 2 PC,1.0,1.0,0.0,0.0,0.0,0.0,0.0,0.0,0.0,0.0,0.0,149,Closed,>15 Days
7083698-20260102-155612,2026-02-01 15:56:00,2026-02-01,,South Branch,L5 IN Bangalore City 2,B929,7083698.0,Intelligent Retail Private Limited,"We have received ""12591613"" - 'NESCAFE Ice Roast 24x90g IN', MRP-585, 1 cases shortage for Invoice# 938396204 dated 01/01/2026",BI-Stock Shortages,Closed,INPRAKASMA1,2026-05-02 18:28:00,,Closed,GT Distributors,KKP Express,2026.0,1.0,Jan,2026-01,Q1,1.0,Closed,Warehouse Problem | Stock Shortage | Short or not-received quantity | Owner: Warehouse/DC,Stock Shortage,Warehouse/DC,Stock Shortage,938396204,,,,,,585,1 CASES,0.0,1.0,0.0,0.0,0.0,0.0,0.0,0.0,0.0,0.0,0.0,149,Closed,>15 Days
7402251-20260102-104504,2026-02-01 10:45:00,2026-02-01,,South Branch,L5 IN Bangalore City 2,B929,7402251.0,Intelligent Retail Private Limited,"We have received ""12609760"" - 'MUNCH Cereal Choco Fills 144x30g IN', MRP-20, 1 cases shortage for Invoice# 938396064 dated 01/01/2026",BI-Stock Shortages,Closed,INPRAKASMA1,2026-05-02 18:28:00,,Closed,GT Distributors,KKP Express,2026.0,1.0,Jan,2026-01,Q1,1.0,Closed,Warehouse Problem | Stock Shortage | Short or not-received quantity | Owner: Warehouse/DC,Stock Shortage,Warehouse/DC,Stock Shortage; Commercial/Billing,938396064,,,,,,20,1 CASES,0.0,1.0,0.0,0.0,0.0,0.0,0.0,0.0,0.0,0.0,0.0,149,Closed,>15 Days
601780-20260101-165408,2026-01-01 16:54:00,2026-01-01,,South Branch,L5 IN Hyderabad 1,2032,601780.0,Vijeta Enterprises,"Inv No : 1099828657, Date: 01-01-2026",BI-Batch Related Issues,Closed,INPRAKASMA1,2026-02-13 00:55:56,,Closed,GT Distributors,Unity 3PL Services Pvt Ltd,2026.0,1.0,Jan,2026-01,Q1,1.0,Closed,Warehouse Problem | MRP / Price Mismatch | Billed versus received MRP mismatch | Owner: Warehouse/DC,MRP / Price Mismatch,Warehouse/DC,MRP Mismatch,1099828657,,,,,52580452JA; 53560452JA,1020,1 CS,0.0,0.0,0.0,0.0,1.0,0.0,0.0,0.0,0.0,0.0,0.0,180,Closed,>15 Days
6912092-20260101-195641,2026-01-01 19:56:00,2026-01-01,,South Branch,L5 IN Karnataka 3,B929,6912092.0,Intelligent Retail Private Limited,12609877 CERELAC STG 4 MU Dal Veg 24x300g ZS IN MRP 295 Batch 53490451DA QTY 2CS,BI-Stock Shortages,Closed,INPRAKASMA1,2026-05-02 18:28:00,,Closed,GT Distributors,Lets,2026.0,1.0,Jan,2026-01,Q1,1.0,Closed,Other Problem | Transit Shortage | Shortage during transportation | Owner: Transporter/Logistics,Transit Shortage,Transporter/Logistics,Stock Shortage; Transit,,A173523,,,,53490451DA; 52242814KBG; 52520455HAG; 53230451YA; 52303657,295; 25; 120; 84; 1290,2 CS; 1 CS,1.0,1.0,0.0,0.0,0.0,0.0,0.0,0.0,0.0,0.0,0.0,180,Closed,>15 Days
7459087-20260101-182140,2026-01-01 18:21:00,2026-01-01,,South Branch,L5 IN Bangalore City 2,B929,7459087.0,Sima Agency,Invoice No.938395936 Dated: 01/01/2026,BI-Stock Shortages,Closed,INPRAKASMA1,2026-05-02 18:28:00,,Closed,GT Distributors,Diptab Ventures Pvt ltd,2026.0,1.0,Jan,2026-01,Q1,1.0,Closed,Other Problem | Transit Shortage | Shortage during transportation | Owner: Transporter/Logistics,Transit Shortage,Transporter/Logistics,Stock Shortage; Transit,,,,12621098; 12629234,,52230454UF; 53361519KA,210; 20,,1.0,1.0,0.0,0.0,0.0,0.0,0.0,0.0,0.0,0.0,0.0,180,Closed,>15 Days
